ano,mes,sigla_uf,precipitacao_media_mensal_uf,temp_max_media_mensal_uf,temp_min_media_mensal_uf,umidade_max_media_mensal_uf,umidade_min_media_mensal_uf,pressao_max_media_mensal_uf,pressao_min_media_mensal_uf
2010,1,ES,22.55,27.831846792215348,26.437251417471117,72.312582109011842,66.147124723494159,993.42371069325873,992.94800040158611
2010,1,RN,61.666666666666657,28.522362821016117,27.474541636289658,74.347501770145328,67.765304616476215,1004.1994355937006,1003.660183013659
2010,1,PA,226.0823529411764,27.237583528025141,26.166846009742343,82.35709622542872,77.18288844753576,995.434881404757,994.82646958688372
2010,1,PI,116.04444444444447,27.072992418139666,25.917044112369805,76.544920249105559,71.149372111186281,981.71431283954178,981.14295405100881
2010,1,BA,63.142105263157895,26.50480171779655,25.174720634678728,73.001099225009952,66.6543993672367,968.65855360321063,968.09182505996023
2010,1,PE,115.12727272727274,26.128788377749682,24.928083219116143,74.288768163956391,68.496211587848364,964.91129078940719,964.38550250069738
2010,1,SC,250.31111111111096,22.683576829459369,21.668162288963593,85.61431674542105,80.566829640612923,942.64841470524493,942.12708851603361
2010,1,AL,86.966666666666669,27.234068282704825,26.09761921373341,77.352245296356486,71.983844310825418,999.41844290091433,998.91196073638389
2010,1,AM,174.78571428571425,27.378322300622777,26.323381709890224,84.803330834370868,80.215850987863362,1003.9884304693528,1003.102718343647
2010,1,TO,224.29999999999998,26.633758291266453,25.386282788079967,80.726868538394555,74.056740229791927,976.503662185995,975.90527437741252
2010,1,DF,273.20000000000005,22.881169272603675,21.537389530931325,78.262406526172683,71.444595513256289,893.45656016315445,891.97559483344628
2010,1,AP,429.19999999999953,25.602291105121296,24.570350404312656,91.25471698113212,87.030997304582186,1010.1595687331544,1009.6363881401618
2010,1,GO,173.6631578947368,24.94912719897977,23.613105917563693,79.812811885124077,72.95702126918377,931.39768015082586,930.61908185704544
2010,1,MG,111.26399999999995,24.845388240233504,23.459759774209903,75.618539205394626,68.962491953719464,930.93439404920343,930.41546662313874
2010,1,SP,231.49999999999983,24.433424004783642,23.285504935333115,83.546722164473778,77.773728287397375,942.84343459806769,942.30476936069056
2010,1,MT,189.02962962962951,25.919645371640918,24.76153735311534,86.462742570779568,80.95713650376419,966.02420836936074,965.40282074668642
2010,1,RS,207.67647058823525,23.827576436813803,22.656363970280445,80.655158516072248,75.81182372014608,971.93232630450768,971.392383886972
2010,1,MS,225.50999999999991,26.3396044353695,25.060416507250654,82.56123586293937,76.43810616399449,965.746829677562,965.16663914392336
2010,1,PR,187.49999999999989,24.19774014634341,23.062942272622294,81.622208788292809,80.031811262695342,945.92761003445617,945.38879568085611
2010,1,CE,83.657142857142858,27.634778406517594,26.443621089413426,73.193260397192745,67.188977390280968,983.57547026819191,983.00142891519124
2010,1,PB,101.275,26.302082072844758,25.221837138773122,75.352576826623434,69.896561125691576,972.90646246337224,972.38504517767069
2010,1,MA,147.35,27.295878448612591,26.241551073396831,80.612591241006669,75.851983999620074,995.77167054517213,995.20003147893749
2010,1,AC,223.79999999999987,26.20749853751801,25.136117185526917,88.169713311775908,83.666919361087139,986.5329516223693,985.86659663582384
2010,1,RO,263.39999999999981,26.162296453456449,25.149536920583181,86.650556908374,81.275573035358022,982.415167697306,981.75463606164055
2010,1,RJ,164.39999999999995,26.067607774297031,24.883801935239969,80.877928090749251,74.765264719515059,972.89997218351675,972.3953943287288
2010,1,SE,41.960000000000015,27.584948437858078,26.290716995682235,75.888126339069743,70.194789222693871,993.0157725954947,992.52106532659639
2010,2,GO,117.94736842105264,25.685069512847797,24.224973594312676,76.793773774695552,69.582112194473112,931.284688557857,930.47851288203424
2010,2,MG,83.276,25.244014126804569,23.768374993266534,73.112054392183069,66.288279862070553,931.03272835865118,930.49998528738422
2010,2,ES,93.4,27.611080377102404,26.267270359848489,74.272661295330323,68.386174020651509,993.61663708772471,993.131130713975
2010,2,AL,81.86666666666666,28.009999750300292,26.82820305169178,77.037560215412029,71.491506801359975,999.03679453262816,998.52801741967551
2010,2,PA,223.16470588235288,27.407707447466407,26.347251579985866,84.163932540259552,78.952435935129728,994.50905075962487,993.888354058255
2010,2,AC,186.71999999999994,26.40205579947575,25.412674191786806,88.793308868501569,85.106525120139764,987.09048931273139,986.44003000563328
2010,2,MA,139.33749999999998,27.784411414238605,26.760196685599556,81.504962592727821,76.957118837254029,994.93317247356163,994.34073682014161
2010,2,TO,136.72500000000002,27.19057976657437,25.91321433404697,80.075140062147923,73.318074909095955,975.94201124949245,975.32336996786455
2010,2,RJ,107.74545454545454,26.331163435193456,25.041491345323244,77.828465460043915,71.585902212773078,973.467336342984,973.00066542115985
2010,2,AP,432.59999999999968,26.168005952380948,25.131101190476183,90.769345238095241,86.270833333333385,1009.3766369047623,1008.8489583333333
2010,2,SP,101.22857142857143,25.387941245817885,24.08676047417309,77.9526137089402,71.46900904501571,942.67731599551485,942.15593282531688
2010,2,MS,131.87,27.224095704175987,25.952659092412016,79.507195185528531,73.459125818261839,966.15602923313088,965.58868173544124
2010,2,MT,170.04615384615377,26.47544113056275,25.262758307744814,85.131200466874361,79.28308730708963,966.42703510413253,965.80150530959781
2010,2,SC,158.12941176470579,23.639502973320461,22.54649807923477,82.644962549103084,77.492324705590136,944.56502276954018,944.06503861976989
2010,2,RS,185.39411764705875,24.707846399923611,23.538138926024956,79.9233941086894,73.46389338522296,972.16107676024967,971.6264100299212
2010,2,PR,121.01052631578943,25.145991575630479,23.940238352873305,77.690136972724346,75.487990748164947,945.51222842954121,945.00348370132019
2010,2,RN,42.733333333333334,29.087167774086375,28.031582225913617,75.7678917497232,69.845714017589017,1003.47576019749,1002.9330287929123
2010,2,CE,42.753846153846162,28.540724703622175,27.37963495720879,70.3215145316943,64.811772681980315,981.57937236993837,981.02999243011152
2010,2,PB,39.85,27.123065476190479,26.029408482142859,73.2769717261905,67.8803943452381,972.3855282738092,971.8555989583333
2010,2,BA,55.000000000000007,27.187822021237796,25.88436404093256,70.36635952053642,64.39782437670668,968.33272502033992,967.74317458758844
2010,2,SE,86.360000000000014,27.358898809523811,26.254255952380944,79.546130952380935,74.431845238095221,992.77776785714286,992.27476190476193
2010,2,AM,171.36923076923077,27.633534930754735,26.627301943088277,85.826128743660092,81.522111781647808,1003.0494577169919,1002.1859706956716
2010,2,PE,64.654545454545456,27.068116833320051,25.817368801954682,71.630257715188662,65.850262595277925,964.50365359333921,963.955501304677
2010,2,RO,199.45,26.653008029850291,25.525316459013414,86.660857663891662,80.831137358118156,981.93335357343472,981.26251348798166
2010,2,PI,80.444444444444457,28.317182567506855,27.14309318162503,71.94524624860712,66.416606001216849,980.86537598076518,980.27428099848532
2010,2,DF,223.0,23.650132391879961,22.171050308914378,75.035304501323864,67.984995586937288,894.8151809355694,893.4485436893209
2010,3,MS,77.714285714285708,26.997114324097122,25.621841502910268,75.152554596817,68.762727539985363,966.63945302453,966.085700680591
2010,3,MT,128.47999999999996,26.465494603476895,25.27185837441499,84.841412601290259,79.051770732347961,967.11962393486283,966.47757755730265
2010,3,RO,329.84999999999985,27.003254968317613,25.839697892204825,85.431965398181745,79.333037576259727,982.45671593721659,981.74526431460106
2010,3,RS,89.505882352941171,22.617677306421452,21.41900064459044,79.412335513368291,73.217238918414765,973.286535072343,972.80138885333
2010,3,ES,254.59999999999988,26.441599462365602,25.341666666666661,82.453461021505348,77.071068548387032,992.22001008064535,991.6909106182793
2010,3,SC,234.30526315789461,21.460352443556072,20.396643423181636,83.817202294190054,78.792129220833544,942.39553792940978,941.8921452904998
2010,3,PA,152.97777777777773,27.614309200057694,26.514833869398775,83.846406473967164,78.409136586051417,995.92305167405482,995.26744893148418
2010,3,PB,42.425000000000004,28.01756965097179,26.752208624582117,70.175562598590446,64.172436829766013,972.3752666418834,971.81355423016294
2010,3,MA,152.7375,27.901284541288419,26.822420923740395,81.424212121257966,76.692577757699738,995.64708356189681,995.02776812237892
2010,3,TO,169.82857142857142,27.766317896528832,26.527935211809051,80.649188349006977,74.211401150632341,982.88837299921681,982.20162462315523
2010,3,DF,420.40000000000003,22.87525218560862,21.585743106926682,81.999327505043652,75.765299260255517,893.08069939475433,891.626563550773
2010,3,AP,396.79999999999978,26.436827956989212,25.289112903225778,90.643817204301158,85.795698924731226,1009.9000000000003,1009.3362903225807
2010,3,GO,166.66999999999993,25.248840239467704,23.88216719537774,80.0952244479754,73.272937319234231,931.01240383228162,930.30310682331481
2010,3,MG,192.18399999999997,24.089597078123088,22.801166858162812,81.52722480432169,75.424306474679668,930.214341868979,929.66581942905577
2010,3,SP,113.88965517241378,24.391957749280863,23.118761236544561,78.980810226905291,73.1661452995604,942.39436803421506,941.87986571552062
2010,3,PR,149.77142857142852,23.728824323166151,22.462848150415443,77.763554407333061,75.2220483174045,947.88959769000439,947.33866963332025
2010,3,AL,62.433333333333344,28.527329749103938,27.2582779886148,75.411988720219284,69.581962892683947,998.574482790428,998.03225542905329
2010,3,PE,59.690909090909095,27.733268178403492,26.399026389469512,69.308156658891647,63.281755919205409,964.33777480063611,963.78554388649854
2010,3,PI,171.71111111111108,27.754808321965054,26.583250944995029,78.2291845082916,72.808781231241738,981.56940553572463,980.93726210789407
2010,3,BA,166.67368421052626,26.503038111230648,25.335836552206608,78.393684769606722,72.677316123176723,968.02797830523139,967.411569307459
2010,3,AC,147.47999999999996,26.183623991857885,25.217370096721059,88.909505722964667,85.864241774836643,984.87396308353811,984.18335477365633
2010,3,RN,47.500000000000007,29.431384408602145,28.312477598566307,74.686350694274509,69.931781685621218,1003.7193324372757,1003.1568324372764
2010,3,AM,143.6307692307692,28.032591197133286,26.946111943370287,84.1845391725783,79.499543235654059,1003.8483571182809,1002.9108993437866
2010,3,RJ,247.88333333333341,24.924978724417919,23.860196276497533,85.062236639867024,80.0167574691532,976.01422333613084,975.5064324438124
2010,3,SE,53.120000000000019,27.795268817204295,26.690806451612904,79.042741935483861,73.902688172043071,992.25666666666655,991.72825268817212
2010,3,CE,78.6857142857143,28.693773360812486,27.423058137312839,71.271708642086082,65.60804271343045,983.10299505898456,982.5072581090443
2010,4,GO,60.67,24.172843212459327,22.70136910158066,72.04403475127846,65.23595624128312,932.49967349488622,932.03900950139484
2010,4,MG,59.464000000000013,22.355095411419679,21.03085328721513,77.573306345680663,71.675326871866076,932.24684940180248,931.76761588207285
2010,4,SP,73.386206896551712,21.992045100585344,20.718665213402794,77.612962799624668,71.953080326622427,945.47039965338126,944.99279727028613
2010,4,RO,52.90000000000002,27.246181943459018,26.040121418779986,79.489170330963958,73.469388425818067,983.2972399010614,982.73835267988693
2010,4,MT,39.148148148148152,26.171488042207972,24.829110494713476,78.45434654775211,72.124436990636582,967.51105735045553,967.00434751874582
2010,4,RJ,230.16666666666674,22.774527715362645,21.733437877785292,84.53742966764365,79.741334889005955,979.05518864764838,978.57937659284039
2010,4,RS,120.62285714285714,18.968174053578736,17.75910654100818,77.720429860031757,71.372685702958975,977.958185322233,977.42216560770248
2010,4,BA,121.31578947368421,25.260650817540512,24.149894708668388,80.372387095173281,74.931255429935533,969.75082109648213,969.18223345174272
2010,4,AL,159.1333333333333,27.518212492153161,26.402993957940993,81.654759102322643,76.393369428750773,999.06767459196476,998.54305280916526
2010,4,PE,141.65454545454546,26.9110606060606,25.666868686868696,75.867424242424249,70.268686868686842,964.474722222222,963.89609848484849
2010,4,MA,200.87499999999994,27.630053586088643,26.537961813167492,83.164439478951593,78.46720392068768,995.66864130233569,995.06669392274023
2010,4,AP,432.7999999999999,26.39972222222222,25.429444444444446,91.534722222222257,87.350000000000051,1009.6300000000005,1009.0413888888889
2010,4,AC,80.76,26.308546937920315,25.211545173170357,84.87600112085471,81.247387948597392,986.000759658003,985.38926680260033
2010,4,MS,46.320000000000007,24.489663088337373,23.083664556501454,72.308917315465791,66.436660841123356,970.00259567561466,969.51242498845386
2010,4,PR,124.04999999999997,21.132373081745122,19.921561442765636,78.226534505835616,72.9465996881038,950.19254940029441,949.68490205628314
2010,4,PI,126.49999999999999,27.349408166900929,26.190456815266156,78.792521564464664,73.556509077127984,981.777300419086,981.19427348634815
2010,4,CE,149.0,27.415224897663826,26.325769777420039,79.315569435016968,73.831723545956422,981.39029527166042,980.81807545519928
2010,4,TO,91.4,27.621957539411017,26.228436134403839,73.547316403514856,66.821605131311657,976.68371029759726,976.1616770958891
2010,4,PA,328.61111111111086,27.026434188490708,26.036223271154757,86.610883454570782,81.918328815852092,996.137705636506,995.48556166691515
2010,4,AM,231.53846153846146,27.254171293590726,26.300449632156116,86.879514678517225,82.889674481219672,1004.4237407461608,1003.5676591157991
2010,4,SC,247.157894736842,18.674068187233463,17.659387523979749,80.844345406784953,76.280378635234044,945.99766359610339,945.453033744224
2010,4,ES,151.27499999999998,24.205106646825392,23.132209821428571,83.421887400793651,78.235478670634919,994.98885912698393,994.50996775793647
2010,4,DF,323.4,22.132499999999986,20.756875000000004,73.206250000000068,66.802083333333343,894.28340277777784,892.84486111111073
2010,4,PB,118.99999999999999,26.932106539207538,25.85078112011638,76.873927594208908,71.564786817678026,972.41313552057352,971.86153102486855
2010,4,SE,283.64,26.492249999999995,25.528305555555555,84.9653854875283,80.519614512471676,992.87466666666671,992.37008333333279
2010,4,RN,163.7,28.518078703703704,27.500949074074072,82.1011260864459,77.237289072899571,1003.5281944444444,1002.9604861111113
2010,5,TO,14.925,27.782053321549569,26.306237203564582,71.6324711850052,64.869277047429676,976.77842806377953,976.28381375202559
2010,5,MG,30.007843137254909,20.990707280502317,19.606722492928704,76.6827548814554,70.96199818297967,932.32222196468126,931.84471768507035
2010,5,MT,18.844444444444441,24.988072295846557,23.522793536081203,73.8872550302734,67.681797916515379,967.542440762211,967.04515844920013
2010,5,SP,32.234482758620707,19.257621231921494,17.94389702419808,77.961411691111479,72.379804196752119,945.48224740012586,945.01463109091
2010,5,CE,44.446153846153848,27.674446439256521,26.457708814490807,73.8978027936113,68.350495288821989,981.87570078490774,981.35215972048331
2010,5,RO,86.250000000000043,26.050517202521803,24.82213998066532,78.102092452063644,72.343709966549824,984.17089209354174,983.61993907502
2010,5,RS,142.49142857142854,15.737820051049885,14.838574787752265,84.703689492918812,82.1303589054047,978.20296191950558,977.68847783312549
2010,5,ES,63.85000000000003,23.239714143092435,22.073869291796527,81.89443766481979,76.1951168111754,995.42118784573336,994.92871916426907
2010,5,PR,71.663157894736855,17.396929438698365,16.255972556110088,83.565072216931426,78.836094765032115,946.81807654435852,946.3215686429786
2010,5,PE,34.28,25.827049440509597,24.599128920470164,76.337762407593061,70.881423067726274,964.91312865787756,964.41747189062721
2010,5,MA,102.74999999999997,27.875718508373119,26.727148790195322,81.240982930259179,76.36862946577169,995.95556154053952,995.41039839773032
2010,5,RJ,78.533333333333331,20.886363390658833,19.830431261040971,84.250511761777886,79.4796929387677,981.80330989201275,981.32378551426609
2010,5,PB,35.625000000000014,26.990991676015845,25.778041144675502,72.6499183797344,67.089781310014232,973.12818824104158,972.620423413219
2010,5,AP,586.20000000000016,26.095564516129038,25.18790322580643,93.24731182795702,89.53629032258057,1010.1169354838706,1009.5427419354839
2010,5,MS,97.84210526315789,20.122057093058277,18.799865306587588,77.7421433011304,72.2714416821952,971.55350362659465,971.03637922692724
2010,5,AL,63.933333333333351,26.640087118028379,25.511877646344324,82.743616815489872,77.618754857943813,999.91939142094793,999.4351304190501
2010,5,BA,46.692307692307686,25.221471334823249,24.020062664283433,76.089407980963415,70.7015646416975,970.50326174865143,969.85967653445084
2010,5,PA,150.87777777777774,27.757935286083047,26.646342621954368,83.333595771099553,77.9961336227254,996.42842505139367,995.83588608881212
2010,5,GO,10.620000000000001,23.142290420113056,21.534159101367408,67.244683294639728,60.443164739305082,932.88508583496207,932.42418728513326
2010,5,SC,251.53684210526296,15.709644307398086,14.808332066516792,84.003527294279579,84.395659283027456,945.35915046893911,944.83738618430527
2010,5,RN,43.533333333333339,28.403405017921148,27.400582437275986,79.536290322580641,75.25067204301078,1004.2211693548385,1003.7107974910394
2010,5,PI,39.888888888888886,28.0958714328556,26.697662150601946,69.248015471139567,63.656561122000589,981.975391467315,981.43574469842792
2010,5,AM,150.75384615384613,27.307438701183479,26.311337974429442,86.027126546007111,81.872516919032535,1004.9385087346917,1004.2009824935408
2010,5,AC,31.599999999999998,24.881586021505377,23.854737903225821,85.397849462365613,81.648185483871,987.5280465949827,986.98785842293887
2010,5,SE,125.12,25.997759591311009,24.967493957944409,84.858951612903226,80.290750517373624,993.73514609473341,993.26644973154475
2010,5,DF,49.599999999999994,21.883870967741927,20.290927419354823,70.0470430107527,63.03830645161284,894.41438172042945,892.84986559139861
2010,6,TO,7.5999999999999988,26.562918390511616,24.916499567809954,63.564982670267426,56.853252502208342,981.32032399507921,980.8490726784969
2010,6,MG,8.04705882352941,18.764317872027654,17.233494024094139,72.458074330778871,66.579508165176435,936.09683718960866,935.64118020194894
2010,6,PR,32.588888888888896,17.111155049510156,15.851899738994078,78.113680333187162,73.056946489325838,949.54366039650006,949.08210293789386
2010,6,PA,93.322222222222223,27.310671779318113,26.133413600374219,79.23190412070106,73.615301968183957,998.22420301818386,997.718380107855
2010,6,PI,22.747368421052631,27.403034381931839,26.041088677152661,62.707517183475439,57.467952237563367,984.16384150030262,983.66690839887076
2010,6,RN,45.400000000000006,27.553402777777762,26.462731481481484,77.775584395871249,73.231010866238137,1006.506712962963,1006.0407407407407
2010,6,BA,43.487179487179489,23.273762727403462,22.067357793692643,73.665847530446314,68.437764791120316,973.86949969672514,973.2699666708869
2010,6,GO,3.8210526315789486,21.90211329481437,20.171039898465018,60.768408474170855,54.176825649473777,934.576689545031,934.13275274457885
2010,6,RS,95.331428571428575,14.198827438016593,13.239466787437919,81.6855487982283,78.951577596472475,979.81405143653672,979.29093054628709
2010,6,SC,79.480000000000018,14.851038773586705,13.880632228184581,84.282974931595831,80.07051125883288,951.840129321061,951.34995371681748
2010,6,AM,69.9142857142857,27.266479813078433,26.10430224914121,83.770760044103852,79.0668768064731,1006.3131201480143,1005.7568443581911
2010,6,CE,26.307692307692314,27.207289668998047,25.969890762330916,68.299963408678323,62.830014363938041,983.98324865397171,983.49395267882016
2010,6,SE,206.72000000000003,24.268530193236703,23.359124396135268,87.723986324506868,83.486997475572977,996.78363647342985,996.36294927536233
2010,6,DF,0.60000000000000009,20.045069444444437,18.442708333333321,64.227083333333368,57.718750000000014,897.13708333333318,895.52986111111113
2010,6,SP,19.693333333333339,18.152769901635487,16.6579997975383,72.716806272174153,66.666774390045774,948.92815577298006,948.481362700657
2010,6,MT,4.5133333333333319,25.097667832353256,23.365043542790506,65.90578249399033,59.435720430050324,970.81740062746428,970.32109629190347
2010,6,RO,31.450000000000028,26.491261402363804,25.118290854077358,72.945084987999536,66.70457221686226,985.65464726141261,985.17993969854967
2010,6,RJ,64.566666666666691,18.541131127257238,17.362516164715164,82.16480383137727,76.696376049360737,986.180777473243,985.72754357377448
2010,6,AC,16.1,25.295486111111117,24.058229166666678,82.939236111111086,78.6083333333333,988.93055555555588,988.44162037036972
2010,6,ES,24.150000000000009,20.76353195426001,19.546349700330715,79.0803824634133,73.3733953097514,1000.0504081139312,999.58943195138954
2010,6,PB,125.90000000000002,24.94519959991672,23.922973879749634,77.0966327014355,72.089231605920432,975.47817516908663,975.02746941650139
2010,6,AL,325.23333333333318,24.874059870469758,23.941538834227796,86.534381832637621,82.162157125819945,1002.6655104187372,1002.2352755830519
2010,6,PE,164.09999999999988,23.935988678804851,22.895359477124181,81.78271284271284,76.825834924879032,967.51372490662925,967.06824089635859
2010,6,MA,67.9,27.293919258743426,26.037174999032811,75.81430744228652,70.549925960402732,997.89242049675011,997.42221663668386
2010,6,AP,280.19999999999987,26.144583333333362,25.078333333333333,90.48749999999994,85.6458333333334,1011.7354166666671,1011.2166666666673
2010,6,MS,8.35,21.459136179584707,19.952424542241427,69.881382730000965,63.942129697214583,972.82584307003071,972.25681067982532
2010,7,MS,27.257142857142856,20.914226076091943,19.35799097037367,64.582557934167951,58.8701145256246,972.08734502529023,971.376707178052
2010,7,PB,51.724999999999994,24.3176105942595,23.178054335400251,74.3526098662228,69.000337250694557,975.69040742704578,975.24757409811173
2010,7,AM,65.171428571428578,26.852298017593128,25.712602220889025,82.071430774289652,77.288969629548447,1006.2190738926373,1005.6583279710413
2010,7,AC,13.2,23.717567204301066,22.404779345878151,80.105611559139774,75.754648297491059,988.82038381123,988.31884557945023
2010,7,RS,207.16571428571422,13.443795319361952,12.429365333583668,80.809902375526832,77.457836063456853,979.62889698033985,979.04310979675006
2010,7,MA,40.787499999999994,27.373779905913977,25.933332661290326,69.470219054019481,63.805563236047121,997.76016241039429,997.26961245519726
2010,7,RN,41.2,27.096258960573476,25.985035842293907,74.690188172043,70.392025089605724,1006.636693548387,1006.1625448028675
2010,7,AP,215.80000000000007,25.943279569892457,24.848790322580658,91.041666666666671,86.184139784946254,1011.3823924731179,1010.8420698924726
2010,7,RO,6.3499999999999988,25.364294219578191,23.823516794556213,66.841652108027944,60.544706713873254,985.47393168674739,984.9822822533788
2010,7,MG,11.247058823529414,19.945207317524304,18.451971486980881,69.711294872197172,63.924807254507272,936.53687041865737,936.08032802629793
2010,7,SP,38.889655172413789,19.97098494593692,18.502840246286109,68.445556821422869,62.397879825281755,953.05019663206645,952.57687528256611
2010,7,MT,2.8400000000000007,24.251290140563537,22.440854415413288,60.9029955037102,54.64720795907877,970.625334846183,970.03601635217285
2010,7,ES,120.775,21.071374701399449,20.054779828816677,84.80434975627125,80.100727985907369,1000.9532793318335,1000.5288956362596
2010,7,RJ,110.29999999999998,20.027145056916471,18.956425337365289,82.898661850271225,77.899234955680171,986.76695229492907,986.32674030689
2010,7,SC,123.1,14.988835306458483,14.006119036138193,82.432363626089042,78.0868836799225,951.81325944910316,951.27127763926046
2010,7,PR,53.744444444444454,17.553308990575982,16.337444832530434,77.038192137549544,72.026381416104371,949.26960849456862,948.76176704067825
2010,7,BA,115.13157894736838,22.616698163914606,21.457017351488073,76.519321724399774,71.294405210701,974.43580367985066,973.82459842061155
2010,7,PI,5.042105263157894,27.637684587726643,26.190789777198738,55.718737099389749,50.772630550590684,984.1175518611401,983.60857420618936
2010,7,PE,71.240000000000009,22.943978045299346,21.870380136134379,79.133398228822685,74.019976103409917,967.19537506452252,966.75402480301261
2010,7,AL,192.96666666666655,23.817137096774189,22.793615591397838,86.173163082437284,81.334005376344081,1003.2754928315413,1002.8527329749102
2010,7,TO,1.6444444444444444,26.782228278239923,25.08397752647814,56.31451798696898,49.939875596592771,981.1731190397345,980.67440928507324
2010,7,PA,50.255555555555567,27.43140744631571,26.190447388373968,75.688544242057446,70.101310886383487,997.80052877987089,997.28997757872992
2010,7,CE,3.4615384615384612,27.645004730272156,26.322700980500656,59.32417459241227,54.12212080001968,983.72131944509465,983.22418512660909
2010,7,GO,2.0,22.782321595186879,21.080328321333553,54.98508608294965,48.86176766677346,935.30278166812877,934.84139889433
2010,7,SE,143.36000000000004,23.557464692665697,22.524581126624931,86.2793532338308,81.1802038196116,997.39401661049578,996.97000802439391
2010,7,DF,0.0,20.133009034051433,18.640027797081324,59.164697706740768,53.453787352327993,897.23175816539288,896.40403057678952
2010,8,SP,6.5655172413793119,20.400373334437607,18.6520278561435,57.718929968198019,51.311260375657312,952.58995275830193,952.08518937500014
2010,8,MT,2.9548387096774191,25.828084182630807,23.825692859664528,50.440101009325652,44.056160606545859,969.433697170972,968.78898420938549
2010,8,RJ,19.666666666666664,19.499251748189796,18.292979689689751,77.542435610488312,71.7628950707424,986.00002566795183,985.52620621283825
2010,8,ES,24.275,20.579241940068755,19.340262319861871,77.4540246801737,71.625704226867867,1000.2836608014763,999.80025937815094
2010,8,AL,109.10000000000001,23.282612799654082,22.237756271536263,83.973677637037667,78.879512838883187,1004.1974200739157,1003.7466012998101
2010,8,SE,89.520000000000067,22.9933228322716,21.898089330752061,83.726496718421615,78.475182462831569,998.06709858349973,997.61826773209839
2010,8,RN,18.685714285714287,26.825901181357825,25.609752884614391,70.965761459307785,66.18612935884417,1004.5963398143703,1004.0821147531137
2010,8,RO,4.6999999999999993,27.7092909873975,25.927484263856726,52.209743013713535,45.392012326888093,984.81890627655491,984.273509119555
2010,8,MG,1.2470588235294118,20.29057744732399,18.525037401488788,59.007579981678795,52.92077602323922,935.79968707452235,935.29909082925724
2010,8,MS,2.0272727272727269,22.449804983871914,20.55216450522315,51.188684860981112,45.119329599202693,972.12837249558561,971.42171434785269
2010,8,PR,16.515789473684212,17.982006683773253,16.532202233528487,68.9472953061227,63.381181539321048,952.79709587731588,952.30231552253963
2010,8,RS,40.542857142857159,13.746152762022961,12.676366404154034,77.421584427853887,74.4214775627694,980.31520445948388,979.7704710304846
2010,8,PI,0.3473684210526316,28.459117693267768,26.880068642026842,47.19787924915569,42.517598799074349,983.96249573839225,983.39529844626281
2010,8,PE,48.727272727272748,22.828345486361325,21.697289778739012,75.08640973257566,69.950415897378534,967.62904822080452,967.14181161089448
2010,8,CE,0.39999999999999997,27.865871518759114,26.454995686102666,54.818511333595644,49.632825327438049,983.96123391550361,983.40889108363308
2010,8,BA,36.5846153846154,22.463724827612552,21.154773322682917,71.851509953386227,66.2317211049125,973.61439499044661,972.94879615924708
2010,8,GO,0.44000000000000006,23.667925023873853,21.738056628417048,43.274435310621968,37.382470260061737,934.83614532517322,934.33226130247522
2010,8,PA,45.221052631578942,27.821877338999,26.486865193828706,71.733236211711244,65.964994713172132,997.8616908307979,997.32075685126415
2010,8,TO,0.66666666666666674,27.36520190038582,25.430113267175908,47.836760293083721,40.952194546464163,980.72908265103615,980.17615141703629
2010,8,SC,62.320000000000022,15.073752390270908,13.993650767818696,77.941168320853,72.99466719567387,951.775867611751,951.26107307483244
2010,8,MA,4.2124999999999995,27.819353132872823,26.26391784617152,63.357893212344784,57.502593380113517,997.60494119110251,997.06056086400213
2010,8,AM,32.871428571428581,27.980677690213771,26.721963090833825,76.860583739207115,71.552951958485735,1005.5552684045474,1004.9766729670984
2010,8,AC,9.1,25.724529447648621,24.146753549245787,69.726784327861566,64.383091171251124,987.961742088139,987.40267659962524
2010,8,PB,34.95000000000001,24.295100756181817,23.02820231409568,70.176284724539912,64.488217124517377,976.34573310142446,975.85108583136287
2010,8,RR,22.6,29.505660377358495,27.949056603773581,73.283018867924525,64.839622641509422,1001.2971698113206,1000.6415094339623
2010,8,DF,1.0,21.299323410013542,19.578213802435737,46.18335588633289,40.686062246278738,896.31732070365342,895.836332882274
2010,8,AP,123.80000000000004,26.430027173913047,25.199999999999992,88.529891304347856,82.88043478260866,1011.2622282608688,1010.715489130435
2010,9,MT,8.63225806451613,28.712219776833951,26.919165664405995,52.760283978788692,46.775877558062255,966.95277482343329,966.24613171406941
2010,9,PA,23.242105263157896,28.459428166825713,27.190912384692552,70.917385049051973,65.489946092554362,996.42261691624469,995.83353793217361
2010,9,PB,23.399999999999995,24.859828610529433,23.605020077860139,67.639333717879126,62.002071344553052,975.19108902234871,974.65077858079962
2010,9,BA,32.168421052631587,23.969000824281348,22.611533056960948,67.529746241955337,61.935978551644858,969.44091407628775,968.72258074154013
2010,9,AM,49.246153846153845,28.8522055931195,27.583271025069511,76.916379813395153,71.251451242840929,1003.5962947960072,1002.9347067972059
2010,9,SC,89.4,17.090405614919838,16.059909361334459,80.409182742041651,75.199066440800465,948.74265622848156,948.06796774220345
2010,9,CE,0.057142857142857155,28.666141755561096,27.1991057377064,52.873854464442388,47.533719208903939,984.50016143055336,983.88433485806627
2010,9,SE,68.640000000000043,23.767302894694403,22.608994396065153,82.618862759286031,77.1664816158684,996.631680093263,996.14328445087654
2010,9,TO,12.355555555555554,29.7040888681359,27.845064698624928,43.284792070476904,37.07527446056983,978.68857179964,978.06523603337155
2010,9,GO,14.309999999999999,27.223620191225319,25.452537360041724,39.786845232528734,34.58863332197712,932.1148189222348,931.53678651449047
2010,9,PE,34.690909090909116,24.081078992287267,22.827472640170829,70.433619107064175,64.798317586201279,966.19109864289635,965.65453400486092
2010,9,AC,40.350000000000009,27.189201388888879,25.78177083333334,74.639236111111131,69.592708333333334,985.64851851851847,984.98629629629681
2010,9,MG,34.438461538461546,22.704708176591534,21.122804516294352,59.641848467026186,54.066814580815944,933.35867243168354,932.786670871812
2010,9,RS,182.21714285714282,16.4443949320941,15.43486175755392,80.1004882673182,76.651871771170732,976.43120562947445,975.73769558605147
2010,9,MS,77.485714285714252,25.437815940334463,23.864140666437805,55.822189051507053,50.650421675295469,968.83789096430166,968.19929621596054
2010,9,ES,56.624999999999972,22.409256587076424,21.209218353550263,76.0028397776091,70.585107689165241,998.20619510575057,997.65859914313955
2010,9,RJ,63.399999999999984,20.930105852672938,19.82988386664006,78.8241139648796,73.6230313813927,976.73127094561778,976.17183787281056
2010,9,MA,4.475,29.256248832994959,27.731481348011794,58.393737339780316,52.764907751788364,995.98464012629074,995.38545138504537
2010,9,PI,2.0421052631578944,29.844446018963705,28.269412405948543,43.983823748753927,39.510801680417678,982.25877101460833,981.64059866502737
2010,9,RN,9.3142857142857132,27.413008947961,26.14057227125533,68.222722923442149,63.598778616685436,1003.5535952160187,1002.9765709940125
2010,9,AL,97.73333333333342,24.007824074074065,22.871087962962971,82.3939814814815,76.981712962962945,1002.772662037037,1002.277152777778
2010,9,SP,73.50344827586207,22.72769635845345,21.237801075034643,61.992911888854543,56.700465087814258,949.83294614496913,949.221604167443
2010,9,RO,23.1,31.055148467351124,29.472967558921503,55.627620123519357,49.460264395299937,982.92268816153,982.14539366222039
2010,9,PR,68.929999999999993,20.443336838588177,19.143737038841824,71.306526316839012,66.07262513396573,948.973195563896,948.31822763603554
2010,9,RR,124.79999999999998,28.865277777777749,27.504166666666656,75.331944444444389,67.91805555555554,1001.3283333333335,1000.6393055555551
2010,9,DF,8.8,23.996180555555565,22.335416666666656,42.033333333333331,37.088194444444412,894.2471527777775,893.714236111111
2010,9,AP,18.799999999999997,27.375609756097557,26.012891986062712,83.874564459930355,77.87979094076654,1010.2592334494771,1009.6914634146342
2010,10,GO,136.48571428571432,26.102369410202808,24.628451002607783,66.399916181406212,59.257564024367134,929.47121234062672,928.85346987573951
2010,10,TO,121.04444444444445,28.896801553684814,27.439170941143921,67.124046818752163,60.244060242468969,977.87840664254566,977.18747319680165
2010,10,SP,83.933333333333366,21.931191738781493,20.56963694179197,72.294353264392115,66.000608073819365,947.20880761245576,946.61611817946357
2010,10,PR,154.21052631578948,20.278873813845973,18.972734495694436,74.205623722702612,68.2981665965927,948.77547948865174,948.15835093948817
2010,10,RS,68.262857142857143,17.440048861218429,16.188306974653777,75.348905539658858,69.49356830999065,975.88070381830062,975.313733564227
2010,10,SC,149.38000000000002,17.218775515779353,16.152054648570683,80.2174889631961,74.459491372604617,947.21253966692882,946.6093470801643
2010,10,RJ,170.876923076923,21.061008585877342,20.027114083769426,81.804805888730911,76.6920614411588,973.96082457344073,973.40527123938034
2010,10,BA,65.835897435897436,26.433480030401928,25.151108184890518,68.190390292260176,62.7031620954617,968.69172566653981,967.957727231648
2010,10,AC,84.55000000000004,26.512802419354845,25.284072580645169,80.064180107526852,75.470766129032285,985.29520609319047,984.59130824372767
2010,10,RR,45.6,29.413575268817198,28.068951612903227,72.002688172042937,65.241935483870961,1000.7333333333335,1000.0592741935488
2010,10,PB,43.100000000000009,26.570815947872827,25.298966222533902,69.256707281439944,63.673712891538045,973.132553325152,972.56598834151475
2010,10,AM,92.671428571428592,28.675317129351079,27.387571333437272,77.965980599623023,72.142067193465962,1003.5001509848331,1002.771292935515
2010,10,RN,20.971428571428568,28.461308684990371,27.296561445535616,70.21831122068437,65.767720351554274,1001.977116438061,1001.3781892619928
2010,10,DF,311.8,23.723051075268817,22.228293010752687,72.219758064516157,64.7385752688172,892.30423387096789,891.74153225806458
2010,10,MG,111.31538461538462,23.598407729342281,22.265490603157698,71.020954270988241,65.140309308219244,930.42937457817254,929.83540877241489
2010,10,MT,95.241379310344826,27.06092873689888,25.673036402431215,71.726829589938291,65.522660346415663,965.78085779004516,965.101333882008
2010,10,CE,23.957142857142863,29.143127170973138,27.696215620615252,58.280970976679136,52.749865743132652,983.66574198131684,983.01177230514872
2010,10,MA,41.325,29.02739146717073,27.735770305748972,68.3229817538114,63.029103656091621,995.47647640833975,994.84629764244539
2010,10,PI,61.477777777777774,30.187410730291969,28.643773401563084,53.18187592302737,47.987030792944743,980.8643780053053,980.20488627650082
2010,10,PA,88.7578947368421,28.265323820012359,26.994392772928112,75.035263178550238,69.279210016989666,996.19487670593082,995.54486289140607
2010,10,PE,44.016666666666666,26.675633933424649,25.347338386818144,65.996769453382825,60.251586303771042,964.81820523541342,964.23555177888079
2010,10,SE,48.440000000000005,26.044926365268619,24.879571708124033,77.077104642014149,72.001736468357251,993.91915738667319,993.38438918477277
2010,10,MS,90.463636363636382,24.709892471457803,23.254793974740522,65.347415155431946,58.813828905552278,967.1618773498775,966.54388568209765
2010,10,ES,94.800000000000011,23.093321374511053,22.166879562360258,77.8023171156825,73.086575252468919,994.08272030152534,993.51958376893037
2010,10,AL,66.233333333333334,26.110931899641574,24.946102150537627,78.431899641577061,73.366935483870932,1000.0496863799283,999.500873655914
2010,10,RO,77.35,29.604195243397072,28.015877420156908,67.9545879813702,60.5421038231858,983.13431450479561,982.4789778823972
2010,10,AP,15.0,27.763235294117635,26.261764705882349,83.02941176470587,76.867647058823536,1007.6919117647064,1007.1110294117648
2010,11,MS,125.05454545454543,25.200501390688178,23.746464939567559,68.089832506739583,61.286009387882636,965.25848518350085,964.65501280191256
2010,11,RO,58.750000000000028,27.62848506917198,26.382634416868115,77.538736394646861,70.992456766587338,981.02521255823319,980.22826593433683
2010,11,MT,199.91851851851843,25.640488227292746,24.424921739939098,81.203718912642174,75.2743586070181,963.10532140535315,962.42608750611873
2010,11,SC,134.12,19.661982567745309,18.461254573369455,77.906806125891279,71.980673996959567,944.44811027572007,943.93689694559168
2010,11,BA,99.752631578947344,26.33015470148781,25.077184552547017,71.595895911162046,65.882688257478989,968.29114144871426,967.57656318865679
2010,11,AC,117.99999999999996,25.452097026604065,24.360434272300473,84.738771517996852,80.843324530516426,985.281196531038,984.58245761606679
2010,11,MA,37.82500000000001,29.020300883460852,27.858560416541117,70.513414858940138,65.5338712367925,994.07258534339144,993.457701400922
2010,11,PA,97.499999999999986,28.122954804076315,26.961492150379378,77.240316868560114,71.802720065076571,994.56050517651533,993.92669354712893
2010,11,AM,114.67692307692309,27.609418234305547,26.465758126681219,82.987747956712781,77.894071412221678,1002.4284699795111,1001.7242328572977
2010,11,SP,96.046666666666681,23.383443269881628,21.997334368445983,73.0280691751785,66.248470258136408,944.98897078245568,944.43737420575178
2010,11,RJ,274.36923076923057,22.296119355862007,21.35403545392516,84.847277401897458,80.114812412078479,971.533340785032,970.99919924166261
2010,11,PR,90.850000000000009,22.255080010892371,20.807521980295132,70.889709460026154,64.231784703020978,946.53596481239947,946.00305461606672
2010,11,AL,5.6333333333333329,26.924752966976264,25.644498265680543,73.693977898176811,68.2750121832359,998.51577829377356,997.99419640809526
2010,11,PB,2.45,26.885809455441517,25.548003370397517,66.7995636811665,60.995214748289371,971.93486828975279,971.40392549486819
2010,11,RR,155.00000000000006,28.096666666666678,26.811805555555551,79.181944444444554,72.5597222222222,999.69208333333358,999.02624999999966
2010,11,AP,107.2,26.885277777777777,25.50222222222223,84.908333333333417,79.081944444444431,1008.089444444444,1007.5315277777779
2010,11,DF,487.19999999999976,21.568472222222219,20.385555555555541,84.243749999999977,77.931944444444468,891.34006944444479,890.77097222222289
2010,11,GO,223.59999999999997,24.212585009485554,22.957665577416506,79.945606981378333,73.12893908438636,928.45619377009416,927.84559961268678
2010,11,TO,201.84444444444443,26.695900186614324,25.537510374993214,79.528257398630416,73.4380406117053,976.95952342352018,976.31470686824321
2010,11,MG,259.09999999999985,22.900910488122538,21.738580793073464,81.070449002015181,75.195194423941132,929.0175695359834,928.438676002656
2010,11,RS,72.268571428571434,20.169831752109467,18.756389053018694,71.062355432055938,64.5746241366343,972.81373686219433,972.31333044055532
2010,11,PI,33.499999999999993,29.450558378513058,28.033125373520445,61.1065880783606,55.12402856354629,979.39534700970091,978.7725622220114
2010,11,CE,3.8142857142857141,29.529032903983072,28.044540442441193,56.08695885421384,50.418124137766995,982.116654672292,981.51546570816288
2010,11,PE,1.4833333333333334,27.918384014462898,26.422834273481769,58.556003029703653,52.61466191197573,963.317726668387,962.76898955544357
2010,11,ES,247.59999999999977,23.75710929926877,22.877576165865904,84.556770745528979,80.330584179767044,992.10657981720885,991.558511440026
2010,11,RN,1.5714285714285716,28.748507596232859,27.570598235697826,68.558938898819164,64.060651261520391,1000.6976670762949,1000.1346796453904
2010,11,SE,3.8800000000000003,26.479750000000003,25.24425,73.72638888888892,68.514722222222218,992.44305555555547,991.91822222222208
2010,12,SP,202.65999999999991,24.371883742759618,23.149248810761826,80.65628555261857,74.756068372721529,943.707137140865,943.1429030002
2010,12,ES,302.14999999999986,26.016526876293433,24.880178869267279,80.1519751099871,74.970484151362569,989.36597583268235,988.851375494761
2010,12,PR,236.48888888888874,22.945285898533665,21.799370844803121,84.106708169100031,78.637566703283113,944.38439492574742,943.80908160522722
2010,12,PI,95.411111111111126,27.549005133717273,26.341944060476457,72.243442928560214,66.603620432577472,979.18822575877209,978.620383683175
2010,12,PE,65.61666666666666,27.231093293921219,25.876110296342929,66.060740879752046,60.053920189218488,962.30214090865832,961.77337760440616
2010,12,TO,201.12499999999997,26.317680849951053,25.219661308300925,81.900397484992126,76.107987372660148,976.2907837866328,975.68774947004715
2010,12,AC,162.73333333333329,25.88615423910494,24.825687535591058,85.349487488694578,81.8333626436204,982.6744221686256,981.987079188021
2010,12,MS,109.70909090909093,27.017230382985925,25.69040914992523,76.191884512706437,69.614535109380739,963.184921741085,962.57825886459818
2010,12,AP,452.8000000000003,25.530376344086026,24.466935483870969,92.01209677419358,87.615591397849428,1007.8490591397851,1007.2814516129031
2010,12,SE,22.88,27.343858773270128,26.118331628244889,72.1764935042252,67.119871388184848,990.40814154249051,989.90705639874386
2010,12,PA,150.99999999999997,27.180904483095276,26.083043355150231,81.846190218022542,76.558420150639648,994.34722272735758,993.72704250039158
2010,12,SC,226.58947368421042,21.057937971266682,20.011510897693302,84.2529500178468,79.007753312809527,943.18504121492,942.62558732655168
2010,12,PB,76.575,26.619633513778922,25.427933298195402,71.903711296533714,66.275136484727611,970.84783429330469,970.3400594420292
2010,12,AL,20.133333333333333,27.855078873467363,26.575127685338654,71.62541580835962,66.219726898126254,996.94993034308891,996.43533451853625
2010,12,RR,99.000000000000028,27.85107526881718,26.620833333333341,77.473118279569889,71.31586021505376,999.524059139785,998.87997311827939
2010,12,MG,277.4196078431371,24.327081807055841,23.022082758408843,80.0251763853902,73.59589870641453,927.40680156578651,926.8532488997887
2010,12,MT,189.71111111111108,25.589756565108253,24.382725116994251,82.54373746434544,76.556740868447562,962.14239158123178,961.50238252149484
2010,12,RS,133.22285714285712,22.988236102140881,21.673953265758222,73.468319515954818,67.290841879849765,970.69882457839833,970.119353446554
2010,12,RJ,392.06153846153831,24.579862061839243,23.527529091658838,85.160148645313114,80.158421493533751,969.19418979391821,968.6794526934209
2010,12,MA,87.384615384615387,27.932127465064653,26.889524291497974,76.508668065405743,71.707734515920833,996.13207903443458,995.55995385486051
2010,12,CE,68.8142857142857,27.595040232100594,26.408863769675285,68.908224704350744,63.421810860916757,981.50450946717967,980.96926681872674
2010,12,BA,127.37435897435901,26.107854130587917,24.877159662108994,75.041440226228318,69.123410013429677,966.85478506454422,966.1747369387258
2010,12,AM,250.32857142857134,26.930955285215433,25.864349534360962,85.429968553421176,80.578789822040548,1002.2385777141719,1001.5357456331627
2010,12,GO,255.63333333333324,24.604635399499568,23.344218927177337,81.886541985650638,75.1980374841156,927.25610863386737,926.67637432601339
2010,12,RN,39.628571428571441,28.287751417879647,27.21347302833162,73.653470680421563,69.1549560062765,999.5639444339912,999.03670104529806
2010,12,DF,639.79999999999984,22.17056451612903,20.865255376344059,83.93548387096773,77.213709677419416,890.130645161291,889.5957661290322
2010,12,RO,220.59999999999985,26.072648739319227,24.910206076682975,82.277414829466707,76.4843674784424,980.44955464992,979.77262190320687
2011,1,GO,222.71764705882345,24.226435189001489,22.9540262513091,82.289103068144044,75.723069143369543,928.357038374102,927.79792987342557
2011,1,MG,177.39230769230764,24.194955749387148,22.870855253040681,78.857106534524362,72.3715994947598,929.2187751492603,928.71253654180941
2011,1,RJ,215.69230769230762,25.267525692404107,24.159574533393602,81.846400154744572,76.110824245943192,970.47359192546276,970.02036580784443
2011,1,SP,307.60666666666651,24.780830443766341,23.518000159292416,82.642861888783287,76.37258196433018,944.626146702291,944.05562998496373
2011,1,MT,302.75833333333304,25.014980552446421,23.8697823280915,86.51434671682641,80.943295064820035,963.06015898536828,962.42419563396436
2011,1,BA,94.128205128205138,25.912789438731437,24.641595965323663,75.86104613372477,69.656930545233436,968.11204622047421,967.45136112601938
2011,1,PE,85.100000000000023,26.620573190061972,25.313041118925128,69.218394315768649,63.010512274192472,962.86917570195658,962.34259750804779
2011,1,CE,190.64285714285705,26.427294063438595,25.308725597551433,76.566164286437655,70.840947419035189,982.15444707520157,981.6087002437755
2011,1,AM,298.8714285714284,26.401610566377574,25.407342926455371,86.488221494721287,81.909620938618929,1003.0623440537759,1002.3951968248176
2011,1,SC,239.83999999999995,23.133452025527177,21.956349896232371,85.575000733806078,79.831852442197246,943.16108345610417,942.64207421739764
2011,1,PR,222.9222222222221,24.401089417091114,23.092791454442555,83.988605234015267,77.6840081730959,944.94255093378615,944.3804187889076
2011,1,AL,75.766666666666708,27.431518983922977,26.181712295347268,73.955121497577011,68.33962486991004,997.56237743842769,997.06483735258735
2011,1,AP,464.99999999999972,24.86002691790042,23.786271870794089,91.958277254374181,87.496635262449516,1008.9152086137278,1008.3775235531629
2011,1,SE,85.90000000000002,26.871505376344089,25.551344086021519,74.301892059553353,68.893339700056629,986.593447580645,986.10077284946237
2011,1,DF,332.2,22.218682795698911,20.933064516129026,81.622983870967715,75.31922043010745,891.22668010752659,890.72244623655934
2011,1,RS,129.29142857142858,24.757350909105156,23.450276931901996,80.34859898054728,74.273616740666313,970.84933091870084,970.34037215476224
2011,1,MS,191.64999999999998,26.701978660689608,25.368807530408755,80.19491052036733,73.345510059405612,964.2665888834955,963.62264399442017
2011,1,PI,144.88000000000005,26.796689997151248,25.633758305518079,76.714061924396518,71.042142436088213,980.03718003143933,979.45194517892514
2011,1,PA,296.42352941176449,26.300674343282676,25.22202747553974,84.538194026706321,79.494665694435184,995.21654536038568,994.60174804615235
2011,1,RR,31.399999999999995,27.897983870967739,26.700672043010755,69.2459677419355,63.836021505376358,1000.318413978495,999.7075268817199
2011,1,PB,152.59999999999997,26.279839135553072,25.108447961131457,76.200090509786619,70.472146898799,971.175132017254,970.66013170261067
2011,1,MA,287.34545454545446,26.797494514155549,25.818600056936063,81.949475307078984,77.477632748715692,997.02029103845746,996.42533769829413
2011,1,RN,163.28571428571422,27.580599304237825,26.55449376524804,78.291316184012587,73.761836465042734,999.99714601969822,999.46521799042193
2011,1,RO,328.5999999999998,25.138966397849458,24.168764400921663,87.499368279569921,82.510051843317967,981.26460829493124,980.62029800307164
2011,1,ES,108.02499999999999,26.376948924731185,25.113272849462369,78.434307795698913,72.575940860215013,991.62688172042965,991.1674227150537
2011,1,AC,170.00000000000009,25.484793251158344,24.528571116356318,87.5479663869219,84.428981991432792,983.22975511408356,982.56169846577438
2011,1,TO,281.49999999999989,25.504894524284655,24.42081202490164,84.830066380974344,79.305869359496725,977.39616771022838,976.77670812719532
2011,2,SC,245.47777777777765,22.539340424194783,21.561332721020278,88.103343827423984,82.935093522544349,945.29192983428777,944.8238076707305
2011,2,MA,285.92857142857139,26.111779217251463,25.123635747572528,85.096666051396468,80.784162783327147,995.50528718695182,994.86627605501326
2011,2,TO,278.89999999999986,25.341974270527636,24.250302641854606,84.993047482584032,79.451158724754222,978.40520618504479,977.75678498467823
2011,2,GO,168.14736842105262,24.43802576397594,23.086551582647648,80.979483462740845,73.854556486854,929.634468494465,929.04792326125516
2011,2,AL,70.200000000000045,27.146983158448947,25.977249779399838,77.887114584986719,72.474332999694809,998.198641893298,997.70348433547611
2011,2,RO,333.54999999999973,25.145174447791149,24.191381597819849,87.766646944922542,82.702031339644307,982.28261035212267,981.64232824153783
2011,2,PI,227.52857142857141,26.133284521652122,25.038269133045951,81.80600622518709,76.52485563289963,980.980928307591,980.35562053757394
2011,2,CE,186.25454545454542,26.359951759441614,25.245748179633562,79.518510820478909,73.6914280824738,983.0413122171708,982.47176621049948
2011,2,AC,129.73333333333343,25.111730057842362,24.203826506591344,88.7700581786386,85.949604856066713,984.574145228007,983.90097533292942
2011,2,RS,173.82857142857131,23.509854806985533,22.412574004993548,83.385347118342139,78.383551577559018,973.17854418212448,972.71972597170588
2011,2,RJ,110.69999999999999,25.733858186395139,24.379145680402996,77.543672923923779,70.998759242406621,972.19868988302358,971.73164350422269
2011,2,MS,231.56249999999994,26.238339767848,24.960998946419096,82.7208594338047,76.278681304712748,965.22595170773332,964.62830585300651
2011,2,SP,201.06896551724134,24.743903802659922,23.45296746902487,81.156585164988655,74.608144249470769,942.677331480546,942.12921346429266
2011,2,MT,222.26086956521732,25.198585518921558,24.040044346119966,85.838146105557868,80.073694085410452,964.46866929382088,963.81989411571635
2011,2,MG,87.07916666666668,24.965994370771433,23.43478562112065,73.050183888667647,65.954189615707079,930.14518478815387,929.61525008351839
2011,2,PB,98.975,26.492021659165555,25.350018688472108,77.123554325083461,71.314264463876569,971.96231379073583,971.43003070918
2011,2,PA,288.75999999999988,25.9443074608719,24.924533381048825,86.925478364876227,82.126594275915934,996.14431498011163,995.47406621416644
2011,2,PR,209.16842105263143,24.161316189413711,22.970147646525515,85.368187071015356,79.773267618965932,947.50702312616488,946.9901164464768
2011,2,BA,75.536842105263176,26.136439100501867,24.837664607362996,74.595218435171091,68.515735475659469,969.06308579280858,968.37512900585909
2011,2,PE,105.56666666666666,26.647290774125075,25.34601988398277,71.626240330729033,65.575738083815864,963.58033326001146,963.03046504459269
2011,2,AM,310.45714285714263,26.224671608745773,25.253656857383959,87.160660397774379,82.7518382836799,1004.1315262875619,1003.4328663495257
2011,2,ES,113.475,26.832042310916542,25.47121187171777,75.592143810765762,69.690258853168686,992.74109989864985,992.27677246336316
2011,2,SE,46.850000000000009,26.86108630952382,25.60215773809524,78.287202380952365,72.513888888888886,987.27295386904746,986.78162202380963
2011,2,RN,131.45714285714286,27.675382653061224,26.675573979591839,80.354910714285722,71.45,1000.7088435374149,1000.1706845238097
2011,2,DF,355.40000000000003,22.3298363095238,20.851636904761914,80.462053571428669,73.011904761904731,892.27306547618991,891.736830357143
2011,2,RR,64.800000000000011,28.706994047619045,27.442559523809518,68.404761904761841,62.825892857142883,1001.0860119047618,1000.4194940476198
2011,2,AP,0.0,25.825000000000003,24.299999999999997,93.0,88.25,1012.025,1011.525
2011,3,SP,181.44516129032243,22.770797706763876,21.82252705230098,85.750397662776152,81.131963385821408,942.30101570374939,941.8132091296734
2011,3,CE,142.0333333333333,26.137064712304884,24.973790035143736,82.432211924426852,76.559568474097,982.98063838710686,982.38832756111447
2011,3,AL,53.199999999999989,27.977596505999244,26.758110297358254,75.9360969687356,70.336290929176059,997.61385054153709,997.067662576353
2011,3,PB,113.22500000000002,26.604071089533935,25.407224286246944,78.546672176664757,72.505348807337768,971.72819463285737,971.16984777623077
2011,3,SC,204.56666666666658,20.649258597429782,19.650791242284139,85.08380639082695,80.104734473116963,947.3062832284902,946.83827866952413
2011,3,MT,236.5076923076922,25.13710073681013,24.013156614817447,87.510236640747976,82.152927494956444,964.1165625101296,963.46228803764836
2011,3,RO,401.49999999999977,25.444659565773865,24.438967858305148,87.487239211805729,82.241564057614823,981.71953053073207,981.0463626192651
2011,3,PI,173.42666666666665,26.213538875466789,25.060923717041252,83.889186467245366,78.504119948247649,979.77898089513042,979.12803059519558
2011,3,AC,105.80000000000008,25.226803694092773,24.227065847549568,89.593748660386339,85.8738433543481,984.6050834090737,983.89709057832488
2011,3,AP,0.0,25.5,25.1,89.0,84.0,1013.2,1012.5
2011,3,DF,472.79999999999995,22.014276002719235,20.785384092454112,85.670972127804234,79.506458191706272,891.7899388171312,891.24534330387439
2011,3,GO,353.99999999999977,23.802387607783338,22.625287404898472,85.962382704357438,79.889334058487748,929.0100768518621,928.430634458868
2011,3,AM,315.55714285714271,26.464785872585772,25.495276114138193,86.391954795110451,82.075950516508541,1003.8117797493828,1003.1086365302069
2011,3,MG,302.14399999999978,23.127891833122835,22.000353264411448,84.679736987126716,79.127900463556159,929.56416049192376,929.02869433294813
2011,3,RJ,300.73333333333312,23.277751380837831,22.366641868470612,87.948428532891427,83.639083415075461,972.55291449477113,972.10317216108115
2011,3,MS,163.72499999999997,25.533341714934533,24.392903586521697,82.699498575577024,77.158385874300407,964.9325665402348,964.39013202637318
2011,3,PR,132.74736842105264,22.943949276413413,21.8173319238632,80.7440655476392,75.731005086202373,948.28494948336413,947.79880340703721
2011,3,RS,132.57142857142856,21.772825080970833,20.594087595536234,78.915806688531234,73.676431070543842,975.14230248866068,974.68098770837287
2011,3,SE,57.52000000000001,27.732431786689293,26.488583945066374,76.194247318700562,70.666529968898942,991.25521514218974,990.72573858327985
2011,3,BA,145.27567567567567,26.123278897585553,24.920329554202556,78.597878355847925,72.859054071041157,968.46695887834153,967.74232019229532
2011,3,RN,113.11428571428571,27.512159873710718,26.487187012152376,81.600046651609787,72.895816452491857,1000.5987591196692,1000.0397769390926
2011,3,MA,308.72857142857123,26.471680382192478,25.412692380414505,84.900073678581919,80.3551341326705,995.36844519435033,994.702532593093
2011,3,ES,368.42499999999973,24.952231544582496,23.9831203115446,86.20383107662478,81.747638236195215,991.71236755272014,991.218370858376
2011,3,TO,253.12499999999994,25.739754932609756,24.654695232442084,85.680490289781559,80.204749323718474,978.044445099893,977.38515106743216
2011,3,PE,95.850000000000023,26.649274064558302,25.341800134113505,74.122930233154591,67.610757245805786,963.27326360824236,962.70822849546482
2011,3,PA,311.72499999999991,26.3248839390436,25.2668009701475,87.620800034503418,81.657223774726361,995.71867677085345,995.021957245636
2011,3,RR,166.99999999999997,27.54054421768706,26.437414965986402,74.454421768707434,68.951020408163373,1001.2130612244895,1000.5217687074839
2011,4,GO,71.5904761904762,24.029508658013462,22.628244668791822,76.681203383858346,69.715930056351411,930.969459542078,930.48018420094149
2011,4,MG,80.667999999999992,22.514049355136915,21.198952424224505,80.832368767916719,74.741385307551667,932.07073407506641,931.588136545874
2011,4,MS,110.36842105263159,24.667847914633565,23.344537767012351,78.33743013948407,72.065646487298636,968.27508286963371,967.73590268959663
2011,4,SP,89.0344827586207,22.290637238990712,21.047097608163533,80.809605873070083,74.978763937940968,944.42087658671562,943.93033103165749
2011,4,RO,186.65,26.126041666666655,25.044305555555564,84.573958333333366,78.822222222222152,982.98763888888891,982.35559027777754
2011,4,PI,161.36249999999995,26.414040349660556,25.25878451184596,81.5333143181336,76.055124440454392,981.41954214632619,980.82727027668022
2011,4,AL,336.43999999999977,26.408556937756362,25.358421541525477,84.02752740604501,78.782749075623528,998.73343261399464,998.21615536383092
2011,4,PA,380.67058823529391,26.083794765118309,25.079972153922647,87.371745906210691,82.558993343373,996.02562737284359,995.37522747103935
2011,4,MA,281.99999999999994,26.580166705211226,25.500794226667693,85.132722227844425,80.475521365820441,995.82453952101957,995.19316943063279
2011,4,AC,233.1333333333333,25.599305555555556,24.567684523809522,88.876031746031757,85.063412698412719,985.45729166666581,984.80322668650774
2011,4,RN,202.79999999999995,26.95911929802574,25.947547558087322,81.527814611974676,76.025008257710851,1000.9020295612643,1000.3440981936169
2011,4,TO,158.29999999999995,26.377672983568193,25.171200647842557,81.926659769151485,75.996896554734832,978.77773333682558,978.1945414243803
2011,4,RR,22.599999999999998,28.486527777777756,27.271805555555567,71.447222222222322,65.801388888888937,1001.5293055555552,1000.8737500000003
2011,4,RS,134.70000000000002,19.556354160932241,18.341992850191698,80.309939254316419,74.646881504878664,975.617185413602,975.101307933139
2011,4,PR,74.285714285714278,20.867385998457863,19.648432597587671,82.29954500747651,76.91707557847954,945.79583438907468,945.29663787068409
2011,4,SC,88.147368421052661,19.109181284168905,18.154191698596911,84.335217379649848,78.75314215129228,948.10612843838771,947.607231106984
2011,4,ES,204.82499999999993,24.246857638888887,23.20897569444444,86.246875,81.4975694444445,994.969166666667,994.49519097222208
2011,4,MT,106.81666666666666,26.022957011975226,24.684872605870904,81.799601750606783,75.516702630276782,966.34390413854214,965.764908777907
2011,4,BA,126.18888888888884,25.249648510641151,24.043525325560182,79.524978178709077,73.761940842871823,969.677776893505,968.99362633199064
2011,4,CE,225.23333333333326,25.782981243759011,24.685603452588833,83.312987446182234,77.8649093711251,981.36588729053517,980.7883966104265
2011,4,PB,168.32499999999996,25.985207981809193,24.838203582742498,81.804567324593947,76.391522938680325,972.12981273538014,971.57444058455565
2011,4,PE,146.06666666666666,25.686736674522226,24.495155726832532,77.543803632603158,71.795672667386413,964.06079618039485,963.51687537024156
2011,4,AM,281.59999999999985,26.506937470309129,25.5341366667239,87.04563900479063,82.751733632102187,1004.3905803615653,1003.7120391911359
2011,4,RJ,177.60000000000002,23.326550349884549,22.214102508757559,84.4986760354432,79.237856378894392,974.94569980345273,974.47650360451007
2011,4,SE,190.99999999999994,26.240547592174565,25.078189177326308,81.014338723102853,75.385462616139819,992.6745990092802,992.17330417607207
2011,4,DF,141.80000000000004,22.10576388888888,20.710277777777776,76.816666666666634,70.277777777777786,893.625208333333,893.15847222222249
2011,4,AP,0.0,,,,,,
2011,5,GO,15.695238095238096,22.448179391090324,20.908644759651544,70.417259376310611,63.610671379959051,932.13564288942791,931.70101953951439
2011,5,AM,179.31428571428566,26.611872622001652,25.693491866556389,86.690213675213684,82.59387648194101,1004.7639546457125,1004.1630314309343
2011,5,MS,11.179999999999998,21.02559205652225,19.611855050709185,73.7125321292945,67.559290724335057,971.450388722351,971.01070291431711
2011,5,SP,15.866666666666671,18.818570632142769,17.460178959653266,77.395373456816657,71.490841643990422,946.34291362392412,945.9004934432113
2011,5,PI,93.12,26.880979010760566,25.728437084080234,74.649520189872149,69.3901764369604,981.97506017788794,981.43377782311461
2011,5,BA,59.227027027027042,23.916419090500007,22.790772650611821,77.413169045150966,72.173689285113866,971.57711359059681,970.93929119484767
2011,5,PB,222.85714285714272,24.789562385309605,23.808320355414541,83.737458230570255,78.824859939284153,969.78443088460176,969.28016689669369
2011,5,PE,204.03333333333345,24.16382629010722,23.201574288880426,82.59034062311693,77.885009873888379,965.32855228639482,964.83463608305919
2011,5,RO,29.45000000000001,25.835862222908986,24.68572515153889,77.988772830273263,72.351851476358277,983.98655507707292,983.47740541638473
2011,5,AC,140.46666666666667,24.792677213172926,23.746264867552284,86.652951727771011,82.603762373038307,988.06226757359764,987.51179845884633
2011,5,RJ,120.49090909090907,19.77522146085786,18.684372016090091,84.4576380101807,79.25753138209798,976.95924074997515,976.50142318083431
2011,5,RN,209.9714285714285,26.411119104070057,25.502751293501959,81.4130795324406,77.436030644667937,1001.7574294427666,1001.2459143647135
2011,5,SE,192.63999999999996,24.926935483870974,23.963172043010754,82.0924335863377,76.033341239721679,994.179247311828,993.71314516129087
2011,5,AP,0.2,28.7,27.0,92.0,81.0,1010.6,1010.3
2011,5,ES,39.300000000000011,21.809642737938834,20.639261299525771,82.121708662388045,76.654945471176916,996.722472440033,996.26747869395058
2011,5,PR,21.25714285714286,17.317957848593277,16.044782384726048,80.202996454979825,74.9559653870894,948.049608631857,947.61171112185548
2011,5,MT,16.740740740740744,24.70386585860194,23.289164585208841,75.305256320928123,69.249191750185915,968.27462546084985,967.80030660096611
2011,5,RS,74.123529411764736,15.674993151717663,14.629221322324021,83.0242761649327,78.139197362453032,978.82747623438661,978.358162237514
2011,5,MG,7.6509803921568622,20.3587480359648,18.911414282947096,76.750573110261143,70.613610210159067,933.21954568485341,932.756950309613
2011,5,CE,118.29230769230766,25.704912870184081,24.661753146056558,82.486970982446053,77.258310983598889,981.9452059125133,981.419218269692
2011,5,AL,273.95999999999975,25.0888971846112,24.177386511980011,87.452870966580662,82.849513069707257,1000.2202013379067,999.74634808475616
2011,5,PA,240.7529411764705,26.683035257770147,25.64365100665772,85.253900021858541,80.295024827069412,996.32183013766678,995.74708956506834
2011,5,SC,72.330000000000013,15.690658225669862,14.636231047544207,85.2242431066495,80.295121693904747,950.37335802519851,949.92469983180877
2011,5,MA,164.49999999999994,27.048770505012897,25.981072316261745,81.8798923980545,76.966787049326612,996.04615841081124,995.50037961843384
2011,5,TO,54.955555555555556,26.558685755971357,25.226459426163483,74.0530727376413,67.878410262001609,979.22850347720612,978.74096639483139
2011,5,DF,18.2,20.843039677202427,19.320107599193005,70.765971755211808,63.901815736381955,894.413248150639,893.99024882313347
2011,5,RR,622.39999999999975,26.369489247311861,25.419758064516159,86.249999999999929,81.549731182795668,1001.954973118279,1001.3130376344087
2011,6,MT,8.1285714285714281,24.635684533210327,22.976245379080556,67.825845735178987,61.344289874992583,969.61550678207664,969.12663238019263
2011,6,SP,44.173333333333339,17.069972131681933,15.582139928852568,75.5786732578287,69.22428734611519,946.56581968699447,946.07948379867184
2011,6,PA,76.662500000000009,27.115420041298218,25.922790207628914,79.485394324791741,73.909989495285686,997.69248114993263,997.184563520101
2011,6,AC,42.466666666666669,24.899361111111119,23.756194444444453,85.4247222222222,81.194166666666675,988.600451388889,988.09399305555564
2011,6,RS,147.27058823529407,12.892129157023573,11.91611707925686,83.68178396667065,79.265809723201286,977.24125818275434,976.68279981963587
2011,6,SE,80.440000000000026,24.009555555555565,22.976444444444439,82.257786028602823,76.507618261826224,995.99713888888846,995.56777777777756
2011,6,RN,107.79999999999994,26.341789130505898,25.295883792476552,68.03376764281667,63.869865729618851,1003.4172519254107,1002.9389508985223
2011,6,AL,69.559999999999988,24.664279966788932,23.615717777799738,84.606115698368455,79.413491510810459,1002.0755707493996,1001.6305935024396
2011,6,MA,36.3,27.29790983654248,25.965250391028004,75.1801682915058,69.573588382800509,997.2764073465072,996.77617206576269
2011,6,TO,2.0666666666666664,26.759231053855824,25.115686061906164,64.774035609474737,58.12278225290499,980.49532993091054,980.02001566382432
2011,6,RJ,50.854545454545466,18.666082526273659,17.523082765043821,82.473439360570254,77.158024328215859,977.49781865171781,977.00728051444526
2011,6,PE,65.833333333333314,23.671876714773621,22.579686972957781,78.727235196824367,73.770417157424632,966.96903991766828,966.51156938407837
2011,6,RR,420.19999999999965,26.629305555555565,25.470277777777774,85.788888888888948,80.0944444444444,1002.8824999999999,1002.2531944444451
2011,6,RO,13.333333333333336,25.793743961352664,24.451696859903379,69.335487117552347,63.2587962962963,978.65925523349506,978.17688003220587
2011,6,PR,119.38000000000002,15.246324951196538,13.962335179299243,79.927554901109474,74.6910743090722,947.54423894094248,947.01182538517924
2011,6,AM,85.671428571428578,27.226959797421085,26.109488254795586,82.688336810110783,77.8517647649777,1005.5440810778603,1004.9931396650079
2011,6,ES,43.550000000000011,20.912309772235073,19.832764652973005,81.799246024633831,76.963557983178546,997.956609386188,997.49372508191925
2011,6,SC,155.48999999999998,13.277950183308537,12.257588909244811,83.9963463752442,78.976587824276521,949.41599617909458,948.84605417751027
2011,6,MS,45.150000000000006,19.644883118392585,18.227325763656179,73.271162859685532,67.331332409314513,971.11063012819079,970.61050287240425
2011,6,BA,50.248648648648633,23.107260818613575,21.895501092522135,75.270561905061172,70.1158094631511,972.11050018971923,971.48427942031446
2011,6,CE,48.292307692307716,25.799223335447731,24.577549655174618,74.156779913507322,68.267416070009,983.39652569131556,982.92153666113722
2011,6,GO,22.219047619047622,21.374475373939454,19.759162109889765,66.956133305506057,60.2467190396378,933.1353774282943,932.68468344636449
2011,6,MG,12.351999999999999,19.124307886282455,17.607824826564,74.121477382730944,68.1117744862317,933.11300006875751,932.64516462719951
2011,6,PI,12.221052631578951,27.334033685151653,25.917908480829372,62.973714597381168,57.279606225378238,983.3715613032839,982.85731893365175
2011,6,PB,85.171428571428592,24.708103998088554,23.59093924445504,78.140925096030742,73.1540350689999,971.44132267774762,970.96886425644936
2011,6,DF,6.6000000000000005,19.982847222222219,18.308055555555558,67.781250000000028,60.87777777777778,895.41951388888936,894.99895833333289
2011,6,AP,,,,,,,
2011,7,GO,0.22857142857142862,22.400849380125436,20.635203856136503,57.479638939855462,50.780377370683411,933.22938595251333,932.76842182413714
2011,7,MG,4.1411764705882357,19.647946520362481,18.029097050553851,69.383848507684448,63.265028773631087,934.99238641310546,934.5250317754801
2011,7,SP,13.393548387096777,19.261478300356426,17.770555427958382,70.446691550327415,64.218318750638048,946.79684307195828,946.32132529709861
2011,7,MT,1.4142857142857141,25.389123035386667,23.548307481149532,60.941685427607652,54.275733784052967,969.55721851017745,969.05764633617468
2011,7,PI,13.0,26.822579364162241,25.329752472540779,57.841221052841476,52.4093316230388,983.728958707801,983.22025140098992
2011,7,RO,2.2,26.331547523777644,24.882683418937724,65.230748711084,59.171251230714759,978.40282294440317,977.91750828155841
2011,7,PE,102.26666666666658,22.815461999160949,21.750904059746475,79.1457842942974,74.301503903373529,967.463540243251,967.01053220409528
2011,7,PA,65.087499999999991,27.407246072864865,26.084121806179322,74.59676476085987,68.711959986999645,997.73462071550944,997.22836909723708
2011,7,AM,67.171428571428564,27.396473029742381,26.165256070903016,79.541262143332517,74.368247513326367,1005.4928014538418,1004.9495548716822
2011,7,RN,89.342857142857113,26.276210337020956,25.16982894850868,73.28541281097506,67.672277808467541,1003.9347747054959,1003.4489719667849
2011,7,AL,166.99999999999989,23.866956096335407,22.806881447169971,84.995869137994291,79.664185363501673,1002.9931268124197,1002.5549863024494
2011,7,RR,334.79999999999973,26.888575268817203,25.507930107526875,84.635752688172047,77.798387096774221,1002.7700268817199,1002.1440860215054
2011,7,ES,62.02500000000002,20.572544985274753,19.36404569892473,81.1214186348572,75.946803906351747,999.07100772080662,998.60771151264862
2011,7,RS,189.1393939393939,12.626488479640168,11.657778893686697,82.6068890984663,78.197724139219176,977.169284847285,976.57607885088578
2011,7,SC,212.49999999999997,14.009496608203513,13.096292299104176,84.22081051473404,79.945374227511081,950.00782489909886,949.45133734684782
2011,7,MS,44.285714285714278,21.348446600822196,19.845237017043079,66.802863105694016,60.720963010393234,970.69822891796707,970.17693764912133
2011,7,RJ,29.492307692307691,19.180685168964384,17.930904287532705,78.938667083723558,74.3620218729324,978.389756202295,977.9130989079481
2011,7,PR,154.54999999999998,16.930930993443912,15.727908305085023,77.700934277916261,72.704451300714283,947.52645878777525,947.00870152510765
2011,7,BA,46.378947368421052,22.55711419469899,21.228816865001683,72.761701375668636,67.162417342679063,973.41838088619147,972.777034806593
2011,7,SE,138.55999999999997,23.154944570037387,22.073662724980437,81.60782350760104,75.493298109010041,996.87239479175719,996.45071240182017
2011,7,MA,41.675,27.278950821589518,25.854666604332607,70.266047627069781,64.632076810362349,997.55683605159538,997.04822498367957
2011,7,TO,1.8666666666666667,26.732905404470568,24.972523562052153,56.875514945087581,50.281890197184083,980.64030356742444,980.15109577863075
2011,7,CE,56.723076923076931,25.739584044217587,24.486196795731278,68.979235413071933,63.323602829906541,983.63275418927253,983.15876463681923
2011,7,DF,0.0,20.249831876260931,18.470275722932062,58.36247478143914,51.582380632145259,895.73053127101514,895.29737726966982
2011,7,PB,156.85714285714272,23.898107679818576,22.755056321962488,79.471661823550619,74.649423664863434,971.88569166848731,971.41768848188508
2011,7,AC,13.733333333333329,25.15368279569892,23.850456989247313,81.191397849462362,76.4279569892473,988.41370967741921,987.90003360215019
2011,7,AP,,,,,,,
2011,8,MG,4.4392156862745091,21.888293991481934,20.149510051365088,60.475264188929813,54.298343413819268,934.15393599731965,933.64579767801331
2011,8,PR,150.77142857142852,18.343330993317643,17.066189902381456,73.928903016409549,68.521902550184862,948.14519350230523,947.55803872343063
2011,8,MS,24.478260869565222,23.010194600117039,21.416554842708813,58.932100519807193,52.891559536595274,971.90769987606757,971.35647001137545
2011,8,PI,2.8315789473684214,28.558706054164844,26.906934509471679,50.454698368697585,45.143095151201258,983.58743914281638,983.0251551282214
2011,8,PB,36.425000000000011,25.628123725610696,24.264140531066044,71.412355016164256,65.654602793414483,976.01160662245047,975.487247977959
2011,8,PE,38.218181818181812,23.895247438227678,22.642303825884309,71.067851798587981,65.703635441826037,969.40110909439886,968.90311935055809
2011,8,TO,1.0444444444444445,28.223599630283097,26.280100086418255,50.780921041105564,43.648068183215216,980.02654773786924,979.48589414301682
2011,8,ES,22.525,22.018873383468328,20.785299045312971,77.858428002115758,72.5557882925403,998.19178849470825,997.68954555436824
2011,8,GO,1.1047619047619048,24.787378257002867,22.887897097716603,45.308317994247304,39.126798221278712,932.60550622076016,932.10334878279457
2011,8,SC,278.18999999999977,14.837059927596446,13.859586097279882,81.75785917091,76.707972949486887,949.30309553088034,948.613583523394
2011,8,AM,67.314285714285731,28.197613041080789,26.825499677376047,75.13392268140197,69.474551763251242,1005.632572713087,1005.036125535361
2011,8,RJ,51.21538461538465,20.428416643018707,19.1953608692107,78.668839069256052,73.093263919974916,977.5227206990794,976.96639611489354
2011,8,SP,44.580645161290306,20.644117617856349,19.082425572828136,65.731434333752659,59.398299132228864,946.09435083162555,945.54741516676813
2011,8,MT,5.8142857142857141,26.782521878287525,24.846375475044336,53.132206279338007,46.7481986095846,969.64800449581344,969.07880276169885
2011,8,BA,30.866666666666671,23.711597100207374,22.296432250830708,68.5667092685653,62.770958698847323,973.50940206523683,972.829238715753
2011,8,SE,72.960000000000022,23.5717741935484,22.416747311827965,79.764935690212539,73.808023820987245,997.28550742413051,996.836436127874
2011,8,CE,16.138461538461538,26.865631130843749,25.435185659892404,62.960959042762752,57.372452060564449,983.98362590488682,983.45512461634166
2011,8,RS,148.47428571428563,13.956531735389719,12.977513296345068,81.659721048608631,76.953473367403063,977.25177455583832,976.5555993605866
2011,8,AL,76.960000000000022,24.103027190859013,22.912960348386516,81.650380496450481,75.855215101069888,1003.5904672317594,1003.1222895522008
2011,8,MA,12.699999999999998,28.085725723193736,26.581288563709,66.431754601973608,60.7141645149524,997.69270192430611,997.14425185618757
2011,8,PA,41.6,28.019329260135713,26.675815717791522,73.309731741432742,67.360045652051227,997.94339047572907,997.39626143424539
2011,8,DF,0.0,22.606819716407831,20.785617825793384,44.920999324780524,39.160702228224224,895.36968264686072,894.91006076975009
2011,8,AC,27.049999999999997,25.343817204301072,23.912177419354844,75.786021505376354,70.441935483870978,988.65278897849453,988.06851478494627
2011,8,RR,123.60000000000007,27.625403225806451,26.258602150537627,80.157258064516171,73.373655913978482,1002.8225806451611,1002.1797043010755
2011,8,RN,33.266666666666673,27.752578069449882,26.401381315934586,64.9735719917384,58.4002232283217,1007.1554031643361,1006.6026724215076
2011,8,RO,39.066666666666663,26.958241606014298,25.420263750361912,59.7106645800262,53.302388155070368,978.41688506504522,977.84978746717763
2011,8,AP,,,,,,,
2011,9,MT,38.979310344827589,28.144711923998553,26.390144903853582,56.448746551192563,49.736015558062256,967.05760960262364,966.31358455255008
2011,9,DF,14.0,23.615208333333342,21.855625000000003,40.227083333333333,35.190675017397353,895.32187499999907,894.82791666666662
2011,9,MG,3.184,22.249123151152759,20.513362249068411,55.664597104101958,49.8470575957028,934.80555572428136,934.27205725316423
2011,9,ES,36.02222222222224,21.854626527649003,20.55500548836407,73.100086491335333,67.300707855455769,995.44133521111075,994.91895959570934
2011,9,MS,45.339130434782611,24.708612986433632,23.051090722473678,57.399205411472558,51.22076197871975,972.08446218924291,971.51003400133288
2011,9,RS,79.914285714285739,16.028915432244254,14.860716128333559,75.821680703360514,70.163960802581272,979.27143994773439,978.71165848971862
2011,9,PE,19.383333333333336,24.055714535211969,22.806950076374964,69.498203802164227,64.1838267829267,968.34168277772665,967.80101057675881
2011,9,PI,0.57777777777777772,29.8234374493934,28.193995335482992,43.845785836769515,39.346656666622827,984.94681836304142,984.32109579329733
2011,9,AL,104.28000000000003,23.923578178694154,22.844263725249554,81.910378484154279,76.5413802978236,1004.0672104265533,1003.5726765600282
2011,9,PA,18.233333333333334,28.371835814229687,27.092751194949784,71.142181763648239,65.675165919508927,997.84487391560458,997.25432861074569
2011,9,PB,10.174999999999999,25.364099173804476,23.989969092617923,68.906083723499876,63.049600557221737,976.005246359809,975.4631820263977
2011,9,RO,79.533333333333346,27.369723249398362,26.04808101485003,70.656791101719776,63.926867259494038,978.17334250454917,977.52477732288583
2011,9,AP,,,,,,,
2011,9,RR,73.4,28.441805555555572,27.021666666666675,76.818055555555688,69.762500000000074,1002.5623611111112,1001.8737499999997
2011,9,GO,6.81904761904762,26.336734798446003,24.516466877323811,40.670595447175025,35.313411784679332,932.38221489752948,931.85075099949552
2011,9,SC,172.91999999999993,15.74423359852255,14.649993951282697,79.02120413923177,73.477152118459443,951.72765196120918,951.1629551918104
2011,9,PR,60.730000000000011,19.161211936603443,17.774170097112929,70.803610952328825,64.993900131386141,949.4275293733134,948.87330276066177
2011,9,AM,79.600000000000009,28.169522340002445,26.939751552557514,77.917668180983839,72.662818924375912,1005.0712508412873,1004.3642718658223
2011,9,RJ,28.123076923076923,19.852189866137788,18.663088940157159,76.265531086917591,70.937942896307618,979.31095228477773,978.66588127359921
2011,9,SP,8.27741935483871,21.756017754475575,20.089114966498478,60.748371380899776,54.586719887372269,946.78604494012131,946.25434589910151
2011,9,BA,25.738461538461546,23.803390373815191,22.360966473629297,64.3643508815257,58.657752479550425,974.05134326961888,973.48670175531515
2011,9,CE,0.91428571428571437,27.897917328042329,26.439185185185185,56.11965762845076,51.073306496041276,985.79217375543919,985.2092176128491
2011,9,MA,1.9375,29.05908466452783,27.471714842202005,60.585237359505015,54.750940274286442,997.36699623392815,996.7597570865363
2011,9,AC,81.750000000000028,26.413508687860361,25.115737104565998,79.076839644693777,73.954021349540326,988.48286523652359,987.7899584708473
2011,9,RN,3.9714285714285711,27.677044898686827,26.34430733200325,60.987299350812208,55.124097759789713,1004.5726127109148,1003.9827036019327
2011,9,SE,44.719999999999985,23.811277777777779,22.647305555555562,76.913724815479767,71.0353959704768,997.946388888889,997.45747222222246
2011,9,TO,4.3111111111111109,29.294896944967569,27.380271500313874,44.219206423938054,37.529572843921486,979.7141358024694,979.1131779661016
2011,10,MG,153.48461538461532,22.50082188332005,21.287539607026371,74.683119119234192,69.172730866007086,930.69869094987575,930.138212060896
2011,10,PB,30.974999999999998,26.439260817431283,25.079730899306561,69.390977103571672,63.292099996659445,972.763665114165,972.21320102507366
2011,10,PE,20.816666666666659,26.174264699594389,24.844613402180538,65.6375751171713,60.325676269192954,964.30795616258979,963.75783178844836
2011,10,GO,197.87619047619046,24.346824250746,23.061600964342393,74.074388284832224,67.535827284336335,929.48055763129366,928.88870560717942
2011,10,MS,162.88333333333333,25.561787804444904,24.191032444826217,70.35724879405717,64.039556132051771,968.11824134891265,967.50541037588982
2011,10,SC,158.5894736842105,18.916689625594117,17.828854636310446,79.856368213889908,74.128619147089239,946.40403426446824,945.81624070246255
2011,10,BA,98.616666666666646,25.42236845127556,24.212763350006171,70.796397496463541,65.435642015467408,969.46641842358122,968.89799864089139
2011,10,ES,190.59999999999994,22.606294311112055,21.636074319385955,82.050407207405186,77.265524317218976,990.39436638053257,989.85645560990588
2011,10,RN,13.0,27.982330331460265,26.789020445005168,65.5619655321645,60.149902865175243,1001.1355330412982,1000.5711388829118
2011,10,AC,120.89999999999998,25.942207448732972,24.813302146196015,86.595241971663867,82.129394419600828,985.32581046759014,984.60886836278371
2011,10,RO,118.29999999999997,27.5816917683996,26.056015710307872,77.283708242989846,69.693559756345451,981.54523356360039,980.82791734011232
2011,10,RR,107.6,28.488172043010746,27.092473118279546,75.251344086021476,68.698924731182771,1000.0944892473113,999.43870967741907
2011,10,AP,114.60000000000004,26.561633281972281,25.317257318952255,86.654853620955407,80.65947611710321,1008.3778120184897,1007.7998459167951
2011,10,RS,151.85142857142858,18.608152149832428,17.459146695346444,77.55490531695024,72.103996809380021,974.28145099848359,973.66429490598046
2011,10,TO,151.02222222222221,27.344124911067496,26.109030763128594,72.349180403422139,66.3421120304208,977.45929640449333,976.79796953140078
2011,10,RJ,186.19999999999987,21.572416692796441,20.484725605565359,81.358264467873653,76.346662195057533,973.95022788520225,973.13418790984122
2011,10,SP,161.1806451612903,22.547696215573538,21.222629887538183,73.55957561104205,67.535604496183211,942.66652694626816,942.10089872842616
2011,10,PR,211.15238095238087,21.094518603333327,19.837683784769048,76.555747959635,71.123547436867355,944.81800294853372,944.21264097776054
2011,10,MT,157.18571428571428,26.4150468408212,25.094927269232738,76.356015502388757,70.0358613849989,965.105774187149,964.33540691378687
2011,10,SE,91.600000000000009,25.570681491898863,24.491736105007185,77.236454173067088,72.116392729134631,993.27431425976386,992.76123091910586
2011,10,CE,40.357142857142854,28.07178950184425,26.711315611343572,62.133967493449553,56.884267697618469,980.80201993851585,980.21868602120276
2011,10,AL,33.440000000000005,25.809543553452286,24.643451816717086,78.509225591783775,73.323183041722757,999.5779094125819,999.05480756475026
2011,10,MA,74.4,28.906685806002685,27.547334174652832,69.273900728535153,63.828542953471924,994.91957376342589,994.29884961402684
2011,10,AM,149.15714285714284,27.580020763695558,26.459184824226124,81.566965932120411,76.424332898795143,1002.6920325760375,1001.9969846429351
2011,10,PI,67.65,29.587099996409538,28.136449178442643,56.53954745061916,51.0111603774911,979.08720860552216,978.46567393567193
2011,10,PA,129.35555555555555,27.840359660237009,26.650474274407827,75.796503602930045,70.413162452995522,995.05211343903954,994.41685316697749
2011,10,DF,514.40000000000009,21.453799596503025,20.250504371217211,80.227975790181588,74.16476126429049,892.31149966375324,891.75158036314735
2011,11,MT,180.49374999999995,26.025490263743261,24.740101550916958,80.175616164321809,73.9497200050031,964.87494746028324,964.1143914499944
2011,11,RS,57.228571428571442,21.106841330290777,19.804476007149379,69.782196427862218,63.725291712748671,974.61206126820571,974.10183191949727
2011,11,MS,131.11666666666667,25.838195525682185,24.395257110717257,67.802633515053543,61.112586628549849,967.94890949352634,967.36746668592036
2011,11,BA,136.35384615384615,24.363999726360987,23.303767459956184,77.361947262277468,72.11928917854533,969.57549020064494,969.04102436304231
2011,11,PE,32.066666666666663,26.486012649973915,25.14013742175274,65.800260271456438,60.570024496069848,964.19033206181575,963.658151897496
2011,11,RJ,148.4153846153846,21.055546921377051,20.039816167625148,82.305711402326992,77.420964809180774,974.08161699309869,973.326289601867
2011,11,PB,28.375,26.40272702991453,25.105992254273509,70.364463141025624,64.524919871794836,972.54934161324786,972.02859642094018
2011,11,RN,8.8857142857142861,28.3120634920635,27.094980158730159,65.466203703703712,59.83726851851852,1001.0535317460321,1000.5054563492065
2011,11,AP,102.60000000000002,26.223055555555568,24.984861111111115,88.5277777777778,82.602777777777874,1008.6338888888889,1008.0841666666663
2011,11,DF,639.59999999999945,21.242638888888877,20.036388888888908,82.186111111111131,75.98819444444436,891.9999999999992,891.479513888889
2011,11,TO,247.79999999999993,25.672380462274859,24.631246299977068,82.832681698630608,77.399926915011648,977.9288236141623,977.3126105447493
2011,11,SC,93.94000000000004,19.5308155418129,18.353674357095059,78.913302719318338,72.7978439852501,946.73443144477642,946.23377235544012
2011,11,PR,103.9217391304348,21.5669249293929,20.225367588169526,73.653698574244316,67.507986157247629,944.9536165514761,944.431594222571
2011,11,AM,133.50666666666666,27.371627710420313,26.298313189765384,83.164788388849757,78.003419254769128,1002.6496901691191,1001.9659888382213
2011,11,RR,107.60000000000007,28.406111111111098,27.113194444444431,76.520833333333258,70.343055555555551,999.99736111111122,999.34722222222365
2011,11,MG,201.06274509803919,21.885879202066842,20.678934569399445,77.507012556926512,71.749240148076055,930.51647609391739,929.987952237645
2011,11,CE,18.728571428571428,28.131962461245791,26.73368285795241,63.646465946557441,58.151791016518949,982.86544717756738,982.29806686618713
2011,11,AL,58.600000000000016,26.08833905648568,24.932544047770687,78.420660806159731,73.106663922517143,999.41508545879117,998.91538835480355
2011,11,PI,39.71764705882353,28.347731552872304,27.05079564794023,66.213449731726072,60.437869626422774,980.43082662590268,979.851842956506
2011,11,MA,84.719999999999985,27.670955314902269,26.579774450413797,76.591174440474717,71.6919998682624,994.87565407881573,994.30464821310136
2011,11,SP,122.29333333333332,22.382523339985685,20.96583817970626,72.165147820615516,65.281072478349813,942.37292182606268,941.858715768313
2011,11,PA,144.97777777777776,27.403365873880649,26.268079359552402,78.984130160904513,73.302280245502232,994.21441846360528,993.61192261193446
2011,11,GO,133.53333333333333,24.16117322119683,22.822302524185705,74.977061150656581,67.9235164723148,929.2766709874096,928.71404538653633
2011,11,ES,209.28888888888878,22.649111115051635,21.574593800364884,80.267927291319424,74.99313111520928,990.54454042589236,990.02026473462524
2011,11,SE,51.72000000000002,25.789653155929852,24.719243731675654,78.467576288454822,73.256591060487523,993.33688679377553,992.842705752299
2011,11,RO,149.70000000000002,26.552248526936044,25.376589856902349,82.4960858585859,76.545244107744139,981.187199074074,980.50357849326633
2011,11,AC,97.049999999999983,26.573967889198393,25.317052305787684,85.240591397849514,80.2681541218638,984.95339794181371,984.27518090374531
2011,12,RS,66.182857142857145,22.115781133357345,20.698132764168982,69.977074933816567,62.958824511867206,972.45721357176024,971.95794153881684
2011,12,AM,215.81249999999994,27.105497818557147,26.049876773090876,84.713776493680783,79.677713603130215,1003.0392476052467,1002.3739948437088
2011,12,SP,161.93333333333331,23.989560916901119,22.555937660048798,74.88173940434524,67.797932882229958,940.63935775379673,940.10107995701787
2011,12,MS,113.38333333333335,26.813880284274983,25.310675352838835,69.2704441325259,62.3611533843497,967.2217329006121,966.64834799991547
2011,12,ES,204.17777777777769,24.542824825247251,23.48312007084149,84.134651335794061,79.184032581833563,988.172789561536,987.6911651413983
2011,12,MT,240.7999999999999,25.6015940832835,24.418022392068522,84.638420637863234,78.728513707713,965.027068926183,964.28082078559487
2011,12,CE,11.914285714285713,28.841117754990286,27.350620976337925,61.691822612799,55.968577727477353,982.96579868292565,982.41531336067874
2011,12,PA,115.18749999999996,27.642033252715269,26.474853590891463,77.646533755055572,71.9810432150597,993.63579211386912,993.05089155335884
2011,12,MA,58.213333333333338,28.101088984829165,26.957255723240735,74.204067525730451,69.224096001995534,994.8245176330912,994.27009440713971
2011,12,AL,6.0333333333333332,27.27358870967743,26.00138888888889,71.558606745703543,65.924784027203415,999.02688172042986,998.5481406810037
2011,12,PE,14.333333333333332,27.61849616733479,26.175250938267318,59.0911997436362,53.971035666971105,963.9422446417459,963.43131411392812
2011,12,RJ,300.59999999999991,22.91046443981551,21.892824359241768,82.8373727781733,78.607380760435319,971.687027910505,970.92942909827059
2011,12,RR,35.0,28.71680107526884,27.348118279569924,71.1922043010753,65.1021505376345,1000.2547043010749,999.65954301075215
2011,12,DF,607.39999999999986,21.529771505376353,20.362836021505384,84.373655913978382,78.102150537634444,891.82668010752718,891.3014112903229
2011,12,SC,140.11,20.920197774811015,19.685495484739285,78.06274781472959,71.884070056937617,944.47192983316211,943.996420115824
2011,12,BA,97.0871794871795,25.735088000014336,24.489610154626853,73.967206746446209,68.087496695593742,968.82628834879358,968.30917309733593
2011,12,MG,306.94509803921557,22.945605845012324,21.776899259041461,82.540398490503165,76.687205973997123,929.54524855717159,929.005072432116
2011,12,PI,51.6875,28.95150432344537,27.47586717305343,62.592086954118678,56.6415322144693,980.19056124919393,979.61412619753776
2011,12,RN,12.942857142857143,28.469815668202767,27.282565284178173,65.106854838709666,59.717965949820787,1001.1471198156679,1000.6182987711213
2011,12,GO,265.22857142857134,23.90117221958603,22.673879556051993,82.9919781747487,76.183462346831931,928.94863705051216,928.37608500602755
2011,12,PR,88.252173913043492,23.380986397796644,21.878746470906737,71.839227419726882,65.177078298664782,943.135205448933,942.62247901496062
2011,12,AC,226.53333333333325,25.806317204301074,24.681935483870976,80.2462252766659,74.1958318617063,985.55225806451585,984.84846774193534
2011,12,TO,183.70000000000002,26.312911817990209,25.138263682907887,81.103027615296753,75.117172695063971,977.81235880516886,977.19805093599348
2011,12,PB,17.174999999999997,26.942725134408605,25.609290994623663,67.581317204301115,61.813676075268809,972.60525873655888,972.10124327956987
2011,12,RO,391.04999999999984,25.784140101521011,24.765349760850366,86.219112704235926,80.781842899318363,981.64968044038255,980.97626032938285
2011,12,SE,7.4,26.928269720310272,25.722379624631674,73.926006727785818,68.569836829688043,992.8034684234857,992.334269444214
2011,12,AP,185.99999999999997,25.805510752688189,24.595833333333328,89.404569892473035,83.68145161290326,1009.1807795698927,1008.6702956989247
2012,1,RS,76.6342857142857,24.106297289933874,22.667797058545826,69.183950232645671,64.556723761449163,972.94849919725186,972.49160491919531
2012,1,RJ,390.08333333333303,23.117978864070054,22.05178277117421,76.864827114002054,74.748421366944555,972.94335855690122,972.17197457604482
2012,1,SC,217.94444444444443,21.950988053322206,20.741155405298546,81.118448663983756,75.24285636097018,945.2409854182572,944.77849265436134
2012,1,BA,39.373684210526328,26.17967721256511,24.809718593335511,70.467588375013023,64.241688831306234,969.513843004786,969.00658956862287
2012,1,SE,17.4,26.905654514656071,25.674064074237741,72.912776944236029,67.093500875218808,993.24143474738594,992.78568669907247
2012,1,SP,234.37857142857132,22.948445194711606,21.697145478180637,82.045756238604326,75.752928100485263,942.32848590100332,941.80537210013972
2012,1,PR,159.93913043478258,23.544457487815365,22.118451804220783,77.578556946521061,71.108680249306929,943.80953222714174,943.30884832110689
2012,1,PE,39.283333333333331,27.029851433781637,25.69551865305522,61.50521828980731,57.256820890163887,964.34928662393668,963.84332543772018
2012,1,AP,487.39999999999958,24.782795698924769,23.884005376344085,93.456989247311753,89.186827956989362,1010.057392473119,1009.5284946236563
2012,1,MG,266.46274509803908,22.925895666063841,21.692567784578127,81.189681148049459,75.129461340643815,930.57705219398042,930.05762742031686
2012,1,PI,93.093333333333348,27.929882936639956,26.62707713904048,69.188352099614775,63.27040789458033,980.87524743393044,980.28747478031323
2012,1,CE,57.307692307692307,28.460184932193911,27.083163533190362,65.614157344016434,59.831630335857604,983.2331831378682,982.69571779248793
2012,1,TO,256.82499999999987,25.425313790455956,24.31116340237385,83.747787148526669,78.083091589821251,978.84956352865311,978.237543602107
2012,1,GO,320.39999999999986,23.314240777425074,22.103780864949982,84.38668763700926,77.739804822270656,929.84458591639907,929.28375009138176
2012,1,RO,364.64999999999986,25.185959916529011,24.228726668695479,88.220526113671255,83.32929382952203,982.29497136118584,981.65699676477448
2012,1,DF,549.39999999999941,21.112037659717551,19.943913920645596,85.267652992602535,78.962340282447812,892.60033624747848,892.08002689979776
2012,1,PA,288.51999999999992,26.164524607175469,25.153495815799374,82.696177991384189,77.817072437330765,993.90999778680373,993.32359109861352
2012,1,AL,50.099999999999994,26.934162186379943,25.716980286738359,73.266811374778555,67.476035615704689,999.52730734767044,999.05788530465884
2012,1,MS,171.68695652173906,26.470554217111069,25.121101031181894,76.268461934372411,69.507968556690571,967.46641906160926,966.9185415903695
2012,1,MT,265.79999999999978,25.153287812512261,24.016632541959471,86.112310641468454,80.413447845142827,965.59169814041377,964.86885714314633
2012,1,RN,52.000000000000014,28.31002870105624,27.184574771600989,59.081350770172257,62.150347388047081,1001.3197883006371,1000.8140932368259
2012,1,AM,358.8249999999997,25.99392507825354,25.074718633056118,88.260059162272555,83.909079586184077,1004.1183209378114,1003.4612075124924
2012,1,MA,163.23999999999995,27.320546068810437,26.216019167932412,78.372903752397491,73.4090147083931,995.65139676975,995.0510998178712
2012,1,ES,225.59999999999994,25.78971280738908,24.435565517108298,81.802269038294284,76.387333417288048,989.52346172801992,989.057936378722
2012,1,RR,17.0,28.629704301075272,27.273924731182813,67.188172043010837,61.647849462365613,1001.4076612903235,1000.7818548387106
2012,1,PB,92.649999999999991,26.291434730423013,25.075926049038344,72.618797169640686,67.149835969044418,972.87201110453816,972.38313741877607
2012,1,AC,261.2,25.270537634408608,24.243467741935479,73.871201496026174,70.377845225572656,986.07524193548409,985.40865591397835
2012,2,PA,331.66315789473668,25.7093833984822,24.684104636724321,84.662955474573579,79.697202271044176,995.83852845482954,995.19732785040844
2012,2,CE,148.41818181818184,27.641713535897836,26.286405107853735,70.554123347636633,64.450585166799257,983.028667023826,982.44178178103766
2012,2,PI,123.625,27.114821062718466,25.826147366283656,72.582876332716211,66.437678536080085,980.9018842856002,980.28470303490985
2012,2,SC,139.36666666666665,23.652004158560629,22.430855854517841,80.156905462925479,74.174184048405564,945.64195043511484,945.13572350087259
2012,2,MS,134.49565217391304,26.689648363928043,25.285524444145928,75.755571305315769,68.88736126526419,968.68367670344162,968.09243664735664
2012,2,RR,16.199999999999996,28.298563218390807,26.962931034482768,66.9683908045977,61.291666666666757,1001.1948275862071,1000.5597701149418
2012,2,MG,60.112,24.242305817872204,22.746837487558629,73.280532131528133,66.230669106216581,931.5311764167725,931.025937714567
2012,2,MA,185.96923076923071,26.614442974263813,25.50415202116433,81.537423323337308,76.255766466037443,996.40732024984425,995.76480778707
2012,2,RO,350.24999999999989,24.844324712643683,23.884985632183906,87.967313218390814,82.795617816091962,982.44454022988509,981.78487787356335
2012,2,AP,534.19999999999936,24.483045977011479,23.614080459770115,92.988505747126425,88.9497126436781,1009.8612068965523,1009.3081896551713
2012,2,DF,165.6,22.081106321839066,20.645833333333336,78.865660919540261,71.684626436781571,892.84001436781682,892.331609195402
2012,2,RS,100.54117647058824,25.309983384190865,23.94295509241152,73.405426709753044,66.5829755321272,971.166993699903,970.6525817300593
2012,2,PE,72.333333333333329,26.379580531821855,25.097847007728863,65.507096460144481,60.011815920780492,964.16538945234583,963.64315499287591
2012,2,RJ,78.2909090909091,24.680095048629539,23.375740495137052,73.026966356685918,67.670991617078769,973.37593943412912,972.58666187739448
2012,2,GO,158.56842105263155,24.134675719640946,22.756134079833316,78.4232053941709,71.134470351408467,930.23293143099841,929.666010569992
2012,2,MT,212.6071428571428,25.5044058131739,24.198205258079888,83.161849298448672,76.597568335552012,965.93639392081525,965.14971819603045
2012,2,PR,133.38260869565218,24.929304838767596,23.476426317169842,76.351829165112974,69.856836632014776,944.78528779072269,944.25402833326427
2012,2,BA,72.04117647058824,25.794460431017015,24.442795146250539,71.979858331816729,65.720946254249583,969.45686482200529,968.93627093365069
2012,2,SE,67.2,26.838256439563349,25.62742684306707,72.999371981811663,66.9035507922169,993.036528339381,992.56072095438174
2012,2,SP,98.299999999999983,25.475053146514078,24.002270671742902,74.224278638356708,66.922317447665051,943.96406601151352,943.43339562948711
2012,2,AM,321.06249999999977,25.7782398205652,24.855370146544903,88.143116358334382,83.754359913380782,1003.9161829258412,1003.2361161876829
2012,2,TO,230.76666666666659,25.845542377037336,24.61616711308351,81.507859080059319,75.253560474437009,978.56957263574748,977.94238319579961
2012,2,AC,263.49999999999989,24.865898537983124,23.891569063202116,74.481580895521233,71.267501709867389,986.01219245547179,985.33011445410432
2012,2,PB,87.550000000000011,26.082320068163593,24.912438662313363,73.4201374398745,67.897615473906825,972.47239171630974,971.9628377152784
2012,2,ES,65.488888888888908,26.099038814925066,24.503080202504659,76.210447504065726,70.143934966968985,990.01129340205966,989.55293025349852
2012,2,AL,89.100000000000023,26.791499042145585,25.606273946360155,74.509303213664865,68.5302293787027,999.27631704980854,998.79382183908058
2012,2,RN,93.566666666666691,28.086746105711615,26.9106360166705,69.17671354740321,63.445864751899215,1000.8069636754983,1000.2729435716508
2012,3,RO,250.89999999999989,25.454993225226794,24.3756782018955,86.2810516476828,80.60553067849176,983.5159651878098,982.83749184853468
2012,3,PB,22.6,26.483015252341371,25.193642658830679,71.27037977034874,65.4918111592046,967.97332114799326,967.43126028802283
2012,3,RJ,199.61999999999992,23.672723715235286,22.4426034716165,76.571941163383684,71.592502749048634,970.871889498092,970.03193152176982
2012,3,MS,118.59166666666667,25.612443754413018,24.187112677137293,74.111081361202935,67.251183795657823,970.19098084831091,969.63901731843441
2012,3,PI,112.92222222222222,27.291444941256472,25.914110341523749,72.614671012841114,66.310516302499977,981.35395012147171,980.73041955038718
2012,3,MT,170.84999999999994,25.407381636766036,24.144408536371891,83.728820390460754,77.464244436617477,967.97928744269984,967.220449546487
2012,3,PR,70.026086956521723,23.241328788084477,21.776474227571747,72.84297232158535,66.309486599056484,946.277045084344,945.78984311602255
2012,3,BA,46.822857142857139,26.58519528727971,25.181239409390738,68.10252254596891,62.039712507677038,969.5519362633504,969.01158304255125
2012,3,SE,27.480000000000004,26.88992050014247,25.632107971005734,72.697796285188019,66.625886246914,993.56683406428749,993.07420475824779
2012,3,SP,87.468965517241372,23.802366497328418,22.366040856767558,76.565753444072072,69.756332355727977,943.61894992045973,943.10098064640079
2012,3,AM,311.68749999999977,26.054428606127921,25.080833214510541,88.4465644552607,83.90948121207461,1004.7848927490394,1004.0724012737493
2012,3,MA,183.75999999999993,26.522287686582658,25.426084410256319,84.403940817530028,79.48599508245195,996.09124556925337,995.44430681017707
2012,3,TO,165.22222222222223,26.090206902903397,24.907485262764947,83.321562107450646,77.3917012477291,978.79613230429,978.15991628223946
2012,3,RN,56.94285714285715,28.218632990121112,27.053332213971711,69.881055310518263,64.280644079817122,1001.3480098949647,1000.7817479557073
2012,3,DF,360.79999999999984,22.570457604306874,21.135598923283993,75.871467025572031,68.598250336473725,893.29219380888276,892.78129205921891
2012,3,SC,54.766666666666687,21.439557766854563,20.117755570979391,77.646179460304921,71.2632993456543,948.65957579187648,948.1933779370346
2012,3,RS,43.20000000000001,21.938029222140777,20.529843344868844,72.005228445874991,65.391899149561951,973.274644742527,972.82344923196172
2012,3,PA,391.79999999999995,26.024533179297162,24.963985370816655,85.930201969277675,80.478851420394463,996.42529571280716,995.74013134315533
2012,3,MG,112.65769230769232,23.839105941802647,22.417359355014643,75.119576413196341,68.69056196032507,931.40739141614608,930.88287576259984
2012,3,CE,112.07142857142857,26.859106163690047,25.666863271385083,77.149298679459136,71.516098444035023,983.675134298412,983.11481371337459
2012,3,PE,31.616666666666671,26.976719202757476,25.588464536949708,62.75631871941227,57.226677431388254,964.63392481013977,964.09094465905093
2012,3,GO,128.85263157894738,24.576448736534847,23.158019215436596,76.892556727588669,69.551128972871226,930.6339198494876,930.07317269856151
2012,3,ES,75.1777777777778,25.592447352427982,24.242269023028154,77.723118923423087,71.975789309430283,990.04814609794948,989.568584305771
2012,3,AC,265.59999999999974,25.288113012205752,24.198210004359204,90.168664632374288,84.813008573089348,988.13279479075811,987.41202502906117
2012,3,AL,47.366666666666681,26.867349136526052,25.675022911548098,73.934296103287963,68.173260765352225,999.82735886020532,999.32126862568384
2012,3,AP,305.39999999999992,25.316935483870978,24.281854838709677,90.432795698924679,85.630376344086059,1010.4987903225801,1009.9313172043014
2012,3,RR,57.000000000000021,28.444623655913993,27.122849462365583,68.219086021505277,62.749999999999972,1001.9076612903225,1001.2381720430111
2012,4,MA,80.600000000000009,27.221469452654148,26.108712730354657,82.135803948602017,77.24626224254304,995.73708922500373,995.14110591968029
2012,4,PI,35.547368421052639,28.005763171456387,26.516071681765332,67.641511180465344,61.53250608563124,981.13146966356931,980.533110994755
2012,4,MG,52.626923076923092,23.445344470779673,22.019981592072529,75.661934036285956,69.5644542089309,931.37987229325677,930.87665128926835
2012,4,GO,82.244444444444454,24.769859789489249,23.351764378863479,76.711990399993383,69.702255498313122,930.6180832571016,930.09643316105178
2012,4,PR,184.71304347826086,20.806743126508326,19.62307497892742,81.239386045171926,76.087402701474545,946.235725499154,945.707472860563
2012,4,RS,86.2848484848485,18.770912236971469,17.563558904632078,77.024944559337484,71.329873425714538,975.89937267470748,975.4092764416406
2012,4,BA,23.437837837837833,26.5191140804345,25.079720272667736,66.198253335713,60.289132970673016,969.680153630015,969.15086357389532
2012,4,PA,198.92999999999989,26.745123081787991,25.647930183266936,84.811891704968573,79.6713605460583,995.86866643275221,995.21911670665088
2012,4,RN,22.285714285714292,28.683997642292628,27.51353822142525,67.038416240508283,61.723055168138863,1001.1908202165105,1000.6365863883906
2012,4,PB,30.228571428571428,26.806904761904757,25.475376984126981,69.533928571428575,63.855753968253943,967.86220238095234,967.314523809524
2012,4,CE,65.700000000000017,27.340762031120484,26.067311770709683,75.673827870430586,70.104325361539878,983.47770479517339,982.91977361004
2012,4,RJ,120.83076923076916,22.909482696641234,21.868266906050849,82.283561264650046,77.787679938707512,974.21265293658587,973.39408546358266
2012,4,AL,36.20000000000001,26.540462962962962,25.339467592592595,74.405532212885134,68.263184718331786,999.8172685185184,999.31222222222232
2012,4,AP,446.99999999999983,25.570138888888902,24.603750000000019,92.384722222222209,87.990277777777877,1009.9813888888887,1009.3990277777781
2012,4,RO,221.94999999999993,26.021944444444436,24.862152777777766,85.3038194444444,79.524999999999977,983.217673611111,982.56104166666682
2012,4,RR,217.59999999999977,27.411388888888894,26.230416666666656,79.256944444444429,73.688888888888883,1001.7981944444451,1001.1116666666677
2012,4,SP,122.32413793103453,22.637284378713971,21.389080083094086,79.506825165012472,73.693989337945823,943.64515757736194,943.13145940811739
2012,4,MT,112.9548387096774,25.910367985608506,24.632860093928045,83.658157538907,77.450943204956289,967.584654514907,966.84307410761562
2012,4,SC,137.80999999999997,18.67348445030953,17.622783007535489,83.696837211273376,78.73250226724879,947.30730955112131,946.80293886040363
2012,4,AM,271.54999999999984,26.506108861141872,25.529853160176945,88.078784753616631,83.764561052532827,1004.5104488762494,1003.8095828649158
2012,4,MS,140.48695652173916,24.338081745657597,23.159320234246387,80.086588582989165,74.588605317569161,970.21952393300717,969.65335839926377
2012,4,PE,13.066666666666668,26.901354166666671,25.566493055555561,61.398947562776954,56.383999096856073,964.66412037037048,964.13237268518515
2012,4,TO,76.2,27.1068693764386,25.774741054613944,79.011231429169243,72.495880414312623,978.36630702029731,977.78419596149831
2012,4,ES,49.71111111111113,24.846137547714847,23.5572750954297,80.628450084253259,75.530479899583867,990.09079368769051,989.61429567642938
2012,4,DF,228.79999999999998,22.745208333333352,21.285833333333343,76.856250000000017,69.114583333333286,893.332847222222,892.84562499999993
2012,4,SE,20.12,26.670419103183193,25.404591362895278,72.359364156778454,66.325864971962091,993.556431852646,993.05581361263592
2012,4,AC,98.100000000000009,25.669631811263308,24.626667336377469,89.6240938609843,84.504573574900562,989.15740273972585,988.45411858447471
2012,5,SP,60.675862068965543,19.061932231647294,17.828988308558827,80.026871886694067,74.355893949171474,947.54681782294051,947.09715978050019
2012,5,AL,83.400000000000034,25.952836754867306,24.806957694260795,75.197876351294866,69.29767690411704,1001.4454171042182,1000.9584222611709
2012,5,GO,28.273684210526312,22.30194904089014,20.890448165764383,74.232282916889048,67.7877351355884,932.91035655393171,932.44562224094466
2012,5,PR,89.800000000000011,17.937891917912907,16.822933780975461,82.260439828204525,77.729659230994429,949.4576502934159,949.01332640399266
2012,5,MT,67.506250000000009,24.646113480499242,23.315792310870496,79.486727938315937,73.392217655308883,969.39623406099452,968.72163119136
2012,5,BA,81.794736842105237,24.711201711024842,23.509829260710514,72.090371998780753,66.871997469914888,972.09301565019268,971.59739749807147
2012,5,MA,45.471428571428575,27.333795874527322,26.136121156547734,78.22871025805,73.072550532781463,996.73321940619917,996.20647762321232
2012,5,MG,50.56,20.158583057583485,18.8575810447062,78.114705259649639,72.489791669045559,932.84516578803959,932.36974858469978
2012,5,PE,38.016666666666666,25.930834951984334,24.687498842277471,64.346004549847237,59.46446958016044,966.27754767766146,965.77655091157521
2012,5,SC,81.660000000000011,16.464567833396796,15.389479663354406,84.139158651176828,79.454626494699127,950.93829870987668,950.51831539278783
2012,5,PI,12.111111111111114,28.557163278976475,26.965146820575036,58.213605524706708,52.250049940732872,981.68912135852315,981.14260488539651
2012,5,AC,61.450000000000024,25.177688172043005,24.084059139784951,87.112903225806448,81.697132616487437,991.40653225806454,990.72389784946222
2012,5,DF,88.2,20.306182795698923,19.02352150537633,77.4254032258064,71.305107526881727,895.18568548387066,894.73514784946224
2012,5,RR,221.19999999999868,27.024462365591418,25.850672043010746,81.297043010752532,75.434139784946183,1002.5419354838701,1001.9038978494622
2012,5,RO,81.800000000000011,25.840826612903225,24.61989247311827,81.141801075268816,75.278561827957063,984.31219758064492,983.77466397849435
2012,5,RS,31.257142857142856,17.548992516884333,16.343204659639795,78.128313814735677,72.871280849808329,978.93540440187519,978.51607517197056
2012,5,PA,122.91111111111114,27.104021620240822,25.930989308682086,81.391244186919025,75.81911901932726,996.89075467612633,996.321123971914
2012,5,RN,46.742857142857133,28.188395997047714,27.028646837973685,66.508153458564252,61.312119205777215,1002.6301701699222,1002.1168920162169
2012,5,ES,136.06666666666666,21.707033172283577,20.694201189793525,83.754294440406952,79.291132379224919,993.446561181952,992.97965727548751
2012,5,RJ,131.32307692307688,19.726934497564567,18.657539415758738,85.962909994602427,81.304112634563083,977.91157839374807,977.24055082169036
2012,5,MS,88.539130434782621,21.362287930769369,20.17370539769939,79.305437265990136,74.005553880101715,972.81709591181436,972.34016216293514
2012,5,CE,23.442857142857147,27.750234474808263,26.378913013454657,67.779148794740919,62.030829174349989,984.571276910278,984.040638086473
2012,5,SE,115.92,25.559854825343095,24.441540463293716,76.630511965289855,70.98101636042459,995.266079318164,994.7960412968522
2012,5,AM,182.37333333333319,26.654741522857321,25.636853483110979,86.585207293189626,82.135873147183261,1005.2236402079418,1004.6080149658707
2012,5,PB,47.685714285714305,26.11296082949309,24.821947004608298,70.788210445468508,65.061364336469637,969.32620967741934,968.82056451612891
2012,5,AP,336.59999999999974,25.733602150537624,24.668145161290319,91.239247311827924,86.333333333333471,1010.7836021505374,1010.2348118279564
2012,5,TO,42.044444444444444,26.53974009370809,25.17615783065515,74.2132061811475,67.93903997782644,979.80745451289954,979.30091597629007
2012,6,RN,74.771428571428572,27.109207177075742,26.001788915380711,61.010795354602273,56.091828506326316,1004.041916876394,1003.5662336909727
2012,6,ES,79.911111111111069,22.315318554336724,21.188146585480919,83.051885774975275,78.335590226356842,993.99211493377925,993.55071840210621
2012,6,PI,11.97777777777778,28.596739724860935,26.965477065792935,52.481493200026307,47.037133057445672,983.72293891982292,983.18442148853148
2012,6,GO,29.000000000000007,22.767901103678177,21.266506117614774,70.016807338646288,63.471226186112432,933.51999178214226,933.06214535734387
2012,6,RO,35.800000000000004,25.453605034300129,24.165930244506281,79.83355237877403,74.090664401804531,985.44411589008,984.93585968500884
2012,6,SC,158.11578947368417,14.558296173410419,13.613904559948717,85.84268234327628,81.57863978741878,950.06097417644833,949.54988456337469
2012,6,SP,173.45999999999998,18.73690911552734,17.649017637275975,84.235909277557241,79.46082040539261,947.50038230270218,946.99702577871517
2012,6,BA,51.45945945945946,23.995655316522214,22.741900364969563,72.528213699700757,67.272455178781513,973.54255248577715,973.06994597919891
2012,6,PA,90.177777777777777,26.828313065488462,25.610648969637566,80.1988485482532,74.617542449508221,998.17305739745416,997.65308377405563
2012,6,SE,86.279999999999987,24.940179205036912,23.78446359050433,78.5538206184293,72.5371858255874,996.9497351481333,996.50153877170362
2012,6,AP,223.39999999999998,25.788055555555562,24.604722222222229,90.368055555555458,84.863888888888866,1011.9172222222221,1011.4112499999999
2012,6,DF,2.4000000000000004,20.844839609483952,19.295955369595546,71.329846582984658,64.38981868898189,895.98648083623664,895.569756097561
2012,6,RS,85.40000000000002,13.919011020069361,12.818125222395096,81.0916847703683,76.357769948745613,978.186571052321,977.66633143365914
2012,6,MA,41.55714285714285,27.382565568947737,26.040627105475171,73.703428030530446,68.2451152456831,998.10333927969168,997.58035217614611
2012,6,CE,25.285714285714295,27.4571107542424,26.096138324579609,64.8725214875649,59.619243295795485,985.496718588387,984.99221217521279
2012,6,TO,8.4888888888888889,26.54975674827369,25.014215317011931,69.148990374555353,62.600329566854967,980.86576872776754,980.39146500313893
2012,6,MT,31.760000000000005,24.387364431456941,22.913253120381832,76.228732165462091,69.9097664539992,970.48542992121611,969.81444571858208
2012,6,PR,203.40909090909079,16.650920437827185,15.685355562355475,86.772469154057688,82.88478199615821,949.09600994905827,948.56725002329154
2012,6,MS,154.91666666666663,20.244319034111616,19.120735855580072,81.727317092911761,76.84279405591154,973.2671141438301,972.7504662511634
2012,6,AM,113.97333333333331,26.661095128283119,25.511462750990422,82.639643687495351,78.048959956845692,1006.3989037445159,1005.8391618035654
2012,6,MG,39.39200000000001,20.712074295734954,19.314801976821908,76.130108972718489,70.464666111624666,933.52941976014858,933.06063517085158
2012,6,PB,129.05714285714274,24.701865079365081,23.50575396825397,75.082738095238071,69.835317460317484,970.70238095238108,970.24013888888908
2012,6,AL,138.36666666666667,24.615292670292664,23.580299469049471,82.5521713499952,77.179351334414889,1003.011816886817,1002.571648051023
2012,6,RJ,124.9846153846154,20.263662187075603,19.294906136208411,87.1079504602468,82.94555427597102,977.67871869864678,976.93663984047384
2012,6,AC,65.700000000000017,24.595555555555556,23.473194444444452,68.285131530537186,64.617164855072446,994.16331300812976,993.55482486090045
2012,6,RR,34.799999999999962,27.200833333333364,25.869583333333296,81.011111111111077,74.326388888888928,1003.6108333333328,1003.0177777777776
2012,6,PE,56.4363636363636,24.657337145856886,23.531431010696544,68.173780301340841,63.732853347572437,967.6912691878656,967.22906714008639
2012,7,RS,142.72,12.090849466916472,10.990759012951028,79.680209828610984,74.767170718591686,979.11537055958934,978.56888736076
2012,7,ES,48.675000000000033,21.28620881713999,20.051507036602874,79.63329184696353,74.568982345780867,994.840031794157,994.39184336563824
2012,7,PI,2.7157894736842105,28.411211894599308,26.787028085998955,47.342364587081981,42.5912307458895,983.82962326542145,983.29529997264774
2012,7,PB,56.885714285714272,23.911923963133631,22.698886328725052,74.43701996927804,69.289362519201219,970.941282642089,970.46912442396263
2012,7,MA,21.55714285714286,27.432111342797171,25.961958798239795,66.544391676434486,61.008779371586719,997.68685396413309,997.16601809913084
2012,7,MT,1.023529411764706,24.111310339007673,22.328076443469023,65.003221207096786,57.970938407279021,971.0462643483944,970.37489690797725
2012,7,CE,3.3285714285714287,27.544628279828732,26.18680531553267,59.384054617986216,54.089728816117308,985.579845567535,985.0606536108952
2012,7,AC,24.479999999999997,24.34774977145095,22.952427299638671,69.955716809600546,67.042939658619517,992.88645128640485,992.32969624744237
2012,7,AL,162.49999999999997,23.426310116086242,22.414047036323748,85.618075818705933,80.889890523003885,1003.5680621756806,1003.1327470176005
2012,7,AP,118.00000000000003,25.911693548387124,24.629166666666659,89.5255376344086,83.5322580645161,1011.4411290322588,1010.9099462365598
2012,7,DF,0.2,20.355376344086025,18.630040322580637,58.8353494623656,52.002016129032256,896.11155913978519,895.67876344086017
2012,7,MS,14.449999999999998,19.667232552105972,18.202899143281719,72.575580542218148,66.54397230302655,973.85350417655934,973.36265770214493
2012,7,MG,10.392156862745097,19.837922719346665,18.22858077675145,68.215729579075116,61.967634952033968,933.95975107952438,933.49296412667945
2012,7,GO,4.0300000000000011,22.23229053564318,20.502166538831261,57.287514240470827,50.60508876068014,933.78308810030694,933.31964673770949
2012,7,SC,172.42999999999998,13.493140323562622,12.528253119157013,84.331198441868793,80.017198689383179,950.29571545283068,949.75405825453231
2012,7,BA,43.356756756756766,22.910587305923379,21.596344900988655,71.483415562478143,66.010326217867018,974.13715461542381,973.66405159763679
2012,7,SE,115.00000000000004,23.356180176640919,22.330879385103383,82.022902109714664,76.911070327511723,997.45968233008853,997.03301326261851
2012,7,SP,46.486666666666665,18.290360557907469,16.795679031662193,73.242316814694973,66.573427140323886,947.94015390397578,947.4744732995448
2012,7,PE,65.327272727272685,23.279704783474919,22.193328638981754,74.678352496659386,69.700248164469343,968.16481034759329,967.699821316155
2012,7,PA,70.92,26.942548383107987,25.720858944117627,77.273700288857924,71.704707380359835,998.10852504074671,997.58093859050553
2012,7,RJ,41.9846153846154,19.325234791251528,18.140518471853024,82.243921815529461,76.778013803024123,978.26456101403051,977.657530155566
2012,7,PR,75.165217391304324,16.316373645435416,15.123840061097386,80.238431763650709,75.336471587286738,949.360307653097,948.86087519550176
2012,7,AM,136.51999999999992,26.591979271998294,25.399495270323836,81.815869293610163,76.949827300687758,1006.2151586706283,1005.6579304239893
2012,7,TO,3.5111111111111106,26.386513379914206,24.604086001357945,58.63932482909933,51.780544021146781,980.79578618832625,980.29238535099864
2012,7,RO,6.0,25.33196761600481,23.810634359926045,70.296406483577357,63.969502420954086,985.46946735187237,984.98265867766986
2012,7,RN,62.371428571428552,26.69763824884793,25.534504608294935,61.857592467940428,53.600038402457756,1004.1896313364053,1003.6978494623659
2012,7,RR,87.80000000000004,26.265322580645144,25.1024193548387,85.241935483870932,79.451612903225765,1003.5680107526886,1002.9380376344094
2012,8,PE,39.133333333333354,23.13514124448335,21.957261963380386,71.788895879685356,66.318826822774184,969.405452122163,968.90431110260056
2012,8,MG,13.800000000000002,20.025611547389044,18.464353665044815,66.094681979030412,59.989405710132672,936.26644131393732,935.78154973958556
2012,8,RJ,51.923076923076948,19.518155322654948,18.268187474959507,81.387674625475512,75.479808165253274,982.19199907865141,981.745036832397
2012,8,PB,7.3428571428571416,24.482294898084376,23.063962353436043,67.751038435248958,61.924110976742547,971.952608794714,971.43167534220152
2012,8,RS,72.628571428571448,17.713979594567828,16.647157729767116,77.7102340542538,72.945209656724018,980.22043045872329,979.70334122447537
2012,8,BA,58.446153846153848,22.592789452930212,21.26014722221505,69.981446122988643,64.295716502996143,975.78235568017112,975.27214017860581
2012,8,SP,2.6933333333333338,20.415018255846476,18.837983476250351,64.349030444036018,57.831669124444318,950.29680490138935,949.83703265442114
2012,8,PI,0.18947368421052632,28.342271976856459,26.716174213847342,42.899358068392495,38.470789959499349,984.87634379745191,984.310834960253
2012,8,MS,4.9333333333333336,23.252962334038919,21.611499121268306,57.011326835157973,50.982233420151445,974.482779904036,973.97928811270583
2012,8,MT,0.096969696969696983,26.234120895172627,24.277694158095215,50.186880398938087,43.470953190783455,969.55017665252581,968.91016443031356
2012,8,AM,55.725,27.47370790442649,26.18060495393059,77.1867654592858,71.333864516162,1005.7337203503508,1005.1671860188835
2012,8,GO,0.0095238095238095264,23.149715376609105,21.470020321655376,48.191458423146784,42.301999265165577,934.96480532663384,934.47537478680863
2012,8,AC,21.560000000000002,25.793910468478888,24.192897011760184,74.791497975708552,67.947368421052644,990.90318874108334,990.37599059186425
2012,8,RN,18.94285714285715,26.955324926851738,25.714996905492018,52.627265309146281,55.072442850130159,1005.1665292743205,1004.6345599398854
2012,8,SE,103.92000000000006,23.105813301248254,21.951220607809489,80.920427793486368,75.357160535591532,998.98365820417348,998.52489529014133
2012,8,AP,92.600000000000009,26.51740890688259,25.218083670715242,85.9932523616734,79.887989203778616,1012.021187584346,1011.4948717948718
2012,8,RR,57.400000000000041,26.648783783783792,25.346081081081081,84.139189189189139,77.867567567567463,1003.8344594594593,1003.1858108108099
2012,8,PA,29.752380952380957,27.579322284335422,26.25265485404805,70.178746721731528,64.632662343248228,998.5826165048453,998.05266195063643
2012,8,RO,4.0500000000000007,27.302406870433192,25.546454434092421,57.696263878917932,51.033534365065151,985.078509501775,984.55633608650578
2012,8,SC,21.379999999999995,17.412536653921755,16.379407636107448,79.859703949502972,75.2203583244966,953.43129218972774,952.9490880354906
2012,8,PR,9.2695652173913032,19.703103385534217,18.362557382812422,70.632961209929576,65.483470909780578,951.6739460728628,951.21211584466243
2012,8,ES,194.08888888888896,20.740277483961687,19.578257675238845,83.355961876876563,78.2506564840802,998.2867985415719,997.82419169968159
2012,8,TO,0.71111111111111114,27.458179637127,25.607152496626178,47.202429149797581,40.749587644324492,981.72435147698286,981.17579847053537
2012,8,AL,106.30000000000003,23.353840861580803,22.197669140479753,83.556552572842222,78.026410155536738,1005.0456283267007,1004.5788420312995
2012,8,CE,0.47142857142857147,27.700489233259322,26.296452330766744,55.250067442103443,50.091256899497886,986.400552642,985.84874999280134
2012,8,MA,4.8800000000000008,27.908691063026591,26.338722428146777,58.197600351953966,52.9499326393677,998.36710270315882,997.82001629007539
2012,8,DF,0.0,20.519851451721824,18.96664415935177,51.937879810938583,46.3869007427414,897.4507765023634,896.975286968265
2012,9,RS,145.22285714285715,17.263211231734,16.141559796705813,76.75730420717214,71.2809442124299,978.0144697339781,977.3650838757635
2012,9,PA,34.199999999999996,28.052775747378359,26.779110178674259,71.463053415747083,66.1606163373002,998.28932185131612,997.69736305606637
2012,9,PE,6.6999999999999984,24.910127121376252,23.643678814608478,63.453702414113273,58.085131349715404,968.53555503971927,967.99755232513132
2012,9,PI,0.052631578947368432,30.008904962626776,28.296782019373889,39.185525906590875,35.01737991831552,983.71513897022339,983.10089078601686
2012,9,CE,0.82857142857142874,28.293154649185794,26.859633304936629,54.497900686394807,49.231978939379921,986.11563974538569,985.49713445053067
2012,9,AL,36.36666666666666,24.315995370370366,23.134375000000002,78.422453703703667,73.04027777777776,1004.2731481481479,1003.7673379629628
2012,9,MT,59.56875,28.157324068434619,26.369558877791604,56.729954250026942,49.821722084556022,968.35709768608012,967.606323704553
2012,9,BA,17.30769230769231,24.591052961600997,23.227427068530471,63.996513447789312,58.742789184073857,974.22280691951255,973.67442804397365
2012,9,RN,7.5142857142857125,27.488935557791184,26.206801363737995,52.316483196229562,54.434888497652587,1004.9232514531634,1004.3570606975186
2012,9,SP,63.213333333333338,22.274081171912258,20.682820701461932,63.288280673574242,56.866999580873618,946.91924703117832,946.37216903782462
2012,9,AM,81.825,27.927987100201669,26.695139683743935,78.573940847792045,73.0225179283951,1005.414092603537,1004.7522215886411
2012,9,AC,116.05000000000001,26.802152777777781,25.332083333333337,77.003472222222229,70.243402777777817,988.80253472222194,988.15725694444427
2012,9,ES,41.800000000000004,22.173310960081565,20.996829177274819,77.4734396548597,72.106569863908334,994.69066231643126,994.16287991445586
2012,9,RO,69.350000000000009,28.106244301499,26.533991172152664,66.731962312625527,59.874515144490793,984.229083120847,983.576523866095
2012,9,MA,4.373333333333334,29.254164716729651,27.775519999780503,56.714765947524135,51.568438603773807,997.76779774405429,997.15237867275209
2012,9,MG,27.324,23.111802071190475,21.497714119267179,58.379975609499056,52.568870742633614,934.15410094221772,933.62134074333346
2012,9,MS,69.5,25.674348390393224,23.956432215754823,53.561929326869532,47.259985372572821,971.60766730880107,971.02533569773436
2012,9,RJ,96.861538461538458,20.69448183760684,19.450568019943024,78.101408163626544,72.244247665735429,978.10962962962958,977.58600783475788
2012,9,GO,41.0,26.43216538525834,24.68380576172974,45.281278979691386,39.384965813074189,932.574413133095,932.02751618645561
2012,9,PR,64.765217391304361,20.97883556408814,19.484833765162669,66.41736455742209,60.535444291109584,948.45579094361074,947.90051769521767
2012,9,SC,88.319999999999965,17.649680775349747,16.422674341148312,76.005752584009343,69.993718559927885,950.2265095685691,949.63211113351622
2012,9,PB,2.1333333333333337,25.874861111111105,24.437956349206353,61.2138888888889,55.42817460317459,971.14859126984163,970.58073412698411
2012,9,RR,30.800000000000004,28.758472222222192,27.294583333333332,73.559722222222263,66.534722222222214,1003.0441666666674,1002.3826388888897
2012,9,SE,64.960000000000022,24.112751069604887,22.971603980205835,78.092565235179023,72.780830961266489,998.17839460687253,997.68906302048572
2012,9,AP,18.2,27.238055555555565,25.780555555555551,81.254166666666663,74.988888888888923,1011.9080555555552,1011.3647222222232
2012,9,TO,23.333333333333336,29.261569053730771,27.511661428047564,48.883900195575123,42.292262222470669,980.07357358950185,979.46780333787319
2012,9,DF,42.999999999999986,24.076875000000008,22.46340277777778,46.511805555555569,41.174999999999969,895.47861111111092,894.97423611111117
2012,10,PA,42.32,28.221100718365104,27.014628216493453,72.949660488204714,67.707900364400643,995.93069150320719,995.33913273172232
2012,10,PB,4.3142857142857141,26.04942588853681,24.665112205865391,65.0625037822148,59.585064372290908,968.89463215306887,968.33504919718246
2012,10,RS,200.84444444444441,19.727159036882625,18.663240190798238,80.59734841523931,75.327319984085065,974.60269052142814,973.853448721236
2012,10,SC,190.47999999999993,19.556351001246686,18.50496148901356,81.869100494268338,76.3738887480458,946.6596668225028,946.01106252921932
2012,10,SE,80.56,24.851345851406212,23.6905581497707,79.125052518771582,73.655264971413956,995.24344973115262,994.7413038752843
2012,10,AM,107.42352941176468,28.094511096230821,26.944916350261707,80.2566304634107,74.9266750607577,1002.9236021834882,1002.24128142446
2012,10,MG,39.166037735849066,24.920597664908769,23.32478319279917,59.508892818312205,53.234175034652452,931.8581698894269,931.28895658981151
2012,10,RN,8.0571428571428569,28.022791684804734,26.767033381596086,63.063206856528176,57.708599261396415,1002.3551513769193,1001.7803625858771
2012,10,CE,3.1714285714285713,29.069458559031986,27.628163015064544,55.180438327000296,49.991395828280389,983.53263380224769,982.92312852022519
2012,10,AL,34.733333333333334,25.330488351254473,24.135551075268832,76.9865591397849,71.5589157706093,1001.4643817204296,1000.9517697132617
2012,10,AC,133.23333333333332,26.490940713016844,25.258310303454977,84.13524167475417,78.225127273136735,989.67173671318358,988.98711094188
2012,10,TO,52.739999999999995,29.284511728629912,27.767428537108021,59.189305171793563,52.870689573222123,971.19196984533562,970.56843537685825
2012,10,AP,21.200000000000003,27.514516129032266,26.027284946236566,79.896505376344138,73.590053763440892,1009.4286290322578,1008.875940860215
2012,10,SP,73.470967741935468,24.716340914163364,23.221290350722896,66.504423276639656,59.674605580262337,943.46717237434757,942.90145037615662
2012,10,MS,108.65000000000002,26.930439446952768,25.508317752244661,67.895090786573462,61.5491433589018,968.192161699733,967.58249617621823
2012,10,MA,32.826666666666668,29.358738732863817,28.04761875326059,63.27852942372688,58.08516508296254,995.17311796256831,994.57421365533423
2012,10,PI,1.7789473684210524,31.234295415959249,29.568760611205434,40.820175438596479,36.314374646293153,980.7181522354274,980.10209394453875
2012,10,GO,69.221052631578942,27.311993673255465,25.657313138229519,53.627589026075036,46.646688452211883,929.4113535900259,928.83060838308722
2012,10,MT,94.675,27.503666460185016,26.066214641626605,72.216647227320252,65.423806504393767,965.58739864714312,964.80106981730648
2012,10,BA,42.836842105263166,25.785341442465249,24.415941746826991,64.986127896040443,59.547827990620142,971.24554110787574,970.67613289205372
2012,10,RJ,72.969230769230791,22.981022969157952,21.704074092827771,77.395237034957262,71.562439020323126,974.57407382215956,974.01790834327755
2012,10,ES,37.866666666666674,23.933945518425134,22.608021001394405,76.378172583267258,70.595691392950854,991.37695449993066,990.82314686001553
2012,10,PR,142.67272727272726,22.708632102308449,21.399380458223177,74.2461858981768,68.6785877212556,945.11497259573434,944.49374660692445
2012,10,PE,9.3833333333333346,26.012640506343672,24.729772424950678,62.53420831584635,57.337190118525584,965.828526296208,965.27841944468548
2012,10,RO,173.5,27.23296796655363,25.970788862562671,77.604549785525876,71.351092658609375,981.805865703707,981.11571403211337
2012,10,RR,26.799999999999994,29.851209677419348,28.339784946236534,68.442204301075321,61.706989247311839,1000.2982526881722,999.65470430107587
2012,10,DF,154.00000000000006,24.529704301075263,22.8641801075269,54.076612903225822,47.071236559139834,892.756518817204,892.22594086021513
2012,11,MS,160.83333333333331,26.780745510077441,25.444638720798448,73.218652328006044,66.673191938936839,966.50816856213646,965.88927351036182
2012,11,RS,55.955555555555556,22.467720143183424,21.119138941931013,70.468874974735456,64.041959231914319,974.54442953197849,974.05141190343079
2012,11,RJ,201.87692307692294,21.978231569724933,21.018270097445985,85.978783724190038,80.982264290727457,972.95015102236334,972.45738366046407
2012,11,TO,244.94999999999996,26.174051947717572,25.136164047556818,81.097280979437528,75.35812640428253,972.75970951671923,972.1139394087005
2012,11,GO,249.68999999999988,24.524501989152181,23.335692206890396,80.821252887939863,74.221458821920024,928.43016128241936,927.804462973881
2012,11,MT,224.58181818181802,26.022354003652584,24.857479681902237,83.3550074767515,77.497226766508277,965.20469683622321,964.43389205786661
2012,11,SC,71.580000000000027,21.014677536231886,19.799491335160869,78.295034722854709,72.177700574670766,945.88906079111587,945.39547190612279
2012,11,BA,147.50769230769228,25.589877381110849,24.529016534711342,77.163569230024876,71.926778565667874,968.475860305043,967.91217151250476
2012,11,RN,0.77142857142857124,28.3455623494534,27.172597585078133,64.681001019084675,59.499795411030824,1001.2357671700329,1000.6911860755974
2012,11,PE,9.6666666666666679,27.927058269587391,26.567283811105959,58.3162317132849,52.853409120177183,963.6537781222637,963.110507472441
2012,11,CE,4.2000000000000011,29.334670014362285,27.91255078269651,56.879318300514733,51.616750347070059,982.6603430677086,982.06030316977149
2012,11,DF,725.99999999999932,21.957986111111126,20.763680555555577,85.831249999999983,79.418055555555583,891.40159722222279,890.82770833333313
2012,11,RR,17.8,30.002777777777773,28.455416666666686,65.933333333333309,59.824999999999982,999.91625000000045,999.28708333333225
2012,11,PI,68.62222222222222,29.605393714719145,28.201071248315259,58.849338372761856,53.266032682204781,980.11820549042159,979.49720265385406
2012,11,ES,340.0444444444442,23.616450617283952,22.659753086419759,84.888872955173127,80.07551076411022,988.38054053315864,987.8509029826289
2012,11,SP,117.70000000000002,23.881935129602851,22.560053780125987,73.448965246730253,66.974565688694838,942.71400964177292,942.1673413527144
2012,11,AM,175.79999999999995,27.994426862339221,26.883157124755932,81.627839258191372,76.415043485569711,1002.1854917020762,1001.5046808158928
2012,11,MG,277.70188679245263,23.156964753418645,22.000713959163566,80.60770899802155,74.779599784538433,929.79219697554367,929.2235646664152
2012,11,PR,89.7826086956522,23.095611901764649,21.807426216676784,75.066366767017655,69.292865658832838,943.85966320561931,943.31808897801534
2012,11,MA,98.64,28.299850433084952,27.220267468110631,71.666707107508032,66.8173679113562,994.90193922821743,994.3124174788104
2012,11,PA,97.600000000000009,28.272976447227364,27.097905033609266,73.908466591702023,68.574056260991355,995.30346336200444,994.70204372865066
2012,11,RO,260.49999999999989,26.442500000000017,25.368298611111115,84.006250000000023,78.47638888888892,981.00920138888887,980.31954861111126
2012,11,SE,7.8799999999999972,26.864500775915587,25.685123060211037,76.535370887647417,67.38267380509005,992.3517562073248,991.82241945996282
2012,11,AC,191.86666666666662,26.324524452757,25.170107428188789,87.15919922416181,81.576227833194778,990.35059157661374,989.64811582155733
2012,11,PB,0.91428571428571415,26.931547619047613,25.496349206349212,64.393849206349174,58.651587301587334,967.48791666666682,966.94248015873006
2012,11,AP,30.800000000000004,27.361944444444461,25.869305555555538,81.027777777777757,74.838888888888945,1008.8256944444444,1008.27486111111
2012,11,AL,4.5,27.299472421830732,26.011860834234788,70.594801164168359,65.336855457682987,998.68925925925919,998.156296296296
2012,12,PE,9.3,27.928649745292979,26.596738450749406,59.223057225864352,53.890429251267484,963.62707632346348,963.12362680417459
2012,12,RN,0.28571428571428575,29.062982051903955,27.906853828118678,64.133347481607231,58.726746301236957,1000.5383842671197,1000.0225189991108
2012,12,MG,111.78867924528299,25.408320019533246,23.951167676598516,73.1936080690953,66.117218630123489,930.1308856011467,929.58912808311777
2012,12,ES,47.222222222222236,26.892980884109921,25.58899342891279,76.510420320801245,70.634718726963087,991.86601142473114,991.36696908602084
2012,12,PI,52.7777777777778,29.230388014159811,27.764428612074539,62.167792744974207,55.950752646593287,980.00859120364248,979.420936820052
2012,12,PB,4.0000000000000009,27.493086694604674,26.129810587759277,65.257165792190577,59.751111207211935,972.272565827728,971.76295310928583
2012,12,GO,155.85,25.654685246747885,24.234560935793912,75.152945339868552,67.410365933530514,929.15543884975648,928.57403139798237
2012,12,MT,172.65454545454546,26.089262291512792,24.852764856391069,82.837286573175845,76.615186560518126,965.604336198257,964.85006890286877
2012,12,MS,140.888,27.454564119444122,26.105748625200039,76.199712376456176,69.609796258333645,963.86917148391933,963.2670333202534
2012,12,AM,251.90588235294106,26.592522097601488,25.631032980653192,85.991122416163051,81.392660593710488,1002.5366418046606,1001.8727143247107
2012,12,MA,84.333333333333329,27.983470066993757,26.867394113657813,75.656114711111357,70.310645280770771,994.804710101622,994.2246983787295
2012,12,SE,27.520000000000003,27.282136335970794,26.013891690577626,71.121173269652374,65.360382365442248,992.52326920847463,992.05522418340422
2012,12,RO,208.19999999999993,25.98499956841275,24.983327784354351,84.802872521456038,79.519631054552619,980.94300951958144,980.30827691871355
2012,12,PR,178.93913043478258,24.901155445905168,23.607405592385852,81.611203410592523,75.8165528794095,943.14197117903325,942.55584676941476
2012,12,RS,226.00540540540538,24.107931490282525,22.893394042068213,76.9799393188909,71.065136183183839,971.327065114238,970.67847594385887
2012,12,PA,200.16190476190474,26.994513678944966,25.953071087156459,80.879854081433947,75.925223212604763,995.30788369970821,994.70669649631941
2012,12,RJ,124.67692307692307,25.759002039321643,24.481934421112658,80.539860513284836,74.051463739975532,971.48908143420306,970.96900618779694
2012,12,SP,227.71612903225798,25.493202246027007,24.195741686861297,78.616251866110915,72.046497263943323,942.01802675627118,941.4336267551779
2012,12,DF,273.0,23.226209677419345,21.597446236559144,77.317876344086045,68.850134408602145,892.038978494623,891.50658602150543
2012,12,SC,187.79999999999995,23.292383214321379,22.119660421250362,82.982710120914135,77.395058042553131,943.88727965702662,943.32003210535913
2012,12,BA,20.994871794871795,27.030151074942086,25.585483140828252,66.854442113250045,60.652633853992171,968.49677331584644,967.98192578290912
2012,12,AC,227.83999999999997,25.392607526881719,24.383763440860225,89.816397849462348,84.8163978494624,990.99177419354839,990.277876344086
2012,12,AL,10.933333333333334,27.484747156680218,26.218181019415638,71.1508518877364,65.8905337715465,998.83927707486339,998.35564563623223
2012,12,CE,8.2571428571428545,29.107290091390393,27.774408512427712,60.570863198027737,55.268216476097784,982.22095342881926,981.67344625514977
2012,12,TO,144.88333333333333,26.695254964004576,25.403430274872456,78.847091322758942,72.067978739174933,972.61971357212008,971.99069382743187
2012,12,AP,193.99999999999991,26.464919354838706,25.182123655913976,85.904569892473191,80.616935483870989,1008.8696236559143,1008.3301075268818
2012,12,RR,25.199999999999992,28.795833333333366,27.407930107526855,70.674731182795668,64.89112903225805,1000.3163978494632,999.70120967741877
2013,1,MT,326.48749999999978,25.506073834371737,24.411306633208351,87.036117635226233,81.769268254035026,966.36473158145,965.65228625789621
2013,1,RS,112.15675675675676,22.885054847577582,21.580826940039163,74.905983097728409,68.6462325960197,974.86011656482208,974.36928531609783
2013,1,CE,34.981818181818184,28.995962625668309,27.767146636480689,64.030649638024116,58.709144474857837,983.01146406248654,982.42912211250678
2013,1,SP,226.01935483870955,23.544189203701315,22.366033846219203,81.679093384346515,76.071214911178927,942.98899071063693,942.4739947835069
2013,1,MS,159.40833333333327,26.668692433014691,25.301701013314119,75.142464249244512,68.519763238514074,964.87880691593,964.30467316853094
2013,1,AL,32.833333333333343,27.935103046594975,26.609655017921149,72.301971326164875,66.132392473118273,999.84780465949825,999.39516129032279
2013,1,AM,293.33333333333326,26.765566936277164,25.802682230918911,86.847085145638275,82.1446943107937,1003.9605019627198,1003.326317004921
2013,1,PA,263.04761904761887,26.587728276675751,25.6002739346041,84.4038465879983,79.754790747920921,996.60066252624745,996.01118975664474
2013,1,PB,45.800000000000004,27.891825543948904,26.508629325431194,66.1527871743523,60.25882000072167,973.19720403045324,972.67884541657634
2013,1,PR,133.97272727272727,23.254990357390071,21.952673973174868,79.316694426057452,73.561013709858159,944.84704212841189,944.32957124527707
2013,1,TO,317.81666666666655,25.939986176533129,24.782923346630014,83.792172461181934,77.68224136076492,973.93449457791178,973.337678495612
2013,1,AC,418.39999999999969,25.847759856630834,24.802449313382553,88.03364397487816,82.365169366871356,992.85575824804619,992.19598555512368
2013,1,RN,13.4,29.479700174345787,28.218713183434151,64.484682671555987,59.042849435081436,1001.7009243191918,1001.1569601896797
2013,1,DF,723.20000000000027,21.939383321653825,20.775543097407205,84.079187105816459,77.861948142957246,892.33868255080711,891.83272599859879
2013,1,PI,114.95555555555553,27.97284489073235,26.690096424251539,71.972967454343731,66.014612795394243,981.46015679966786,980.8620378774782
2013,1,MG,274.43199999999985,23.819417786630911,22.607121183970495,79.381732928932166,73.515039275975013,929.87011909362388,929.34154760564161
2013,1,RJ,389.272727272727,24.450231243168354,23.376142274524007,83.11476262872354,77.897049909123126,973.7627814080812,973.28312754995034
2013,1,GO,345.29523809523795,23.994289041115255,22.862027811108863,83.50415764087289,77.405267092725978,929.72882041188961,929.174196940946
2013,1,BA,139.38421052631577,26.578455381895353,25.350356504543338,73.6511497602407,67.892550668700352,969.40095861036411,968.86573610987932
2013,1,SC,135.39999999999995,21.9883169631005,20.758254503974179,79.23019097071824,73.210649522943825,946.37311871456313,945.90109025162917
2013,1,PE,53.033333333333346,27.648342293906808,26.387320788530467,63.526545698924743,57.8991935483871,964.53059543503116,964.02352372090263
2013,1,SE,31.879999999999995,27.488423636710952,26.340446604198654,73.296759066005023,67.721409297745083,993.15892061044815,992.67482080054117
2013,1,ES,220.97777777777773,25.845624253285543,24.646400836320186,78.682074957145062,73.243299049400022,993.17903225806447,992.67699932795711
2013,1,MA,176.7538461538461,27.478170951762216,26.459420799417096,79.290451418998529,74.29171139935363,995.92726053916374,995.3583424956322
2013,1,RR,0.4,29.484005376344061,28.248924731182793,58.639784946236531,54.236559139784923,1001.9452956989248,1001.39059139785
2013,1,AP,213.79999999999993,25.656048387096789,24.595430107526909,88.881720430107634,86.055107526881756,1010.6849462365583,1010.1903225806457
2013,1,RO,520.93333333333328,25.515456989247312,24.596057347670246,88.043458781362,83.355734767025069,976.69153225806406,976.063082437276
2013,2,RJ,130.3818181818182,24.855501675378555,23.689281907741517,83.246069712103008,77.551165759362263,973.47592236263176,972.98369671077444
2013,2,PR,225.29523809523806,23.567970832946539,22.324435491295507,83.625014296927915,78.101153595843741,944.7976373815186,944.22708797222026
2013,2,RS,151.05,23.134634096155612,21.878635897638148,79.661005621464781,73.786251856506979,973.70416939861832,973.18520307593883
2013,2,SC,200.17499999999984,22.396529137471756,21.301935082853202,83.86422433467196,78.17286196037341,945.61764152500461,945.09810051741454
2013,2,MA,141.41666666666669,27.337153055184015,26.239856771236688,80.355937907280932,75.131276219516039,994.27123506247528,993.66640909188641
2013,2,AC,221.19999999999996,25.643849206349206,24.632787698412688,88.381327429345731,82.647097609368913,991.85018601190507,991.13080547924278
2013,2,PA,243.24999999999989,26.388121591034729,25.367780251587284,84.645928736338831,79.922818501086326,995.49205681846183,994.84300352691969
2013,2,RN,19.800000000000004,29.767050586191921,28.478472734838622,63.897803287981858,58.323014063781528,1000.7592700342549,1000.1478341052732
2013,2,AL,19.93333333333333,28.590724206349197,27.219785139933169,69.387949039264811,63.26368003341684,999.30075579573929,998.79676274018345
2013,2,RR,81.600000000000023,28.331101190476183,27.074404761904738,69.938988095238088,64.555059523809462,1001.2750000000001,1000.6145833333333
2013,2,DF,285.59999999999985,23.415550595238095,21.9251488095238,73.462053571428626,65.770089285714462,892.75171130952617,892.22566964285681
2013,2,AP,506.39999999999947,25.085267857142846,24.178720238095242,92.315476190476133,91.5357142857143,1009.641071428571,1009.0727678571423
2013,2,PI,47.275000000000013,28.977050200149769,27.504248830973719,66.141767883205745,59.826357307971449,980.532139834143,979.92923013488439
2013,2,MG,95.161538461538456,24.606340025884368,23.172913031593197,74.545507128260141,67.736489035249,931.07198457024379,930.54748554209959
2013,2,SP,180.95999999999998,24.276906162639062,22.989531116442027,81.273446016616958,74.8444608286328,943.53075150701034,942.95894609569643
2013,2,PB,36.075,27.661895875506083,26.346473831815118,66.995446850298848,61.313765182186224,972.49156816319658,971.9589072591333
2013,2,GO,113.49000000000002,24.736779931228281,23.388396520746223,78.0445125003731,70.816013623134054,930.92216854148342,930.34957739650292
2013,2,BA,51.745945945945948,27.037591860534441,25.674351165562658,69.170389391089159,63.046197344690313,969.27045920565547,968.758315118936
2013,2,MT,256.27586206896547,25.187107994638225,24.074293103638674,86.120259599096158,80.543868911104767,966.523502022829,965.78368315587181
2013,2,CE,77.436363636363637,28.744019461455419,27.457629646292627,65.5819334262856,59.967624542813695,982.33757561995174,981.76799923751344
2013,2,MS,171.43999999999997,26.206747014085636,24.869826237628491,79.447510276585646,72.794854672564085,965.37292416535809,964.76087754742969
2013,2,SE,14.439999999999998,27.743946969696982,26.526709415584417,72.1408823785678,66.2865511959792,992.99897835497836,992.5275324675323
2013,2,ES,48.333333333333343,26.346511243386242,25.031630291005289,77.063029249264233,71.054861210267887,993.60468749999984,993.13320312499957
2013,2,TO,142.63333333333333,26.313181863867612,25.075242659518075,81.69742215825012,75.273418560310887,973.0757708050445,972.45044813910158
2013,2,AM,298.27777777777749,26.213613269287421,25.309061906173717,88.000243888226038,83.5805249205134,1003.4552699342485,1002.755588003659
2013,2,PE,8.5666666666666664,28.115014111247945,26.797732023125331,59.198700054734523,53.891871921182258,964.48476414390188,963.96427741080754
2013,2,RO,326.8499999999998,25.571562552957129,24.575248633706156,87.826317838078268,82.680134987713927,979.08895658574806,978.33705502774956
2013,3,MS,185.89166666666668,25.892480933778071,24.603110192992489,78.578061474350548,72.32521422078328,966.14526360863806,965.54583117615493
2013,3,PI,124.7764705882353,28.176070913796124,26.890248643608047,73.044221832105336,67.297465260567435,981.23739356884232,980.59702568625949
2013,3,GO,207.58999999999992,24.746520142638854,23.494860050939192,81.491010834562587,74.832767682525827,930.44940887165319,929.87306552752113
2013,3,PB,53.999999999999986,27.854229542605104,26.606261727074873,68.541340055870592,63.123751150530161,972.90013480423772,972.34436952557314
2013,3,CE,74.723076923076945,28.645254342592885,27.41907644205012,68.6915112784524,63.352494535694255,983.03367163618032,982.44232593460788
2013,3,SC,232.76249999999979,19.524478907267223,19.154963567691897,83.562026362426138,77.430937602545569,947.40163213788276,946.90677942148648
2013,3,RN,38.8,29.807568943937852,28.611328010620184,66.056032498622415,60.677074558362143,1001.2948291718475,1000.6444085923863
2013,3,ES,217.9333333333332,25.649819378911904,24.503790313554791,82.164226165160017,76.884125909412816,993.72185188566823,993.21396725753959
2013,3,AM,275.90588235294092,26.708273079804584,25.775819482576047,87.56248821866879,83.083603414857635,1004.0756929783578,1003.3811946382029
2013,3,RO,317.89999999999992,26.084461320414455,25.027938069790551,86.546023108255369,81.297020434744525,980.12925254217919,979.38791874675621
2013,3,TO,179.54999999999998,26.443938750073031,25.26905873663274,82.908849730742787,76.88795565302074,978.53529009875228,977.89335494793693
2013,3,AC,278.03333333333313,25.760993312053508,24.775076591190544,88.526817912505877,82.7244952819066,987.59958552921773,996.05191119782535
2013,3,AP,302.99999999999994,25.932650273224009,24.79726775956285,88.834699453552076,87.4153005464482,1010.4525956284152,1009.8644808743161
2013,3,RS,146.92432432432435,20.203392166995755,19.087522294360884,80.562891731190263,75.294078109466213,976.14618994132206,975.62452022313573
2013,3,BA,46.292307692307681,27.611072303706255,26.236684036850392,68.9047085731598,63.138705224255609,969.37056444385541,968.810366586533
2013,3,MG,162.33461538461532,24.151819935713505,22.892752205501871,78.886993986369433,72.952385098277659,931.7077136087554,931.16406585471
2013,3,AL,34.099999999999994,28.255631738382121,27.087852958690103,71.58941615029967,66.490989822771809,999.32056888457328,998.79950436675108
2013,3,PR,202.05454545454538,22.236459211706247,21.021337847940245,83.151660529864444,78.280280483733151,945.86161517918583,945.3322516195874
2013,3,MT,250.26451612903219,25.929890923926632,24.752341436229013,84.933402050477866,79.196348308146952,966.9044790276198,966.15537513465142
2013,3,RJ,297.96923076923065,23.839790569808773,22.833159357222566,86.195057236333426,81.30257903395966,974.23033138722656,973.72245743745361
2013,3,PA,304.45714285714274,26.625350560910533,25.619494877711187,85.249576310730717,80.6832161436031,996.01063514394946,995.34770147996323
2013,3,MA,179.95714285714283,27.408396435740773,26.358258469022047,82.152497395120619,76.854131715554672,995.993438212429,995.35627258163015
2013,3,PE,38.127272727272732,28.575930346122426,27.277163682973487,59.945205064918682,54.38320683621901,964.77984359209779,964.22524356327062
2013,3,SP,178.37999999999997,23.46013946875027,22.302058058883034,81.995452290299127,76.298057759629245,944.14277197358729,943.59883594716223
2013,3,DF,377.59999999999957,22.807851239669436,21.45241046831956,81.7555096418734,74.48691460055106,893.188016528926,892.65420110192838
2013,3,SE,18.48,28.04542527463969,26.863362599908751,71.612406688229839,66.31739529332576,993.10574997441131,992.59060669581834
2013,3,RR,6.6000000000000032,29.334699453551941,28.05860655737704,63.554644808743106,58.542349726775925,1001.7176229508188,1001.0486338797807
2013,4,MT,122.99374999999999,24.984078084176861,23.865919344370095,84.41488857410674,79.172611371875874,968.34107165257842,967.65937436776744
2013,4,BA,101.59999999999995,26.030236621373717,24.838534354219281,74.137530011339962,68.597184007437932,969.51214368423189,968.97827950113151
2013,4,SE,151.27999999999994,26.972164816607709,25.851593816279063,76.954294104036222,71.74181753767634,993.60098402225981,993.09618392719835
2013,4,PI,123.39999999999998,27.16078963274126,25.987743160842864,77.7723319323951,72.000872839902868,982.22732567956359,981.63799918729922
2013,4,MG,95.944000000000017,21.876404275427159,20.612224611711209,79.868783963253534,74.047011623804053,933.10683666930959,932.61198747211427
2013,4,ES,82.688888888888883,23.353359366216658,22.285428700343516,82.353258910697392,77.231317475884339,991.81351164519072,991.33408986476206
2013,4,SP,97.088888888888889,21.299111691360114,20.063435513541126,79.908989449274216,73.915456512670545,945.71393476647438,945.23864787092862
2013,4,RN,126.56666666666666,29.387799482639526,28.160615087913669,68.410817412331667,62.710562230722545,1001.9173047331817,1001.2218188657051
2013,4,SC,105.16470588235295,18.648758548431559,17.438248379047526,81.358144250184779,75.6407684281928,950.20743405780854,949.74553269968044
2013,4,RS,118.50270270270272,19.244620119194792,18.009625081307128,77.1226243806724,71.772100483762088,977.292592133725,976.82360808913791
2013,4,TO,127.52727272727273,26.671940651235662,25.443016902219949,80.986047887860053,74.727438307191733,978.89131116634007,978.29831742139515
2013,4,AC,70.866666666666674,25.862738603988603,24.721283831908821,84.286763906996953,77.884102624462855,982.25150125581081,981.54564992877511
2013,4,AM,254.28571428571416,26.93590719779742,25.951748686954378,86.767698309078753,81.943727652627771,1004.5588088988738,1003.8791476152246
2013,4,PA,252.17142857142844,26.6024232229171,25.566943095817994,85.564571354046365,80.817156006776074,996.53286096166994,995.88355786579245
2013,4,MA,144.19999999999993,27.432436364472633,26.273697162039603,81.987528674731863,76.26792172121803,996.55907149902748,995.95049576302358
2013,4,AL,174.2,27.380876992498845,26.223765822784813,76.790822784810118,71.931112283169256,999.71486638537283,999.18773470464123
2013,4,DF,178.40000000000003,21.531249999999968,20.260486111111121,80.581944444444375,74.129861111111126,894.18805555555662,893.71229166666683
2013,4,AP,345.19999999999987,25.946666666666648,24.938611111111122,90.369444444444511,89.229166666666586,1010.7106944444448,1010.1187500000002
2013,4,PR,99.400000000000034,20.551263389430627,19.185826484881851,79.71625708691451,74.239810149765475,947.56111065017149,947.08541171238073
2013,4,MS,158.08461538461538,23.43570896932669,22.182428562407868,78.244704990481836,72.381099539219434,968.20476401387032,967.68976509806021
2013,4,GO,100.37894736842107,23.384328553172885,22.114973539401358,79.0911786976127,72.61391728462165,931.68348785482578,931.18375242783338
2013,4,RJ,94.716666666666654,21.562005272402754,20.533129025812343,84.485861995949264,79.550179755718219,976.24160822111287,975.77602404013362
2013,4,CE,131.43076923076916,27.384922555411812,26.249669862397649,76.355089975076979,71.0176239414044,983.76012352747978,983.19708393789153
2013,4,PE,116.9818181818182,27.135588127844638,25.903711676740894,68.214927925084169,62.71736385336142,964.90540575074783,964.36423299688647
2013,4,RO,182.29999999999995,26.13733114035087,25.041512019764596,84.318952365089913,78.682457620845327,981.733135155267,981.02018980401976
2013,4,PB,138.31428571428575,27.424142646499231,26.146054509132423,72.0320276826484,66.433043188736676,973.299964162844,972.74776583205937
2013,4,RR,87.000000000000128,28.575833333333321,27.424722222222197,69.866666666666632,64.805555555555628,1002.2562499999995,1001.5772222222226
2013,5,RJ,97.384615384615373,20.26488982111292,19.152735946368658,83.8948157621681,78.693595842115428,976.83223981872959,976.33763676539263
2013,5,CE,89.071428571428569,26.813500221760677,25.742880941563357,77.425941970963251,72.486140844204428,984.4922324268191,983.9709306916767
2013,5,GO,23.533333333333328,23.055143832840891,21.512478440483317,69.789929429521223,62.950412147871852,932.36040783195449,931.89805104079267
2013,5,DF,46.600000000000009,21.173723118279554,19.640524193548451,70.961021505376323,64.108198924731127,894.889381720431,894.4523521505381
2013,5,TO,38.716666666666669,26.839324905372063,25.48970741229747,74.467371519045017,68.050757091583151,979.54965982677038,979.008308324106
2013,5,MS,62.851851851851841,22.441704885190706,21.125133472131768,75.964163708314643,70.15842986971515,968.84737511692424,968.34753908654591
2013,5,AL,162.23333333333332,25.644287634408602,24.667159498207877,84.621191756272452,80.303315412186365,1001.01104390681,1000.5353270609318
2013,5,RR,352.1999999999997,26.914919354838695,25.821370967741935,82.892473118279611,77.358870967741922,1002.959139784947,1002.2961021505383
2013,5,SE,129.32,25.202912911425834,24.253127587113188,86.818192818697469,81.587862692895683,994.87153020454832,994.41427055542226
2013,5,RO,86.65,26.568028310304641,25.365851320366851,81.290379209858585,75.2298051016616,981.88410717109446,981.15780064041724
2013,5,PR,117.94545454545454,18.3448013290231,17.203202130089409,81.397596824173746,76.498609572128018,944.95955462461563,944.43955521603266
2013,5,MG,49.966037735849056,20.879348407975403,19.486244936960524,76.186138771485986,70.421510962462165,933.864787000813,933.37931507451538
2013,5,SP,85.820000000000007,19.922528411822181,18.616562744122032,77.148439929860515,71.155953199067383,946.30043089503329,945.79881688757678
2013,5,ES,48.311111111111117,22.508958226698507,21.329269588036166,80.954985361537311,75.763793533953532,992.50765946349247,992.01849802573406
2013,5,PI,41.10526315789474,27.649572391885652,26.366328462431483,70.369960168000873,64.514664778642555,982.72033043628653,982.17627688957441
2013,5,AM,228.22666666666649,26.748475905247613,25.757002472967272,87.319621367707242,82.578572149720074,1005.1282062029494,1004.490373303761
2013,5,PA,174.30909090909083,26.735477346300879,25.653119487030366,84.057962725349967,79.201323713952,996.8738626059918,996.27546290913358
2013,5,BA,59.528205128205123,24.923398948593753,23.731679228282104,75.3561340726533,70.048843655253734,971.48585048509619,970.98621263546306
2013,5,MA,96.674999999999983,27.182087834150693,26.057745919771634,80.508058888435215,75.0378297279418,996.91747717605688,996.36564727270547
2013,5,RN,85.942857142857108,27.792741056038288,26.724773396184375,73.4318165828262,67.986274785708417,1002.6066294074877,1001.9594752934416
2013,5,MT,34.958823529411767,25.215254401464637,23.874185254658244,78.3913492795757,72.538681823720893,968.66603736147579,968.022280224065
2013,5,SC,69.960000000000022,16.247741119252069,15.181740812671739,83.7421276845647,78.880503797735116,948.82958238674678,948.297927019184
2013,5,PE,61.133333333333319,25.465516099738014,24.352199671610613,74.027473359717348,68.946082600420482,966.07114469980547,965.57384787408887
2013,5,RS,106.572972972973,15.718281376703644,14.640324973076998,81.378847942897011,76.758049606541192,977.52189706284014,976.97710119995975
2013,5,PB,86.5,25.862469700585642,24.753240304923132,76.4442099229691,71.374265454460186,974.22294378864876,973.73495718628487
2013,5,AC,217.4799999999999,25.161827956989249,24.160026881720434,87.067402534991288,81.284256923169323,982.65734885372285,978.151974243561
2013,5,AP,310.39999999999964,25.851074380165272,24.824628099173573,91.8198347107438,90.829752066115645,1011.0846280991734,1010.4811570247938
2013,6,PR,301.5899999999998,16.911409425751973,15.974040250752729,88.516333105173445,84.883726626172887,945.54764599139071,945.02291632144784
2013,6,MT,35.406451612903219,25.429991987167249,23.990988511361607,76.522521682198033,70.359771885293114,969.20344281527025,968.58531651863268
2013,6,MG,26.20754716981132,20.59078842771196,19.244478217647202,78.062406544608862,72.618280277010413,934.97729225282671,934.51783655186944
2013,6,SP,85.641379310344831,19.21000375054216,18.068955163358858,82.7773170766496,77.126448086110472,946.74081515080184,946.25651494627289
2013,6,RS,95.843243243243279,14.001916555413828,13.034359028521729,85.729691418940519,82.098905697102722,978.4251338028173,977.90339257763617
2013,6,AM,95.149999999999991,27.285451182091677,26.0829974868805,84.384159451546466,78.788885026279644,1005.3774046794842,1004.7559673698272
2013,6,GO,14.59090909090909,22.877580583248541,21.411649210818368,71.629623409879486,65.161807458776124,933.77306251321909,933.32767239507962
2013,6,PI,15.368421052631582,27.879412294790967,26.442050821126532,61.504169645785282,55.667887334405151,983.51359367039777,982.98172971446013
2013,6,ES,43.5777777777778,22.102498228477053,20.949088959861637,83.959914940106,79.102388405032826,993.664450209775,993.21243398592208
2013,6,AC,51.800000000000011,25.446525359795725,24.143562243693903,87.785799236710574,80.397929386277511,989.89550618036208,989.57053761412874
2013,6,AP,202.19999999999996,27.423672566371678,25.85353982300887,87.4269911504424,85.300884955752167,1011.4227876106189,1010.8803097345133
2013,6,DF,54.0,20.641364902506986,19.197423398328695,74.147632311977816,67.616991643454057,895.78391364902518,895.36344011141955
2013,6,RR,245.59999999999977,27.452646239554316,26.204178272980482,80.103064066852269,74.155988857938738,1003.0883008356539,1002.4564066852365
2013,6,SC,209.67368421052623,14.903344653289464,14.035999362226383,88.7829355735635,85.027204380006154,949.59089970502373,949.05365477776684
2013,6,PE,91.783333333333246,24.912295508124711,23.763478065768247,73.2323408685934,68.361635606308354,966.9842014928463,966.50737923178269
2013,6,RJ,54.850000000000037,20.284392564850549,19.273879692589823,85.762670005968189,81.2623499385619,977.805764019347,977.34459021583871
2013,6,MS,151.85925925925926,21.402313903721307,20.253083947947623,83.111745390506741,78.154335754961863,970.24633841937225,969.7167890608431
2013,6,PB,113.54999999999998,24.777496755380845,23.686527136425262,79.024186996014038,74.1162086093399,975.15756611992617,974.6998700574627
2013,6,CE,90.553846153846152,26.510107262743535,25.376559425329802,74.792975561982232,69.586196510339875,985.30561198065607,984.8167153346875
2013,6,TO,19.8,26.482922590902866,24.96847427653401,68.575549734525012,61.875705407884979,979.4524926708981,978.97847257865658
2013,6,MA,54.733333333333327,27.087296639136607,25.845996887017368,77.141344323194076,71.4314860973632,997.56407555876069,997.05946001475877
2013,6,BA,76.0972972972973,23.983992220174635,22.817555685635078,77.216639474871272,72.411457571172164,972.62023195307313,972.15201702671857
2013,6,RO,56.800000000000004,26.560111908521538,25.224607011692072,80.064468268190112,73.738585153380782,981.74663830881957,981.02989350282974
2013,6,SE,109.20000000000002,24.36424206978414,23.324628875974359,86.0965022961098,81.142877974202719,996.00378825147084,995.57741508888591
2013,6,AL,124.26666666666665,24.861829349810222,23.848987857918168,84.889428253977357,80.473756153390667,1002.1174197257174,1001.6741945302233
2013,6,RN,121.14285714285712,26.749770239978243,25.69532861282137,76.158314453285143,70.913089122492678,1003.5290258495024,1002.9592205956166
2013,6,PA,92.155555555555566,26.990281900654082,25.836756148581436,80.29777513183906,75.152236452318647,997.51140235598859,996.98577908580057
2013,7,RO,49.13333333333334,25.064967367297218,23.709101716007385,74.094974289837779,68.09700074991045,983.12138004333212,982.4459425291991
2013,7,CE,39.016666666666666,26.430718630284566,25.147161557840796,68.931175759748271,63.205503815187235,986.3142187402633,985.82278739633739
2013,7,PB,79.149999999999991,23.991534378829929,22.917141672629242,77.390854185815186,72.463051789549965,976.33976337977833,975.87904508138229
2013,7,PI,10.578947368421053,27.839845092891551,26.280664090023418,54.587478052832417,49.075590052545472,984.40749969198089,983.88548599521312
2013,7,SC,95.65,13.562013535344914,12.484050136195872,82.746077438368587,77.817168187872525,951.86414417160393,951.34079116136206
2013,7,MT,6.5151515151515147,24.271674775035148,22.605312840906819,65.103238535574221,58.622760293212551,970.73064228289252,970.11621229374612
2013,7,RN,89.314285714285688,26.29161463883937,25.196965026891164,73.95491349287137,68.697822017271278,1004.614544718473,1004.1029920735701
2013,7,PE,95.933333333333323,23.524610498403458,22.448129470495036,76.620066823721118,71.829109992849851,968.29126153669108,967.83009162513122
2013,7,MA,47.662499999999994,27.167630570678579,25.780377116750316,71.409461751312065,65.513668743637879,998.36826906081671,997.85417305198109
2013,7,PA,109.31818181818181,26.673190589306031,25.465400079089676,78.687988412308556,73.40694921492927,998.83493186416058,998.2858232378901
2013,7,AM,112.50588235294114,26.589422799030014,25.384593315842015,82.7431279593944,76.9997838229562,1006.5956736802555,1006.0070457290099
2013,7,AC,47.000000000000007,24.17335312488272,22.967262795752891,81.5761211763736,74.6015447368961,990.76543778917926,990.225892398367
2013,7,SE,181.49999999999997,23.632628530061218,22.59605061333983,86.4033700486278,81.597014841481439,997.37896170006741,996.95721960614424
2013,7,AL,176.23333333333323,23.865209761437296,22.884665593327458,85.795208219768369,81.331397210282844,1003.6447950279872,1003.2124321030534
2013,7,AP,104.40000000000002,28.867153284671542,26.78613138686131,87.543795620437919,85.171532846715408,1012.2981751824823,1011.7200729927008
2013,7,DF,0.0,20.372091459314074,18.639744451916606,62.37525218560846,55.607935440484226,896.581640887694,896.14848688634891
2013,7,BA,67.8051282051282,23.296093749663036,22.067531591271365,75.480103483391488,70.240828071620612,973.99102643069727,973.52100955462367
2013,7,MG,14.837735849056608,19.847797096839642,18.332795066851318,71.338369857703356,65.3444112292024,936.194618829401,935.72935332054738
2013,7,MS,26.707692307692309,19.897968400638252,18.445348263120891,70.233108660650714,64.039447448423147,972.33944136572143,971.84406951312064
2013,7,SP,48.566666666666684,17.552539698426841,16.196115573289937,77.181091308592741,70.978238769333373,948.59488691340744,948.114364577672
2013,7,PR,83.21052631578948,15.978681974721102,14.705765665613502,79.548658108433017,74.399500465035132,947.71779361507663,947.22757335581946
2013,7,GO,0.618181818181818,22.0269450626613,20.326008771200534,59.335748699827782,52.863003352294193,934.97539752483476,934.52232736722476
2013,7,TO,1.1272727272727274,26.7381072808579,25.012294415522394,58.422632250960106,51.66586906270188,980.17519412364879,979.68650964558128
2013,7,RS,78.6540540540541,13.347335980063285,12.249556232499552,80.133709099516182,75.300374084975928,980.65345438336465,980.13056934910765
2013,7,RJ,111.92307692307692,18.738585009662895,17.621921199596919,83.166734039775264,78.025062008775848,979.85160811604055,979.38062663171763
2013,7,ES,50.244444444444468,21.200088379635648,20.072501431118969,82.319955908672128,77.499908589543168,995.46850324252955,995.00667198914266
2013,7,RR,283.99999999999983,26.746505376344086,25.478897849462356,81.2620967741935,75.1908602150539,1004.2798387096781,1003.6392473118277
2013,8,RJ,33.783333333333339,19.356622387436566,18.082640126440079,79.694518052607123,73.815716423175871,975.73077298551789,975.26054526907024
2013,8,SP,8.3448275862069,18.955362386508597,17.310788095919349,65.904412514219274,59.222231405997931,947.2507850227521,946.77091200612517
2013,8,CE,3.6428571428571415,28.013870094958808,26.583747032537353,58.903167025741169,53.456532496288482,985.20042539449832,984.641069857562
2013,8,AL,101.29999999999998,23.783019713261655,22.728651433691766,85.044802867383538,80.120519713261686,1003.2239695340503,1002.7639112903222
2013,8,GO,1.2,23.400779526256642,21.55304342904229,47.741783281521613,41.507494041678733,933.80014914930371,933.30023252982539
2013,8,MA,6.2124999999999995,28.207837193990073,26.707642498678307,64.691670672524126,58.759547637142148,997.06412431225976,996.50221658583439
2013,8,SE,83.440000000000026,23.474185629420184,22.356767901208503,85.016678380779041,79.427483553295289,997.18205027252736,996.72556713209462
2013,8,RN,51.085714285714282,27.091013824884794,25.88202239815142,66.982103470006663,61.794794661730144,1003.7836161001486,1003.2591821261177
2013,8,ES,62.955555555555584,21.317906212664273,20.02753882915173,78.749103942652326,73.315113500597377,994.9920698924733,994.522162485066
2013,8,AP,70.8,29.05338164251209,27.185748792270541,82.268115942028956,79.002415458937222,1010.6975845410633,1010.0985507246378
2013,8,SC,213.40999999999994,14.076809178119014,13.003401893915694,81.372083140029417,76.471852419170219,950.69250736968559,950.12620981095336
2013,8,RS,191.6648648648648,13.133314987200363,12.035373345277559,78.179849905391549,73.422103343169411,980.03506209878856,979.4088274534779
2013,8,MG,7.3169811320754707,20.774735634924234,19.117364930834462,63.413577375401907,57.128295664659269,935.37839310270476,934.88587119330509
2013,8,MS,1.7037037037037035,20.645473380271351,18.858383329233988,55.86740153496163,49.592721227475842,971.73421651837293,971.2059495072391
2013,8,PI,2.5263157894736836,29.055576346406085,27.453216319029291,46.873423285697356,41.951098656196208,983.25664662293343,982.68409660474583
2013,8,TO,1.2545454545454551,27.871915739472627,25.991576233177959,48.927007889865543,42.067757690217832,978.8439084501947,978.30309318875834
2013,8,AM,108.96470588235292,26.945996425649842,25.6797312525048,80.890946143379765,74.791823383102781,1005.3034381417912,1004.6824297681185
2013,8,PA,61.254545454545458,27.540866113717044,26.280805921955462,75.438786429897192,69.781679761893741,997.50124923889246,996.933261108871
2013,8,MT,0.42424242424242431,25.245851949073739,23.3693177979639,51.363643293676347,44.989683893749984,969.51909495903158,968.84910610140207
2013,8,PB,80.5,24.603793164304747,23.392196938716669,72.15852172990499,66.944177905337014,975.72658532131641,975.22730612216242
2013,8,PR,36.718181818181812,17.116197398222148,15.702534982548213,71.424440629196383,65.945932867224315,949.2914877103791,948.78087786945537
2013,8,AC,51.96,24.532375448028684,23.217863799283137,75.495081649042945,68.5095958446735,989.53804099462366,988.94807347670235
2013,8,BA,73.84210526315789,23.441482668283125,22.144908587624741,72.42827318969303,67.017293764010972,973.5378561787976,973.023402953869
2013,8,PE,52.616666666666674,23.801138070695071,22.636495058744668,73.373578443935884,68.351474474004675,967.78126598485278,967.28141651035253
2013,8,RO,16.800000000000004,25.931515556618265,24.362476904182245,61.224335565023388,55.035372829898847,983.05896344158532,982.42014716111635
2013,8,RR,325.39999999999992,26.593413978494638,25.274193548387089,84.010752688172076,77.868279569892465,1003.0696236559135,1002.3970430107524
2013,8,DF,1.0,21.656720430107523,19.915524193548382,49.853494623655919,43.761424731182757,895.608870967741,895.12782258064476
2013,9,MT,47.205882352941174,27.110760668310494,25.52293725355549,62.349180540610931,55.925437259454469,967.86597097273068,967.11425453060417
2013,9,PI,3.378947368421052,30.462342137516064,28.80359531329777,42.522655474412922,37.883649924060364,982.53920360691075,981.91770434549119
2013,9,BA,50.692307692307693,24.908955218806241,23.606677134282357,69.203025848903124,63.772806752194143,972.62157305435278,972.06556025767725
2013,9,MS,71.31851851851853,24.215787872666372,22.607553026684911,59.264602277652344,53.076209102289951,969.45002639220138,968.825913329467
2013,9,AM,132.67499999999998,27.558695364874389,26.325901484523868,81.477391523904529,75.776948421187427,1004.5743513159438,1003.8803603766742
2013,9,MA,10.9625,29.283890522119734,27.83178249490091,61.537352403947878,55.830238434412045,996.60603531833715,995.99861347286412
2013,9,PA,44.536363636363632,27.853165112304296,26.622283956510188,74.3183305905111,68.557820610141533,997.24136850886725,996.63441598023485
2013,9,PB,76.724999999999937,25.394873511904763,24.117589285714295,69.835416666666674,64.480183531746007,975.59691220238119,975.06861607142855
2013,9,RJ,77.076923076923137,20.830068343753211,19.687500429503022,78.964039070632822,73.541594048442846,977.6705168448317,977.122806718781
2013,9,RR,70.200000000000031,28.079722222222205,26.645555555555561,78.273611111111023,71.579166666666708,1002.1925,1001.5161111111116
2013,9,RS,132.40540540540536,16.422721300827668,15.315080704188254,78.439321848024619,73.354825908086156,977.83412613930307,977.21116759023926
2013,9,SC,222.57999999999993,16.536037651396711,15.462394507741225,80.808336246429477,75.516223396649153,949.4773768539651,948.80144433601777
2013,9,MG,43.143396226415092,22.550144309269452,21.029566842969626,65.2369733680844,59.411488103500467,934.27705459075514,933.72351753667976
2013,9,PE,29.733333333333341,25.190827643198634,23.86337492559683,66.632999647735886,61.305382926174971,967.37843689185445,966.8389754995261
2013,9,CE,2.5999999999999996,28.516141258858596,27.126920284158125,56.767172740051564,51.625779356534728,985.0141903231837,984.43179660940416
2013,9,SP,78.027586206896572,21.203128907409035,19.714994120913069,67.072766154224908,60.882764074297086,945.85054170844683,945.25388258946282
2013,9,PR,134.35652173913041,19.31760058973709,18.009286689449848,72.023788465864769,66.650805518541432,948.06032891336633,947.42544989745261
2013,9,GO,31.827272727272732,25.65565656565656,24.015202020202029,51.892951366815,46.03251350921807,932.48494318181838,931.930965909091
2013,9,TO,20.733333333333334,29.074989739138179,27.430145032051289,54.835364805911674,48.471795094373221,978.62892358682973,978.023783459596
2013,9,RO,82.850000000000023,27.256666666666682,25.829097222222217,71.602777777777789,64.914236111111066,979.87930555555556,979.03576388888871
2013,9,SE,50.20000000000001,24.511527777777776,23.325444444444443,79.8277376364804,74.266140012845241,996.77641666666648,996.28519444444453
2013,9,ES,46.866666666666674,22.278078757662083,21.101034490201162,78.879137983205311,73.853921020540938,993.95876154709492,993.42567318483975
2013,9,AL,46.240000000000023,24.813217592592594,23.644236111111109,79.556712962962976,74.326620370370378,1002.975023148148,1002.4701620370366
2013,9,AC,75.879999999999981,26.213729532163754,24.902765018607131,77.316883922231824,70.397684599438392,988.25836091174915,987.59109782030816
2013,9,AP,35.6,31.462151394422314,29.123904382470112,79.784860557768909,75.812749003984081,1010.9187250996015,1010.281673306773
2013,9,RN,39.999999999999972,27.555695141648659,26.351060796207211,65.813045852796947,60.705096272281487,1003.8613276220691,1003.3082786028025
2013,9,DF,105.20000000000002,23.04944444444445,21.498958333333373,56.574305555555505,50.651388888888938,894.6999999999997,894.18083333333414
2013,10,PR,128.70434782608697,20.934177962536577,19.689479031223279,75.230070468122,69.497768084442541,946.58903375601028,946.0328232817069
2013,10,SP,118.10344827586208,22.107367799030119,20.796304021059875,72.25652614597297,65.739994743292129,944.40783202309262,943.85292890227277
2013,10,TO,107.4,28.030142863034445,26.624401769244614,65.949702220272613,59.497877487590188,978.169802901467,977.52991907876185
2013,10,BA,69.31794871794871,25.700912345847826,24.4225495627344,68.21961801326762,62.77150002576996,971.18495693458283,970.61845810132218
2013,10,RN,1.1142857142857145,28.489772145417319,27.253217035519913,63.148392311922791,57.899224365174156,1002.9405992205722,1002.3797588230833
2013,10,PE,28.083333333333339,26.432736614230691,25.034542012586023,63.662900265193755,58.14652385176926,966.06197144833743,965.513964022686
2013,10,RR,51.2,28.818010752688149,27.233198924731209,72.724462365591435,65.736559139784887,1001.2662634408603,1000.6262096774198
2013,10,PB,22.025,26.319623655913972,24.994422043010754,67.593413978494624,61.971270161290313,974.571303763441,974.035635080645
2013,10,RO,223.99999999999994,26.288635283138479,25.101852226839476,82.428418615297957,76.370465910691649,974.73807739939957,973.654582218153
2013,10,MA,51.05,28.811548960255553,27.499606553891152,65.8243541956596,60.35919159464602,996.07058243018787,995.460149880041
2013,10,AC,159.95999999999998,26.036908602150525,24.947634408602134,83.493340850410135,77.02941219727424,987.25457033753469,986.526404614399
2013,10,AL,141.73333333333329,25.622334229390678,24.424305555555556,78.889336917562673,73.6306003584229,1001.5360215053761,1001.0143817204299
2013,10,DF,236.39999999999978,22.714045698924728,21.311088709677428,69.367607526881883,62.497311827956878,893.52479838709689,892.976008064517
2013,10,RS,154.77297297297295,18.573362426718504,17.379485431090359,77.015097655327551,71.3536623696168,976.69811948041934,976.13005520739523
2013,10,MT,160.86470588235292,26.394743723366432,25.093946851756947,77.01854278914297,70.730844032927521,967.09325458108844,966.30700777249922
2013,10,CE,8.82857142857143,28.751171274961596,27.360349462365591,57.6264400921659,52.392281105990776,984.18591589861751,983.59692780337969
2013,10,MG,98.845283018867917,22.86206047981252,21.526483222073669,70.588139966982183,64.669313519260029,932.753855829276,932.20147899233564
2013,10,MS,134.5851851851852,25.111332427906731,23.78045004914372,70.9958543674359,64.673220295980371,968.03660838070255,967.41939419716277
2013,10,SC,116.55000000000003,18.293618617072568,17.212549038505536,80.524816735551809,75.025675156045025,948.3487626716726,947.79615807240214
2013,10,GO,115.06363636363636,25.388633710140489,23.995979685520428,66.669182308911019,59.81329092311,931.29206145728756,930.69441198768789
2013,10,PA,56.505263157894746,27.862961722751596,26.649318567284553,73.4416392056697,67.578153385940311,996.59042975738635,995.98048480695
2013,10,PI,19.568421052631582,30.56488398415393,28.948125353706857,47.1092246745897,41.802467816961325,981.52700905489553,980.89565647990946
2013,10,RJ,112.4153846153846,21.342273707426529,20.299986182123018,81.3324417959519,76.215388499536644,976.12913688965318,975.5953599600067
2013,10,AM,140.47999999999996,27.89469450173711,26.682916536039382,80.963508622531037,75.22793427121276,1003.5784993033212,1002.8807567353263
2013,10,AP,19.400000000000002,29.804713804713806,27.840067340067339,80.885521885521868,77.373737373737384,1010.3047138047142,1009.6673400673401
2013,10,SE,154.36000000000004,25.271409390873963,24.118373312204227,79.290382956038925,74.091168546710577,995.32812225936732,994.8261326502552
2013,10,ES,91.622222222222277,22.695355436081236,21.614770011947442,79.79181600955792,74.6321684587814,992.19965651135044,991.66070788530453
2013,11,MT,184.46666666666661,25.775099209498165,24.591821970232804,82.1892513414002,76.415617542759534,965.47877846756148,964.71015557465932
2013,11,SP,145.72413793103445,23.362462166825807,22.056813388503333,75.399146122461289,68.834838426170663,942.3552966040578,941.82711288222413
2013,11,AL,57.7,26.177291666666672,24.985949074074078,76.711805555555515,71.518055555555577,999.34067129629625,998.82539351851847
2013,11,PB,28.7,26.255364583333343,24.987517361111109,68.436485898328669,62.886810875116062,972.7522048611113,972.22781249999991
2013,11,SE,67.879999999999981,25.82952955493742,24.655880080358518,79.117222608561249,73.723335460918818,993.07325679956728,992.57295143718147
2013,11,PE,25.600000000000005,26.692798816365631,25.363454319467252,62.410985677796006,57.060259875022766,964.07173474274782,963.53675851806236
2013,11,TO,211.71666666666664,26.266736111111108,25.07298611111111,78.424537037037027,72.136458333333337,972.479938242322,971.83947598214934
2013,11,RO,277.39999999999992,25.502731481481469,24.543425925925924,86.099537037037052,80.879629629629676,975.22509259259266,974.560231481481
2013,11,RR,50.200000000000166,28.726944444444484,27.332361111111133,72.31388888888884,66.105555555555554,999.81111111111056,999.16361111111132
2013,11,PR,108.96363636363638,22.738934505548116,21.460025967989836,75.510524356500511,69.857362862665568,944.66897422478962,944.13249779815476
2013,11,SC,113.19000000000001,20.348987851215853,19.208890300814751,79.574285482248726,74.117847202086523,946.44445338935043,945.91100936276689
2013,11,BA,142.10270270270266,25.871650184876373,24.600230756784178,71.145537101908275,65.413101021471974,969.00994763941878,968.45046211238173
2013,11,ES,172.46666666666667,23.918329086916895,22.800348413290244,81.229780843483269,76.136257146408084,989.83041014168543,989.33372441793006
2013,11,RJ,247.99999999999986,22.390846351916007,21.331200125663209,82.73443413817,77.834222448955842,974.03169245770357,973.54420692352119
2013,11,PI,74.682352941176475,29.329542279059584,27.9120323233982,57.036320259827932,51.326624722883651,979.990545006888,979.38300325697242
2013,11,RS,184.89729729729726,21.43741662086212,20.231260254569623,74.675698087042491,68.961935812744755,973.89152905780384,973.31142732367766
2013,11,MA,78.55,27.724141446084676,26.619745495143043,74.490930350716525,69.35899199119595,994.61770998033273,994.01746471630054
2013,11,MG,174.69230769230765,23.454109007574043,22.139177036876386,73.7686209707021,67.635315704504251,930.6658344591184,930.14557885973966
2013,11,PA,139.39999999999995,27.081753403067037,26.019363081857964,78.276016206220334,73.008089515711,995.110884000864,994.50041734872832
2013,11,MS,129.39259259259259,26.517644982822315,25.129692885094141,71.302565729134542,64.858098827246536,965.80141473090669,965.22315714045749
2013,11,CE,32.861538461538458,28.249761904761908,26.989980158730155,61.576190476190483,56.498511904761919,982.47714285714312,981.91261904761882
2013,11,AM,233.05882352941168,26.839961159563455,25.825556401191989,85.291955191170459,80.359338927454345,1002.2105271583944,1001.5309389358007
2013,11,GO,199.2,24.73192875867873,23.396992848554479,76.1332406561617,69.008237940496031,929.60516543010976,929.024293402223
2013,11,RN,23.200000000000003,28.210255288210863,27.058082576037989,65.520144428533911,60.321627002631359,1001.0603858968771,1000.5021156099416
2013,11,DF,460.99999999999966,22.335486111111088,21.006527777777787,77.672916666666822,70.513194444444309,891.78312500000072,891.236180555556
2013,11,AC,225.2999999999999,25.810631012268157,24.82992345724222,84.230325154275278,78.058578464467345,985.176388538021,984.49292822886241
2013,11,AP,1.8,30.842982456140337,28.681578947368426,81.464912280701768,78.17543859649119,1008.3649122807014,1007.740350877193
2013,12,SC,146.0,22.4328932912576,21.217038043478261,80.879248254000061,74.884115073799535,944.13158397615723,943.60189486909758
2013,12,PR,99.090909090909108,24.455880766242718,23.109772018999124,77.134446360628758,70.923132712161092,942.70921376967112,942.16727945242826
2013,12,MT,271.31874999999991,25.337330716816844,24.246768209839907,86.193980621305371,81.172060184864918,965.41729867936226,964.67970583053159
2013,12,BA,193.54444444444437,25.625868850327635,24.553792495312898,79.499729874728118,74.099939161442876,968.467329116738,967.93285534434858
2013,12,CE,26.085714285714285,28.274964711604262,26.994596184976839,63.621816291532021,58.520846254752485,983.01886496186614,982.47383345427806
2013,12,RJ,294.86153846153826,23.893703553094593,22.842354784027673,85.599181233046366,80.737589212235733,970.92481460274723,970.42697349633681
2013,12,PB,55.550000000000004,26.740574596774202,25.507190860215069,69.2437836021505,63.814852150537661,972.90361223118293,972.39509408602123
2013,12,RS,98.389473684210529,24.321620470519541,22.941879288032595,72.755742007443743,66.4552429912089,972.84702622705709,972.31698445634777
2013,12,TO,317.64999999999986,25.628227585872349,24.601479511840289,83.494487110873578,78.170310002293959,973.01525357992227,972.41335725860858
2013,12,MG,374.59622641509418,23.644690945131881,22.46225640078838,83.15125328170808,77.3010051759499,928.9938025217092,928.45710261864576
2013,12,PI,140.975,27.929156017079865,26.657262585958108,69.5169139769058,63.5566223484296,980.76528922953355,980.19605113534124
2013,12,SP,132.67857142857142,24.777056603520819,23.40673495438531,74.809240214832613,68.088246145380353,940.29987013721188,939.75470257277618
2013,12,MS,137.32592592592593,27.155959959818144,25.792258029273757,75.941001277461865,69.28838720552011,963.87766248998332,963.28005639472553
2013,12,AC,194.33333333333326,26.375586465119959,25.418044520366536,83.738082146348248,77.6546266233766,987.13794802867369,986.44242831541192
2013,12,RN,15.342857142857143,28.430677051352824,27.325702718459858,67.5921074938029,62.633356540202143,1001.4560760647769,1000.9065747798709
2013,12,GO,279.42999999999989,24.353033212186347,23.135895802251333,82.417250008991218,75.731639999301791,928.91695264844736,928.33560015352009
2013,12,AM,204.54117647058814,27.33863994557656,26.272202419729922,82.7088712468646,77.7102720398866,1002.8986357981328,1002.2318237962128
2013,12,MA,109.48749999999997,27.693046650710063,26.598978433633086,75.891113002529366,70.831989642298808,995.24840360598375,994.67674052351049
2013,12,PA,104.98095238095236,27.434393599837247,26.30779297984699,77.960445080969023,72.474156327651514,995.79718942677016,995.2145989990089
2013,12,PE,98.466666666666654,27.177161846270987,25.873414469718352,64.523992946670589,58.963409198287842,964.01071271618878,963.49736913992035
2013,12,SE,69.84,26.889268875092267,25.739237687954962,78.5401606302062,73.1089186192155,992.40587497648346,991.91037225574883
2013,12,AL,38.266666666666666,27.366868279569896,26.146438172043016,73.974462365591393,68.881272401433662,998.80873655913967,998.30376344085994
2013,12,ES,507.37499999999989,24.889562348997064,23.925626975988163,86.093411061871407,81.770511610104037,986.66099727318488,986.13750258807318
2013,12,RO,345.99999999999989,26.107487160969352,25.072078518696838,85.677314191625413,80.187786872091166,970.69572529413176,969.61998241420383
2013,12,DF,651.0,21.95383064516129,20.754704301075304,85.904569892473077,79.581989247311711,891.20423387096685,890.65080645161333
2013,12,AP,240.29999999999987,26.976652729493573,25.822164568260817,85.227163393779989,81.781901249647689,1008.9066170252752,1008.3290209527388
2013,12,RR,,28.310349462365586,27.037365591397865,70.932795698924693,65.095430107526909,1001.1159946236563,1000.502150537634
2014,1,GO,121.92000000000002,24.900063332772326,23.434604431252037,74.407796976900769,66.537762475236676,931.70001082233932,931.12905251841016
2014,1,MG,74.600000000000009,24.712463127643474,23.182941543790445,72.5612331389616,65.200437564502536,932.83888047110543,932.34359100223844
2014,1,SC,198.48421052631576,23.582266594292804,22.358677626137304,82.252186724565746,76.203870023008037,946.49325811621168,945.96281198304371
2014,1,PE,20.85,27.029736905142126,25.672422837041779,62.156436308953488,56.535062679655042,964.978248207885,964.49136790695184
2014,1,PA,203.6555555555554,26.739379790117574,25.624338565977816,80.438442171220075,75.10074814057883,996.86544590450637,996.25281168777008
2014,1,RJ,93.15,25.783854166666675,24.409335797491043,78.988052568697711,72.515662335722837,975.08579375746717,974.61733870967737
2014,1,SE,15.959999999999996,27.009536480780113,25.648707718427591,75.0661797424955,67.731310384553751,993.91701134038533,993.46901451830558
2014,1,TO,210.85999999999993,25.552280640506446,24.381888935437324,81.373304473304444,75.413007959782163,973.47777824326215,972.86968603081493
2014,1,AL,31.033333333333339,27.146482974910395,25.862634408602144,73.222670250896087,67.68817204301078,1000.1141129032258,999.65062724014365
2014,1,ES,51.571428571428577,26.028914650537629,24.648807123655907,78.105342741935488,72.052083333333329,988.77318548387109,988.31221438172042
2014,1,RO,363.34999999999974,25.335457182839953,24.356153065401116,87.366781992566118,81.982618146820727,973.20792568255206,972.18292734191743
2014,1,AP,320.19999999999948,25.811155913978492,24.882997311827936,87.120967741935445,84.208333333333343,1010.2151881720436,1009.6596102150532
2014,1,DF,261.40000000000009,22.780981182795678,21.265053763440839,73.401209677419274,65.809139784946211,893.7324596774198,893.21982526881686
2014,1,RR,3.5999999999999996,28.693413978494625,27.389784946236578,63.338709677419331,58.205645161290349,1001.8202956989248,1001.218010752689
2014,1,BA,48.005405405405405,26.08430773478694,24.723933040821677,73.336720081042955,66.922168847834584,970.33390733072417,969.84609008095356
2014,1,PR,182.34285714285716,24.9326890671482,23.553739560548674,79.766813721230449,73.187620294280137,945.762513578217,945.20932017818359
2014,1,RS,178.57222222222217,25.22172637139041,23.903515664184088,76.685947636683636,70.737689572936787,975.29650531213736,974.747774019527
2014,1,SP,114.28148148148146,25.654944977920174,24.10831677594172,72.909420671217873,64.908200447593131,941.35577938971983,940.79319576756291
2014,1,PI,51.588235294117659,27.717289190718727,26.35704584040748,68.735027513877327,62.407772218810585,981.62149122807034,981.04879032258077
2014,1,AC,306.19999999999987,26.168397534889031,25.172873055364903,86.335013440860223,80.105126728110577,988.055017921147,987.36527777777781
2014,1,MA,165.59999999999997,26.692863360680608,25.606870799862225,79.6233016433263,74.411803062419082,996.2743186320215,995.67518030371536
2014,1,AM,243.30588235294107,26.704184020320238,25.695379882190021,84.414788844252655,79.2359124634558,1003.8426854940572,1003.1895204997032
2014,1,MT,211.95172413793088,25.184164457992033,23.976445041869976,84.462596570057485,78.674700414620048,967.72109089568687,966.96375392779942
2014,1,MS,165.55833333333331,26.302395425306376,24.872931604500572,78.285580186865417,71.087264068568459,965.71994909844852,965.10946022986025
2014,1,CE,49.485714285714295,27.906539801589034,26.663984089598163,66.7858045271357,61.316195332236788,983.52915755706636,982.99897922080766
2014,1,RN,24.05714285714286,28.590964803106655,27.424714252373192,66.054400826155387,60.953309166677712,1001.7753282701652,1001.2651759265398
2014,1,PB,49.875000000000014,26.758988575268827,25.478864247311826,67.972950268817172,62.25184811827954,973.42353830645163,972.93252688172049
2014,2,BA,79.388888888888886,25.961666026477371,24.639368410070105,75.002258200993282,68.877224311616018,969.52731606052009,969.02785123959666
2014,2,MG,62.273076923076928,24.8053418855297,23.228490697665613,69.0702134196348,62.131089772107345,931.67380997995326,931.19765299112066
2014,2,RS,189.60571428571424,24.815094733236805,23.502075649017669,76.953944038349292,71.0508671826807,975.88906018391208,975.34899862881252
2014,2,PR,128.78181818181818,25.218546992921073,23.78997279467599,74.709426226048592,68.342594743262737,945.26600694902993,944.76233640538874
2014,2,CE,105.5,27.119345238095235,25.989498299319731,73.661564625850346,68.2418154761905,982.73053784013609,982.20036139455772
2014,2,PA,249.3545454545455,25.998943078347285,24.997807967409241,85.748624837923927,81.115208750314025,996.07188702709709,995.43248385347658
2014,2,PB,93.374999999999986,26.276376488095231,25.110751488095232,73.868303571428569,68.275111607142861,972.50805431547622,972.01393229166683
2014,2,AM,278.88749999999987,26.145353918947425,25.227707452649625,86.815635231849939,82.071682583430857,1003.4174587315205,1002.7544944587468
2014,2,MT,259.06428571428563,25.28484202482959,24.160047101096357,85.236641760971892,79.80708115606609,966.36510353852827,965.6344644316456
2014,2,RO,316.8499999999998,25.266220238095251,24.322135416666658,87.811383928571416,82.774925595238088,973.3826264880953,972.45297619047619
2014,2,PE,79.672727272727272,26.476436587545319,25.234650436575308,67.9817690003987,62.395076853958905,964.07518993933888,963.578849108015
2014,2,ES,74.100000000000009,26.153042524717133,24.688291118570017,76.373594970646678,70.140743816601329,990.2234179989556,989.7681875646573
2014,2,AL,53.366666666666674,27.113566468253971,25.923065476190473,75.1909722222222,69.630208333333329,998.99766865079346,998.52115575396851
2014,2,AC,206.54999999999995,25.547123871688427,24.62308182766688,89.014762180745834,84.416716356086226,986.88448470456592,986.2084851608073
2014,2,SE,49.2,27.177716543513966,25.758830049261078,77.463831505906043,69.735072500069563,992.84107758620712,992.38217159277451
2014,2,RR,17.000000000000004,28.885119047619064,27.614136904761928,62.827380952380963,57.7395833333333,1001.1894345238092,1000.5647321428564
2014,2,GO,137.08421052631579,24.898187065655236,23.515500172188116,73.813421157751478,66.621147501069672,930.73151455331026,930.20136185345314
2014,2,SC,136.86666666666662,23.767056271186824,22.463155250863263,79.343160202544766,73.089372143561192,946.680124913065,946.18414477662373
2014,2,MA,207.9249999999999,26.463722339599038,25.446946400402986,83.194554886717185,78.111257465284154,995.41456443022571,994.80076703469672
2014,2,RJ,67.846153846153854,25.766644040346375,24.307349035036122,75.018236812985066,68.560621825454888,973.88439119332645,973.4415258085844
2014,2,TO,238.89999999999989,25.398322961760467,24.310551046176045,83.695181727994225,78.219990079365061,973.44301046176076,972.84021960678206
2014,2,SP,97.715384615384622,25.99221854821981,24.458003774021385,67.474112548196956,59.90531912410848,940.74938835349826,940.24469722866877
2014,2,MS,147.03999999999996,26.583435755951008,25.208444730318632,75.595907241649584,68.930730471562939,966.08621380634793,965.532976807561
2014,2,PI,144.45333333333332,27.001640510681881,25.818968812780419,75.445375609796955,69.642656414570439,980.95430822584342,980.38986620139008
2014,2,RN,38.000000000000007,28.442708333333339,27.285639880952381,68.489583333333314,63.12227182539683,999.29037698412674,998.76133432539677
2014,2,AP,248.69999999999979,25.418154761904752,24.600446428571445,90.406249999999943,87.908482142857139,1009.4526041666663,1008.8935267857144
2014,2,DF,283.0,22.424032738095249,21.072023809523806,75.1674107142857,68.288690476190482,892.84583333333364,892.36636904761917
2014,3,BA,90.955555555555563,26.165000165734202,24.89102566516193,76.758353031175446,70.744157639158587,969.95737084552752,969.42872702602
2014,3,SP,116.82962962962962,24.397118508458917,23.039601419632223,77.044961608201717,69.998107646600118,943.94317142478326,943.42005162722671
2014,3,PI,138.70588235294116,26.676540085488412,25.485072387977542,80.438334439054643,74.561620393139,981.79481499562507,981.19481639596631
2014,3,MA,223.06666666666655,26.686411421724873,25.626702086190424,83.73196217911206,78.591614217204764,996.21690634799063,995.56830389592665
2014,3,PA,335.91764705882343,26.183716729864514,25.16133333556758,85.60270539587782,80.573279576863982,996.86066405696806,996.200084891941
2014,3,MG,121.9607843137255,23.860804690248724,22.548435922342939,77.254109068607875,71.067424075452863,932.05606038361452,931.5519552523358
2014,3,MS,214.98399999999992,25.618326772458982,24.342146454176483,79.97034237422163,73.685637495896515,965.98861555298333,965.403099173482
2014,3,AL,41.466666666666676,27.487208781362011,26.318637992831537,75.65546594982078,70.396729390681031,999.54814068100359,999.04386200716874
2014,3,RO,301.24999999999989,25.768447580645162,24.787399193548389,87.247647849462368,81.967741935483872,974.52536962365639,973.56683467741925
2014,3,SC,188.52222222222213,21.225186528992971,20.132684692741332,84.711242128049321,79.561340826291215,947.09891696638738,946.60390332897737
2014,3,TO,218.23333333333326,25.779167612609719,24.6437363556098,84.57141328250556,78.878565217090951,974.14440486403043,973.507807305308
2014,3,AP,360.79999999999944,25.918413978494634,24.944018817204302,88.351478494623663,85.467741935483872,1010.2408602150531,1009.6495967741935
2014,3,AC,365.8499999999998,25.438373655913985,24.483635752688173,89.43548387096773,85.205309139784916,987.63578629032236,986.94307795698967
2014,3,PR,186.71304347826077,23.109087278626703,21.796787863354815,81.067216078888251,75.281679531097552,945.880207634362,945.36527079768621
2014,3,RS,188.77777777777769,21.514943033328461,20.334494455924222,80.346519815983257,75.3626594283688,976.13533366568333,975.62808854987838
2014,3,PB,148.2,26.476411290322591,25.313155241935487,75.7631048387097,70.169522849462354,973.16340725806458,972.62656250000009
2014,3,PE,66.679999999999964,26.874107124170095,25.574892758784788,68.996812189043652,63.150972034747653,964.70818780216018,964.17182671699948
2014,3,RJ,173.26153846153838,24.20178213395797,23.009698609691458,82.1605287806335,76.53205596269423,974.59571344631036,974.121388364904
2014,3,RN,92.0,28.608157706843034,27.412200396740335,70.981207092578657,65.418408544457975,1000.0111049939661,999.41694209976549
2014,3,GO,197.53684210526322,24.591082127323773,23.278255866419396,80.263167962244978,73.203503341106739,931.33243547439633,930.74944749638178
2014,3,AM,349.92499999999984,26.591557387244077,25.621592066578742,86.201080033472422,81.059177949115011,1003.9451527704713,1003.2480180424844
2014,3,MT,229.63448275862055,25.668444267253683,24.513010174718275,85.2830673278576,79.792166939110516,966.8264683863697,966.05960728637581
2014,3,ES,95.444444444444457,25.523541122962065,24.325478701251505,79.6700601471962,74.177546386746215,990.3964708043693,989.9239223995844
2014,3,CE,142.38461538461536,26.939440603337239,25.77571147918205,77.537853110462251,72.1313270489023,983.59950826247234,983.02820023496315
2014,3,SE,55.440000000000012,27.039549307371882,25.808648890826309,71.817672284700876,71.482757661959724,993.41507652814119,992.930956359585
2014,3,RR,21.999999999999996,29.970060790273557,28.640729483282673,58.109422492401187,53.21124620060786,1001.4857142857139,1000.8183890577498
2014,3,DF,689.99999999999966,21.84314516129033,20.600806451612897,84.30443548387106,77.719758064516157,893.47258064516188,892.948521505376
2014,4,MG,78.925490196078442,23.007807781913236,21.656642672769983,77.890174917488864,71.795909767573477,932.5023421621,932.025471471476
2014,4,TO,156.06666666666666,26.125129407484675,24.913301701823524,83.334610344872019,77.441001358625684,979.07664352144536,978.465148424439
2014,4,BA,86.723529411764716,25.950974090624008,24.672128322454359,76.516095635619337,70.450755153710347,970.28068104683643,969.74929657489542
2014,4,RS,114.20000000000002,19.663081475006404,18.592611010343767,80.614809484303038,76.115400771229929,978.74169934111944,978.24815200911337
2014,4,SC,136.53333333333333,19.336756975651777,18.370377852911968,85.257481033271716,80.577501383252255,949.23929778431113,948.76620260125992
2014,4,SP,78.5037037037037,22.5792668848788,21.326751269641971,77.7939797311308,71.5227753441743,945.18989975270676,944.70225957126138
2014,4,PE,108.26666666666667,26.342239011873485,25.122939943594496,73.365746374851867,67.6787521570597,965.02588935249582,964.49819087080812
2014,4,RJ,177.10769230769222,22.375923451593057,21.301174921986291,84.840813660516815,79.732224511136238,975.82082595492591,975.3623117643798
2014,4,SE,139.51999999999995,26.901537246162935,25.718801612707043,73.5957000786492,75.654048825932776,993.51950801807777,993.01451195564573
2014,4,PB,96.125000000000028,26.522204861111113,25.364999999999988,77.101215277777769,71.524479166666666,973.39843750000023,972.86960069444456
2014,4,RN,59.3,28.814260768247532,27.686240735046443,72.350019281484819,66.7006636562671,1001.8619723347684,1001.252842903769
2014,4,AC,211.64999999999998,25.64534722222222,24.615486111111107,88.446527777777774,83.8159722222222,989.10694444444459,988.46194444444473
2014,4,ES,94.266666666666666,24.451516966792088,23.301420454018967,81.3113264269018,76.048893085229849,990.70812544510147,990.23780948759986
2014,4,AL,105.04,27.26950255627672,26.157523019368469,79.237936885076977,74.1667680806676,999.66950609771777,999.15085046103127
2014,4,RR,1.4,31.579069767441851,29.711627906976744,60.116279069767458,52.686046511627914,1002.1023255813953,1001.3151162790701
2014,4,AP,312.79999999999944,26.24499999999999,25.28041666666666,88.393055555555648,85.460416666666745,1010.5078472222222,1009.921180555556
2014,4,DF,369.20000000000005,22.06119610570239,20.734631432545203,82.276773296244826,75.521557719054258,893.92267037552119,893.44151599443683
2014,4,GO,131.57777777777778,24.637916507493848,23.30258781872428,79.1179488259243,72.126463578984485,933.34884344004877,932.82005404752908
2014,4,PR,125.50526315789473,21.365503628757189,20.201307190459129,82.98146636591288,77.970072740353984,947.71506834843012,947.20949234141187
2014,4,MS,85.104000000000013,24.921200755246467,23.694710088492222,78.799134868241737,73.012505089678925,967.54276035909049,967.01011084089646
2014,4,PI,145.78750000000002,26.860030002309706,25.602974183925443,79.6343837718902,73.571443540066738,982.2858499352451,981.68294536709743
2014,4,MA,222.61333333333314,26.726693072241314,25.621369964093336,84.206902227885848,78.890164909002891,996.66275057053622,996.006949588323
2014,4,AM,281.39999999999992,26.721074718983214,25.720925966239456,86.536022719292134,81.10894529395074,1004.5291148394381,1003.8462346461379
2014,4,MT,122.83846153846156,25.931999791808455,24.715442996525685,83.74730608973,78.092929969046054,968.03907403817016,967.29238867060451
2014,4,PA,270.55294117647054,26.621248006780405,25.531312339929492,84.954323481481353,79.2954076959592,1000.0708170721565,999.40463523592325
2014,4,CE,137.08333333333329,26.468936220544261,25.375363421460534,82.111231217145715,76.984541796865884,984.01499217595369,983.45920217187609
2014,4,RO,158.29999999999995,26.030057274764339,24.999311640395607,85.836057506567712,80.55167333101528,976.30633919602883,975.38983319811507
2014,5,BA,61.1,24.432304247347272,23.247880847793606,78.164064998987257,72.779576983967047,971.3496292720946,970.86472691512711
2014,5,SP,43.786206896551732,19.763935773356273,18.416699565903009,75.638548389834028,69.383651357537815,945.96225733559459,945.49462596193484
2014,5,PR,119.81000000000002,18.0854379193064,17.006278328224987,83.90212453021168,79.367605532902161,948.14919360274939,947.636599211072
2014,5,MS,125.91851851851852,20.734371383803655,19.566704068834508,79.367171782056332,73.933173568093736,969.80521251912387,969.2667044541779
2014,5,PE,98.399999999999977,24.624256988771581,23.542965764673269,77.825341216296607,72.997990452324814,965.8688722948433,965.306781701898
2014,5,CE,95.633333333333326,26.521117493884717,25.382004320897238,77.879042554248315,71.958706841378756,984.23848096014092,983.70947559702347
2014,5,RN,115.71428571428572,27.609851092726394,26.506677599144,75.898233429758008,70.497155476168132,1002.2887196813616,1001.6833150430269
2014,5,MA,233.41333333333327,26.950484969842886,25.805303046773435,81.4497898821419,76.147259216005793,996.80362158208573,996.23561476744828
2014,5,PA,233.29230769230759,26.803266130748121,25.7365971721327,83.9425206816875,78.665865607712774,999.69092441907026,999.08778074875283
2014,5,RJ,68.861538461538473,20.402190640159741,19.247739396091273,83.632672763818277,78.299261743752979,976.82595896249836,976.352856801288
2014,5,PI,76.933333333333337,27.008222097065946,25.632826237069509,72.560081138940134,66.121755286702509,982.637683598282,982.09271037869985
2014,5,GO,13.680000000000003,22.778017301097613,21.277623348232165,70.209309724790529,63.365621013186029,932.89271461045439,932.4511424854926
2014,5,MT,46.33750000000002,24.808792933791693,23.533775632295352,79.0167570609027,73.4564613516374,968.68963232951114,968.04767980647443
2014,5,SC,104.85000000000001,16.474454801590547,15.491236893132184,86.431138092547329,81.9039314255498,951.05455903559118,950.526921421801
2014,5,ES,19.511111111111109,22.815623081261514,21.615370038133104,79.81837656412705,74.399563787807452,992.328979129452,991.845223530013
2014,5,SE,128.44,25.240831239324539,24.160984098287983,78.829717698896,77.899185762360077,994.55100600045239,994.08609018118227
2014,5,AC,148.64999999999995,25.173443103932698,24.16967302355549,89.211284874699729,84.846240848959269,989.63303233448426,989.00996222336175
2014,5,RR,59.000000000000007,29.0274193548387,27.756048387096776,68.571236559139862,63.049731182795767,1002.2330645161297,1001.5857526881723
2014,5,MG,14.364705882352942,20.967112883345859,19.474645588323906,72.830826822708886,66.847927414504184,933.62590380093832,933.16784242792858
2014,5,RS,140.23999999999998,15.943385335925745,14.896402417992821,84.844409345176089,80.893387046777349,979.22292575328652,978.69301213683207
2014,5,PB,136.87500000000003,25.285231854838703,24.157795698924726,79.241263440860223,74.029401881720389,973.87562163978464,973.38771841397863
2014,5,AL,223.54999999999984,25.313328853046595,24.379435483870967,86.089829749103956,81.814292114695292,1000.6978046594982,1000.2222222222221
2014,5,TO,58.745454545454542,26.607414874551974,25.267428315412189,75.95262096774195,69.575044802867353,979.26045943304018,978.7594208211143
2014,5,AM,251.26666666666662,26.572883531412081,25.60049203990917,86.820774298849059,81.754821763317707,1004.7421512982997,1004.1080624877827
2014,5,AP,383.19999999999948,26.075134408602146,25.1788306451613,89.592741935483872,86.828629032258164,1010.5574596774197,1009.9897849462363
2014,5,RO,154.15,25.483702956989248,24.428561827956983,85.1488575268817,79.8834005376344,977.78615591397852,976.922345430108
2014,5,DF,6.6,20.982325268817206,19.366599462365585,70.915322580645125,63.526881720430104,894.68978494623639,894.273857526882
2014,6,BA,58.978378378378373,23.378897321218659,22.140395852998935,77.095101523926132,71.807690399928191,973.27805036,972.81263030725779
2014,6,PE,51.999999999999986,24.161741975820775,23.026399329373685,74.218331112529185,69.268350919881286,967.247381235907,966.77964526296046
2014,6,PB,99.32499999999996,24.522673611111124,23.381927083333323,77.6661458333333,72.525694444444468,975.42984375000026,974.98586805555556
2014,6,ES,41.02222222222224,21.720013968230447,20.556835742391456,82.899819438595586,77.929521682728321,994.50298264632943,994.05238841272308
2014,6,AM,157.77333333333331,26.82531471338676,25.801464384134963,84.769952189045853,79.628538139812676,1005.3789546327548,1004.8281720848659
2014,6,MT,9.8060606060606048,24.4825591681035,23.050408899583822,74.838306793940589,69.0122434418382,969.60221987927162,969.01816167664788
2014,6,RO,16.049999999999997,25.756100198412703,24.537896825396839,79.504712301587247,73.983878968253947,980.80353968253985,980.13631845238115
2014,6,MG,12.305660377358491,20.28164401195836,18.771085320104312,73.436577420853382,67.671688184357421,935.36816287562908,934.91879142361609
2014,6,AC,53.26666666666668,24.891557239057235,23.800929082491564,86.922369528619527,82.530534511784509,990.66665298821522,990.11338909932658
2014,6,PA,108.84444444444442,26.971191425967703,25.839189831024889,79.236673265728427,73.7833188532392,997.29145439673209,996.78023817008761
2014,6,DF,14.2,19.986805555555556,18.446875,69.713194444444355,63.086111111111123,896.02840277777818,895.5998611111105
2014,6,GO,3.2636363636363632,22.254097863193827,20.685269374903424,66.577807561006466,60.043490971373451,934.21863165979062,933.7618519783955
2014,6,RS,179.95135135135132,14.433437050170262,13.494333263538623,85.022451096862611,80.923329048392688,979.42877855500126,978.86437830942054
2014,6,MS,51.753846153846169,21.255085406014881,20.042314600050194,76.931643177180121,71.551037662000283,969.16762214577886,968.68272853533813
2014,6,SC,259.54999999999995,14.861499159581131,13.999012131738381,87.364569845299954,83.540583683195436,949.37585228530293,948.76081267270592
2014,6,PR,192.85999999999993,17.537116512604882,16.532789585446992,84.031352770033919,79.847171571930687,948.87546757321843,948.35451300239629
2014,6,PI,14.05263157894737,27.615873867442183,26.089563192914937,60.661032166131129,54.670147258661089,983.63681440189634,983.14062575944774
2014,6,MA,42.262499999999982,27.229458887587334,25.927680596835625,75.001564977173047,69.51013197840193,997.58436574705206,997.10010866615607
2014,6,RJ,65.433333333333351,20.102955300871958,18.99788476377018,83.422471497733937,78.315789474050831,975.31636300235289,974.86580161929135
2014,6,CE,23.523076923076928,27.02745039682539,25.796577380952378,68.133195834220416,62.8229589513401,985.2904662698412,984.8125992063492
2014,6,SP,19.468965517241394,19.56518538235407,18.1725500098178,74.1202836072733,67.708885510883448,947.16875074789925,946.70369874844619
2014,6,RN,128.17142857142852,27.385308405241283,26.249731676787036,70.664289709172266,65.385425322254179,1003.4806845903911,1003.0020617609457
2014,6,TO,0.8666666666666667,26.078051402410757,24.536685049966522,67.62329688868283,61.028337486478144,980.365687033759,979.90355683047449
2014,6,SE,120.88000000000001,24.330033427495287,23.212185499058378,84.572670755021974,78.666020462409662,996.6536784369116,996.22837711864372
2014,6,AL,128.55,24.584513888888893,23.565671296296287,84.678009259259284,80.0824074074074,1002.6261574074076,1002.2000694444444
2014,6,AP,381.99999999999983,26.794218809252943,25.715732840348871,88.221321577550214,84.949606560485478,1010.9501317785368,1010.3935883579827
2014,6,RR,312.79999999999978,26.71611111111115,25.593611111111105,82.781944444444434,77.393055555555591,1003.3066666666668,1002.6998611111115
2014,7,BA,81.8,22.910178070689959,21.706215338481776,76.148681792666963,71.024354509973065,975.46717689365687,974.99031982664849
2014,7,MG,37.08461538461539,19.540042436142958,18.098338569272737,71.35834414875211,65.8683450213242,937.57512344856082,937.10837921078985
2014,7,PR,95.978947368421061,16.68565347817589,15.565927459646838,79.781646259245662,75.040774755929974,951.69512268234052,951.20732538834875
2014,7,MS,119.55833333333334,20.113465648595298,18.850030742637557,73.440811603831875,67.971423161602416,971.51682979931763,970.986732767848
2014,7,PE,52.883333333333304,23.569969857677417,22.41129436976426,73.642585856980261,68.389054102943931,969.52021435147617,969.05590303795077
2014,7,AC,10.733333333333334,23.806102951464375,22.526012307723764,83.8638357807789,78.89155528134502,993.40095057322776,992.85717300776719
2014,7,SP,42.335714285714289,18.428774333293894,17.055832323336862,72.120981234776821,66.0962135781959,949.60858395300284,949.126991133318
2014,7,ES,67.422222222222246,20.673941165517075,19.62008860129383,83.8044466939665,79.1564004154727,997.38301067329314,996.93152885977213
2014,7,PB,77.425000000000011,24.202221146441822,22.996590501586159,74.711570762517312,69.250225369398066,977.54226495624891,977.0867388301599
2014,7,CE,13.030769230769231,27.160855706413219,25.806726949925729,62.041285527135777,56.63819143812858,987.256098717729,986.74726151491973
2014,7,GO,33.820000000000014,21.897251577265965,20.30839584060454,60.918883030617209,54.754122378423872,936.0795023455064,935.59227835033641
2014,7,RO,23.85,25.370598118279581,23.957594086021505,75.40658602150539,69.437500000000043,984.59338037634427,983.968245967742
2014,7,AP,151.19999999999993,27.101683713611322,25.918319564647263,83.781930238657225,79.928619197482362,1012.8115676632569,1012.281384736428
2014,7,DF,8.2,19.608534946236556,17.988575268817208,63.448252688171969,56.872983870967715,897.81310483870914,897.36915322580614
2014,7,PA,65.188235294117632,26.877180001508563,25.667236995009727,76.942573636898544,71.4489978430956,999.05219658752878,998.53891252100038
2014,7,MA,13.533333333333333,27.247301270375996,25.843390736916746,69.628395468621363,64.07076407076714,999.40046491208068,998.892410682695
2014,7,RJ,104.73846153846148,18.825080610667541,17.799197035695293,83.4093407222647,78.5184670053309,981.61947518459624,981.14893889686709
2014,7,PI,2.2947368421052632,27.905828837600804,26.340838236677097,53.914690180163795,48.372450405889651,985.600993927439,985.07377394701314
2014,7,SE,160.60000000000005,23.46430020938617,22.402215675624625,85.195396149055767,79.342937805541055,998.90553877579919,998.47579976070153
2014,7,TO,1.2,26.602101425072359,24.861850425761922,59.099159115722486,52.28753788939887,982.02327741994281,981.52687197464354
2014,7,AM,94.000000000000014,26.499851963932905,25.369510760278136,83.737986024968635,78.277392126978768,1007.052910276366,1006.4890315651965
2014,7,MT,19.157142857142855,24.370271014470941,22.745480037671264,68.002812581402,61.855718249026914,971.8663599324309,971.22635243114723
2014,7,SC,75.24,14.577063716242286,13.624342413154032,85.051474798783545,80.673954111162431,952.99872130416793,952.50485781735188
2014,7,RS,143.37575757575752,14.455080567202847,13.443208094406003,83.1574098394328,78.4249700470842,982.25484882016963,981.70209693916092
2014,7,AL,168.89999999999995,23.91840992951251,22.889388322031397,85.475340378562208,80.797950070769133,1004.9779307588848,1004.5429736956993
2014,7,RN,75.166666666666671,26.681454064123933,25.502053442058596,69.199922922726614,63.945264241592312,1005.7723091043786,1005.2903021538057
2014,7,RR,,27.013978494623661,25.606317204301028,80.420698924731241,73.823924731182913,1004.7995967741939,1004.1923387096781
2014,8,BA,30.931428571428576,23.113221685184151,21.776987638453296,71.667549133850642,66.231680103151746,974.573019936153,974.06882147610611
2014,8,PR,53.933333333333344,19.115044575162056,17.717168070843034,71.025033630501738,65.195951947568417,951.525453038788,951.02651904434867
2014,8,MS,11.751999999999999,23.465420363299298,21.875450186144036,60.137230354857792,53.565628573525657,971.31303462422545,970.81670512299331
2014,8,SP,18.473333333333336,20.598521146344233,18.900485274343271,61.583609983827856,54.785013445012396,947.78715618471949,947.30196842906412
2014,8,ES,65.955555555555563,21.101235721362581,19.868617776903577,78.439144593058785,73.064137308039747,995.76385373867208,995.2847158478304
2014,8,MT,5.4,26.593910959270179,24.683384796622494,56.757263562458235,49.8316731350655,969.52021589060416,968.85344452356344
2014,8,RO,33.45,27.15574596774195,25.553259408602138,65.8323252688172,59.11760752688172,983.95991263440817,983.37785618279554
2014,8,SC,94.677777777777791,16.078340220827258,14.858507782998984,78.550263640656041,73.033679982032,951.14622476718989,950.59588129754979
2014,8,MA,9.173333333333332,27.927114465787437,26.413400226729969,63.506672327171323,57.812526672241248,998.18728302065142,997.63825570397728
2014,8,AM,84.72,27.353759035752038,26.127717451493673,80.210220423596866,74.408713998716777,1005.9525694023982,1005.3504612081321
2014,8,DF,0.0,21.748521505376324,19.899865591397852,47.167338709677374,41.10080645161289,896.37943548387057,895.91747311828033
2014,8,SE,71.600000000000037,23.41002119616175,22.237898637460852,82.889035296274585,77.015389287955855,998.34054157440085,997.89145136353648
2014,8,RR,153.40000000000003,27.135349462365586,25.855510752688193,79.5309139784947,73.396505376344109,1003.6485215053767,1003.0227150537629
2014,8,AP,15.199999999999998,27.425060174562454,26.188377311378041,80.954219530300975,77.0504903945652,1011.7199101880593,1011.1899126062899
2014,8,MG,9.2943396226415125,21.010399008710461,19.27257274259842,60.854390054640767,54.594804813503359,936.003166745529,935.52411608842476
2014,8,GO,0.17272727272727273,24.193728100320531,22.339534552905906,46.760087191870532,40.336885663908951,934.3831771468848,933.88913026982857
2014,8,RS,80.51351351351353,15.903075036229838,14.692689953481739,77.524248300300059,71.840279152816464,980.0689779829496,979.51817608657461
2014,8,CE,1.0714285714285714,27.693423360913282,26.28979291038263,56.944805568855116,51.740494020188692,986.3021579562909,985.75806691628259
2014,8,PI,0.557894736842105,28.748582502688542,27.125903201496666,47.216811917401188,42.047249229726113,984.42121271528242,983.85567506446182
2014,8,RN,19.666666666666679,27.107027649769574,25.879704301075265,64.060099846390187,58.995199692780346,1005.0027841781873,1004.4949500768045
2014,8,AL,122.76000000000003,23.646813811804485,22.577749506972815,83.495902200622936,78.538868933026549,1004.495194647916,1004.0429771994491
2014,8,PE,41.690909090909095,23.439674353895498,22.243165086776074,71.805827067669128,66.746929150834077,968.984232978279,968.4977152390386
2014,8,PA,30.490000000000002,27.354567606394166,26.066140924826346,73.054957250457917,67.268419723650439,997.76650630582992,997.23840933395263
2014,8,RJ,51.415384615384639,19.273960751129653,18.031530067784576,79.768524382784875,74.140341756961391,979.72894936417856,979.24512712807825
2014,8,AC,45.300000000000004,26.24584842969178,24.59608329204551,77.274714408621293,70.527487926101486,991.70934171246256,991.09831361521242
2014,8,TO,0.81666666666666676,27.8030909724494,25.865442447692281,49.778926736576608,42.711560983927626,976.13430731868755,975.60232377004911
2014,8,PB,27.075,24.487331173759749,23.210707548659062,70.960306613780389,65.587680053389462,976.91288118806278,976.42729478323884
2014,9,BA,30.757894736842108,24.786601748863067,23.393274944817513,67.067157309056824,61.592605425363196,972.87415753686889,972.32918475745237
2014,9,RS,230.21142857142848,17.6436535425854,16.697428838329792,83.393951441596556,78.803049097065937,977.33646778160926,976.6333429268974
2014,9,SC,235.2222222222222,17.815471922338869,16.842961414361682,83.856248155482177,79.096871550914216,948.42228105613628,947.74425888040537
2014,9,PR,201.12999999999994,20.730839787039464,19.545577726947759,76.5322485336462,71.431010079740531,948.62774052718555,947.9717497951433
2014,9,PA,33.440000000000012,27.640589422241316,26.373219393533912,74.201583391903171,68.559261511255045,997.23791439952629,996.65117225459016
2014,9,ES,27.822222222222226,22.696379185217967,21.368289810743654,75.15611481551,69.535561889506056,993.7754540117827,993.23152755053059
2014,9,AM,47.17647058823529,28.381721849085839,27.052569610853684,77.272190369745942,71.094540383568969,1004.2286920104885,1003.5722154630579
2014,9,TO,39.650000000000006,29.031108544819027,27.327046904062556,56.450062491257086,49.636769479855538,974.64471041823015,974.03243052391952
2014,9,PE,46.299999999999983,25.095509979263863,23.807574340475782,66.901060746788772,61.774786338632538,967.68961045950687,967.154085450147
2014,9,MA,16.266666666666666,28.719968094383709,27.317101788307351,64.215054933377246,58.727292446243524,997.22288587238211,996.63209373447353
2014,9,RN,33.94285714285715,27.476190476190471,26.319345238095252,66.5388888888889,61.614484126984138,1004.279861111111,1003.7330555555558
2014,9,AC,98.200000000000017,28.587589251731757,26.768496009997204,76.114071261830418,68.498321693182092,990.24467439293585,989.47646349528077
2014,9,MG,17.766037735849061,23.44720881637005,21.781849132376621,57.119531512432189,51.178290505577728,933.86676824213112,933.32863684165454
2014,9,MS,103.46923076923076,25.968573869102087,24.513479714470378,65.737424426610062,59.562011790915776,968.06817813176156,967.469325296806
2014,9,PI,2.736842105263158,30.226221242253185,28.500854080478703,44.310484184423366,39.132442213964538,982.98442106897278,982.36574594917045
2014,9,CE,7.5428571428571436,28.59350066543454,27.165584187546958,56.899441889765527,51.697166756000634,985.57867242260716,984.98405199163187
2014,9,SE,45.480000000000004,24.433942123181676,23.222164113277628,80.586478759723718,74.757216018162708,997.090762766945,996.59976880222825
2014,9,GO,37.527272727272731,26.428105903086891,24.76322455009495,51.937752598177845,45.587838765498937,932.17508196096753,931.62165943502862
2014,9,MT,65.472727272727269,27.82870308156091,26.225437126632023,66.5808872349306,59.915008156500086,967.10956631045985,966.34211385954893
2014,9,SP,87.0266666666667,22.657915514580797,21.159416419762461,66.237779945349061,59.930785449502622,945.24251580950272,944.65314382182555
2014,9,AP,23.8,27.79930555555557,26.590277777777786,77.42222222222216,73.4270833333333,1011.0670833333336,1010.5117361111108
2014,9,AL,94.166666666666686,24.5042093079922,23.392747319688095,81.846710526315789,76.695382553606208,1003.2976864035084,1002.800587231969
2014,9,RJ,55.338461538461551,21.453349431028798,20.155239312584019,75.834331850865382,69.717364934952457,977.11248703099307,976.54513130106284
2014,9,PB,106.14285714285711,25.244735848154523,24.016147446930571,72.108534136546169,67.0847030981067,980.06493951998448,979.54730373876453
2014,9,RO,95.199999999999989,28.063159722222224,26.642326388888904,72.0579861111111,65.428819444444429,982.64996527777771,981.9827430555556
2014,9,DF,22.6,24.333958333333335,22.633125000000021,47.677083333333286,41.870138888888874,894.48236111111146,893.97666666666692
2014,9,RR,28.8,29.607638888888868,28.102916666666694,66.26111111111112,59.761111111111106,1002.1986111111109,1001.5724999999994
2014,10,GO,69.422222222222217,26.741366585623208,25.109728910162797,53.025798965566466,46.533340100367361,931.46805652049682,930.90153814979089
2014,10,RS,161.81081081081081,20.706854866323553,19.570274208616322,78.007421864464973,72.369629843933637,977.56650470439081,976.85070563438444
2014,10,PR,54.480000000000004,23.3862725045526,21.94414220328942,68.5161368020387,62.284426725837456,947.97740625500978,947.41885312430168
2014,10,SP,40.533333333333331,24.05714437070915,22.455944468173019,61.04379252111903,54.6080563912535,944.85948874425264,944.302587254591
2014,10,PI,21.494117647058822,30.561723795649609,28.996129764171478,46.871374900920145,41.712112957203217,981.89415910616731,981.26880545014831
2014,10,PB,36.975,26.025443250815474,24.747087747455019,68.811823875860313,63.353100542316184,974.93224708311368,974.40821562399208
2014,10,CE,13.23076923076923,28.817427230773397,27.4319721800936,56.643034295271178,51.543880750377454,984.33536669925968,983.75262988109409
2014,10,AM,169.88235294117644,27.277146061931887,26.156067406582004,82.611045875657751,77.099706287857074,1003.8154641914068,1003.1111854670621
2014,10,MT,88.669230769230779,27.796843484964651,26.314989968939578,69.101036906591816,62.79226614294668,966.56187072690363,965.77681893266936
2014,10,BA,46.161111111111119,25.49387785483912,24.160493420286706,66.473427931730171,61.192733800430162,971.97805870285174,971.41543421692518
2014,10,PE,60.43333333333333,25.647290210422721,24.365878003540807,67.316942223020931,62.057241279040745,966.67993544588194,966.14748003468458
2014,10,RN,8.9142857142857128,28.231980191710438,27.042198431703994,63.682783960182206,58.670039039703809,1003.1979097491934,1002.6427469663734
2014,10,AP,32.5,28.100873655913972,26.810349462365593,77.258064516128982,73.258064516128968,1009.9325268817202,1009.3645833333333
2014,10,RR,,28.8665322580645,27.376209677419368,71.6276881720431,65.02956989247302,1001.5036290322587,1000.838844086021
2014,10,TO,127.16666666666667,27.988918010752684,26.500219534050188,63.717876344086022,57.154553461140182,973.97031362007147,973.34413754480283
2014,10,PA,67.610526315789485,27.751984417655486,26.554350980966134,74.865530912579629,69.447964305894189,996.678157516066,996.06595854618206
2014,10,RO,188.5333333333333,27.003322992641188,25.758559778174806,78.077323698337381,72.672633470393407,979.76058457544048,978.89969013616258
2014,10,MG,72.525490196078437,24.140482364090435,22.545276229404411,58.510840117182376,52.701829488506569,933.19688108120192,932.64804692684015
2014,10,SC,101.23529411764707,20.336959152188864,19.133190742444693,78.032575937890812,71.921413628336239,948.93422764391619,948.32015784643158
2014,10,AL,183.07999999999993,24.794650537634407,23.733333333333327,83.513440860215042,78.6376344086022,1000.0798118279572,999.59612903225809
2014,10,RJ,94.538461538461533,22.146007995421122,20.81656734318992,76.075127650394592,69.94972243868294,976.89985365141183,976.35616346133077
2014,10,ES,130.91111111111113,22.968845781265134,21.760895169362911,77.034349672252944,71.6605250411702,993.03280675837129,992.48330047789693
2014,10,SE,76.240000000000023,25.20017701359302,24.01724603657653,78.98104657116771,73.306319065298311,996.07629742341237,995.58320986580884
2014,10,AC,96.466666666666654,26.965986477680026,25.6115265558814,84.435239491691064,78.330115672857616,990.54438334962515,989.91264255457793
2014,10,MS,53.330769230769235,27.670273587949051,26.105089268201919,60.3702692329707,54.012245993329522,967.63251300987929,967.025925730909
2014,10,MA,35.657142857142858,28.879378121021176,27.55708458435366,65.936828303588428,60.423665867529891,996.20550978729625,995.59411182425151
2014,10,DF,273.80000000000007,24.522857142857163,22.873714285714271,54.234285714285683,47.858701298701291,896.19470129870149,895.647844155844
2014,11,TO,182.06666666666669,26.865675959232618,25.659746952438056,77.66899563682388,71.429350686117743,973.12671229682917,972.51463654076747
2014,11,BA,129.96111111111111,25.705694985271098,24.481468494292145,74.477500351979444,69.021533771016749,969.63401239475593,969.083086619702
2014,11,RS,101.98285714285716,22.173466236621454,20.900891861375683,73.9557357425581,67.762520918528281,975.22321871979057,974.68141165180384
2014,11,PR,131.24,22.909742273697898,21.636019642483724,77.1957648541068,71.39569723268086,944.65782191037113,944.0949704529894
2014,11,PA,73.166666666666657,27.75172314033593,26.587720392154718,74.829026832798533,69.510024307123942,995.77626744298607,995.19472113881648
2014,11,PI,82.475,29.492857792204958,28.027485055075619,59.106024760692932,53.090044675468462,980.81778009627317,980.2251558354576
2014,11,PE,33.966666666666676,26.75919875027537,25.402944363888633,64.677615456466413,59.301385539247121,964.6964416553368,964.16753164281249
2014,11,AM,195.29411764705881,27.201644498495988,26.15986002758439,83.701468547288442,78.6159326493398,1002.6723972677611,1002.0055061236791
2014,11,AC,203.64999999999995,25.760260967302376,24.684877301496474,72.779109540157762,69.114077218715252,986.68138465732022,985.98713924625019
2014,11,RR,,28.946111111111115,27.567500000000006,71.481944444444366,65.3722222222221,1000.5538888888891,999.91833333333363
2014,11,AL,32.099999999999994,26.55514687100894,25.359363825031924,75.912372286079176,70.779430076628287,999.71689495530006,999.20384099616842
2014,11,PB,17.375,26.630781250000002,25.316840277777771,67.022048611111146,61.610937499999991,973.43800347222214,972.90484374999994
2014,11,AP,33.3,27.800694444444446,26.593472222222232,79.074305555555554,75.4819444444444,1009.0720138888892,1008.5230555555562
2014,11,DF,639.1999999999997,22.718726765799264,21.332946096654265,79.354089219330916,71.703996282527882,896.05794609665509,895.49316914498149
2014,11,MG,227.35510204081629,23.7889983942474,22.51167514455695,73.8259735684137,67.8126909306021,930.905227132775,930.36676672858448
2014,11,SC,148.84761904761905,20.823502813135729,19.661251040759847,79.090634051272147,73.494651170080587,944.39676214270946,943.86570947227528
2014,11,SP,171.85,23.497232313064845,22.222647250240563,75.9157699777144,69.767449239937292,942.46346452327634,941.91283336446986
2014,11,MS,209.50769230769225,25.562776414408695,24.285733159249624,74.811514605528075,69.278096002043554,966.264894384714,965.64127936965463
2014,11,RN,7.5428571428571418,28.234630178678106,27.073891859040316,65.906631721910813,60.858336689337023,1001.9314312862062,1001.378952998551
2014,11,MA,62.014285714285705,28.604811349564095,27.329056008983663,70.07169512275685,64.4311575340057,994.50472547250024,993.91379281613865
2014,11,ES,126.57777777777778,24.451576460481089,23.327685185185182,77.063939798905423,72.019426944126238,989.53849719994912,989.02250143184438
2014,11,CE,22.928571428571431,28.22459158590722,26.910837565377896,62.228223758112662,56.965445983924731,983.3986249893868,982.82968334494467
2014,11,GO,229.01,24.820883891232516,23.547505215943286,76.729919310447883,69.620060572559652,930.1493032618996,929.56334414746823
2014,11,MT,200.10769230769225,26.157216093221187,24.975046758669151,80.912562086447551,75.465890389821737,965.64358435669624,964.87778095890815
2014,11,RJ,173.69230769230771,22.963112082002194,21.833770882570672,80.760162844381611,75.483689916569688,973.65371241969376,973.15197854604048
2014,11,SE,76.160000000000025,25.994774184824607,24.827885218667909,78.843097410345081,73.608489574165233,993.47353137073128,992.97278187297138
2014,11,RO,293.73333333333312,27.559444444444445,26.289618055555565,78.781249999999972,73.303819444444457,976.38395833333334,975.44527777777819
2014,12,MG,163.75471698113208,23.90002872678863,22.610559197741765,76.839002622369563,70.3999821423977,931.39787321517508,930.89864163638867
2014,12,RS,206.59459459459458,23.074900022329683,21.890013595950332,78.193544166957608,72.475053913307264,974.29163424441811,973.70682093246467
2014,12,MS,174.64615384615379,26.281114294297105,25.059449553899462,78.588740601173612,73.3904381582694,966.13542696196043,965.5446038164547
2014,12,PB,27.542857142857144,27.023889901046697,25.680951208784347,66.449544863894545,60.867955828242756,973.75098752366648,973.231466739453
2014,12,PA,116.69411764705876,27.509527963057124,26.370149441430243,76.1049116968384,70.8454910945493,996.20746396800473,995.6131806513697
2014,12,SP,202.17333333333329,24.379371214897215,23.095423817735156,77.6561441985365,71.286994154528784,943.1574287467264,942.62720576477409
2014,12,ES,90.04444444444448,26.024914717348935,24.7189142771804,75.438148462554238,69.657246274287857,989.658215038043,989.16266624221862
2014,12,AL,13.999999999999998,27.247782258064511,26.039068100358421,74.911066308243718,69.6527777777778,1000.2813396057347,999.7850134408601
2014,12,GO,249.73333333333329,23.934191859540014,22.794650879812803,81.355592225305159,74.889987382769448,930.79045279605884,930.241018039536
2014,12,AM,186.63749999999996,27.30726211162068,26.225880250499486,83.97883892949784,78.935161797585309,1002.8736418560002,1002.2057393542258
2014,12,PI,52.976470588235294,28.986431599272564,27.55005243203955,62.0443916421979,55.915052740585018,981.52876501904132,980.94475512648182
2014,12,SE,25.120000000000005,26.441903051673854,25.261231335161725,77.375108622526966,71.941618103425256,993.989949936877,993.50813547516441
2014,12,TO,238.23636363636356,26.193944286118523,25.033759465868975,79.808962931522359,73.799524011642021,973.88743818551757,973.29074366022564
2014,12,BA,159.79459459459454,25.228236888067592,24.032630062275615,78.195575792570082,72.419431488468121,970.213756419566,969.70387366325951
2014,12,MA,81.871428571428552,27.881312313008941,26.707801621177968,73.37103800127494,67.905901059028309,995.08191097968972,994.50358704735265
2014,12,CE,14.3,28.535776083418451,27.245147924381957,61.038931935959582,55.847982716756576,983.67030580906919,983.12578476658314
2014,12,RO,250.73333333333323,25.718392664509185,24.72223179176672,84.10837074155269,80.169376587674378,969.7477994397467,968.8615595747641
2014,12,MT,275.32142857142838,25.406259021272707,24.294636212325862,85.048507527913614,80.2362524811283,966.17443823882286,965.43307013261165
2014,12,SC,230.25714285714272,21.95053262364652,20.81882157701925,83.063701130650941,77.597509497348355,943.69674328399833,943.1615586060841
2014,12,PR,163.20999999999995,23.910565351669444,22.659300259346903,80.58333168104447,74.8593774878156,944.39818720277549,943.85612732233324
2014,12,PE,28.000000000000004,26.675952247329128,25.341990339866687,65.252292196879054,59.650834741031808,965.16982925561592,964.65138363337053
2014,12,AC,247.07999999999996,25.731867791617869,24.73369605912205,75.34685725629015,71.478172575322048,986.83242290358089,986.13978680932587
2014,12,RJ,126.26153846153845,24.908073695637729,23.604542731981351,78.281459239456126,71.974408237567715,970.20350189985049,969.72110871569532
2014,12,AP,20.999999999999996,27.222446236559158,26.097177419354836,81.668010752688119,78.488575268817215,1009.6311827956993,1009.0875000000001
2014,12,RN,5.3999999999999995,28.804071675726082,27.628482626235357,64.482593344703616,59.577861623387363,1000.9454660179877,1000.4039664477823
2014,12,RR,,29.1106182795699,27.762365591397817,65.944892473118259,60.3212365591398,1001.1391129032255,1000.5293010752688
2014,12,DF,936.5999999999998,22.041850022451722,20.797889537494392,81.64032330489448,74.872025145936178,896.67849124382519,896.15496183206017
2015,1,MT,122.24848484848484,25.791733451616061,24.27817613333535,79.858265000602913,75.766566095069265,967.75001316271459,966.943861396933
2015,1,BA,33.252631578947373,26.513995729115702,25.097805084262649,70.699961780344452,64.426285052188035,972.32442058422077,971.82637938490154
2015,1,SP,144.03225806451616,26.424087448601689,24.930101598070888,72.741252595275284,65.178936263940244,944.49360660639093,943.919263385204
2015,1,MS,120.31851851851852,27.366248140208153,25.913291597670344,74.7387510926059,67.459873764174034,968.202105020654,967.57159934781009
2015,1,TO,134.26666666666665,26.372912237403384,25.061048242646955,79.125959706321467,72.610981448567458,974.6961141384885,974.082776904878
2015,1,GO,85.0857142857143,26.464941275342632,24.875674156663965,68.391579295940659,60.25892871912238,931.85590792455787,931.2578042694754
2015,1,PA,173.95999999999992,26.617362641505338,25.50409720907081,79.9586909382091,74.8645115992687,997.37464983940106,996.76866479009482
2015,1,CE,36.0,28.645971991102275,27.27533159914725,61.591526080092059,55.864397972694583,984.324526701059,983.78322969927308
2015,1,AL,26.933333333333334,27.642236855727674,26.400192348559564,72.50543556033233,67.135125519944765,1001.0413699249677,1000.5704297540277
2015,1,PR,106.54782608695649,25.699285067857357,24.231041253582639,78.013374727495517,70.878485340812972,946.24074091510784,945.66517008650089
2015,1,ES,9.8222222222222229,27.934013455063781,26.361432782921906,66.5763429772701,60.441655354052642,990.44035433841827,989.945964018939
2015,1,PE,9.1000000000000014,27.371754503199902,25.913643402364524,61.786159875975919,55.840777284424796,965.98416923093657,965.4991378610888
2015,1,PI,33.221052631578949,29.446733210388913,27.866800207783193,61.498126388105533,54.785222411428371,982.43754678921107,981.82811654792408
2015,1,RN,10.520000000000001,29.236507133241883,27.979188788508125,62.533405904547372,57.284673166689558,1001.3499887147985,1000.825215644139
2015,1,AP,69.300000000000011,26.477792732166886,25.433041722745624,85.583445491251666,82.619784656796725,1010.7622476446843,1010.2152086137284
2015,1,MG,68.85098039215687,25.9043298456057,24.236017990867197,65.648181006524752,58.294833420636074,931.57638060674526,931.06475868405835
2015,1,SC,208.3619047619047,23.224354707350606,21.992024648820188,84.006620005258256,77.64203219692773,945.164578537569,944.59623178310483
2015,1,RS,204.60571428571421,23.986844673968452,22.785733577302413,81.6719070406068,75.8183128283538,975.10105222437778,974.535782093115
2015,1,MA,86.314285714285688,27.182606690910951,26.039646798315133,76.76969189349245,71.3249893302178,996.98382355143258,996.408719087349
2015,1,AM,278.35294117647032,26.201616791802646,25.183562637607871,86.078518669539676,81.375075574323091,1004.5716119755642,1003.9070256246588
2015,1,RJ,92.353846153846149,26.26172804775949,24.825720096725284,74.695821172794822,67.447997534846664,970.95323210914216,970.45619135408492
2015,1,SE,15.52,27.20262670850904,25.926931602666723,73.5007569689163,67.754178528529465,994.763199868726,994.31043242431292
2015,1,PB,23.525000000000006,27.377415039571012,26.01410701597727,64.8122224350428,58.993757630897541,974.33816479193115,973.83389031139609
2015,1,AC,294.55999999999983,25.036306576263144,24.127354288423,90.533374205976358,85.779488342227353,988.61463902684409,987.93773155621989
2015,1,RO,303.39999999999986,25.407871315069674,24.329486859433565,82.061461634755858,76.1002447575218,968.71306802558684,968.05040621065427
2015,1,DF,239.39999999999986,23.833453887884225,22.085669077757679,69.703435804701613,61.164556962025252,897.65736889692516,897.14778481012706
2015,1,RR,12.399999999999999,28.83055181695827,27.599192462987883,61.654104979811606,56.47779273216684,1002.5321668909828,1001.915343203231
2015,2,MT,210.31666666666661,25.431267089748179,24.215837310994079,84.408989442490224,79.321748675263819,966.927330860639,966.15367600938589
2015,2,BA,114.37222222222223,26.298809993137382,24.971761873179506,75.744559195388661,69.703677509072349,971.70725025349111,971.15843339291689
2015,2,PR,174.24444444444435,24.591855536042175,23.196503941705039,81.795023855606956,75.321059420271013,944.99971768939656,944.4505861387471
2015,2,MS,169.35,26.488732764733516,25.179992072510871,79.7770835225764,73.096086206731016,967.021012526851,966.4063049074291
2015,2,PA,207.21333333333317,26.156128428036908,25.150284673385414,83.456681715622523,78.771970992445546,996.47507820459441,995.854949984611
2015,2,RS,109.50555555555559,23.704610624823616,22.455213933865757,81.622258890658173,75.930670667069847,975.35508340938759,974.86330228603936
2015,2,AM,195.02352941176457,27.090139090306486,26.011518080289672,83.746965557232429,78.805262471457709,1004.2849394906989,1003.6092953487099
2015,2,PE,49.355555555555561,27.52456951478754,26.166746661365117,63.917069650033355,58.210988800252913,965.06581863428892,964.50516048147585
2015,2,PB,81.599999999999966,27.81011062033507,26.509712036988709,66.449222080136408,60.576581175948682,977.15681560667724,976.59621919419908
2015,2,RO,257.06666666666661,25.669865174233696,24.697777437623888,83.5341857776979,79.278175664205037,973.71659272220461,972.78275265320008
2015,2,RJ,167.21818181818173,25.906648818271513,24.644682847084233,79.2144892313242,73.024996518751252,982.912759642142,982.37837618789558
2015,2,SE,52.480000000000011,27.342023809523791,26.114821428571432,76.3125797855027,70.473249397845279,993.75247023809561,993.2422916666668
2015,2,AP,279.99999999999989,25.991725407268149,25.00872102130328,87.430490288220483,84.444744674185515,1010.5832785087719,1010.0095629699247
2015,2,GO,197.52999999999994,24.924496253608435,23.550749396235837,76.914629670544457,69.5390998006245,931.45180630312484,930.86699986711358
2015,2,MG,177.64799999999997,24.354418972654926,22.958342170092294,75.620548826548074,68.9955735127814,930.69446439692069,930.16269135489733
2015,2,CE,115.18461538461537,28.140864058077664,26.883759058888664,68.429843960206526,62.71969870823353,983.8142871566838,983.23474983266317
2015,2,MA,189.44999999999993,26.605927882671683,25.579021909780579,81.436961043473275,76.347756209511147,996.8090205698137,996.19838567762793
2015,2,SC,184.90999999999997,22.44566790856522,21.295409878499079,85.287649770042592,79.375457779136809,944.21553518412247,943.68885628212172
2015,2,AC,264.15999999999985,25.635615079365081,24.679761904761911,89.570535714285711,84.68452380952381,987.59702380952376,986.91187996031738
2015,2,ES,111.94999999999999,27.353808074526349,25.925384163238636,72.18748909672415,66.3000687399941,989.85379097029272,989.33626351019086
2015,2,PI,112.61176470588232,27.727565434139194,26.442132170876089,73.534488352214652,67.05703713135037,982.00163117326156,981.36123735532567
2015,2,AL,53.266666666666666,28.241520833333336,27.043188943001436,74.74838474025978,69.50069985569985,1000.0515979437229,999.52741865079361
2015,2,SP,212.74193548387089,24.396789237782041,23.110210637049217,81.151595296248118,74.5986770654416,943.59652995303406,943.02460065548269
2015,2,RN,66.250000000000014,29.365808146455141,28.115055940684915,66.315657931467683,60.932499093718242,1000.5697874906626,999.99271198026884
2015,2,TO,185.8909090909091,25.768390801925655,24.565268554046966,82.591614993776815,76.51922270495578,974.63965192639489,974.01131754520566
2015,2,RR,1.7999999999999998,29.595982142857142,28.353273809523802,56.977678571428662,52.303571428571445,1002.0950892857155,1001.4531250000001
2015,2,DF,470.39999999999969,22.616583665338688,21.223306772908387,77.292828685258939,70.058266932270783,897.198207171316,896.677589641435
2015,3,BA,54.841176470588245,26.9254620568637,25.568611434780944,73.361570535987909,67.2878471559621,970.740628638383,970.19117478440035
2015,3,SC,154.15555555555557,21.695931420494706,20.566611016478884,83.421389435640933,77.634798870833237,945.44560192524932,944.98379171065426
2015,3,AM,338.72499999999962,26.71692084847794,25.695607241333548,86.196325713361247,81.503131096676839,1004.475855171084,1003.7642613347335
2015,3,MS,133.53636363636369,25.920101912305768,24.566375778682733,79.26368266320101,72.69781354223943,967.73972782405224,967.15811026161373
2015,3,DF,875.00000000000114,21.655887681159452,20.376630434782605,86.653532608695471,80.08922101449285,897.22789855072426,896.68378623188289
2015,3,CE,195.28571428571422,26.750346874894781,25.634557517980209,78.640321452334149,73.334476795537981,983.7508294123943,983.16257168571337
2015,3,AL,34.533333333333339,29.11758616737518,27.893498895557233,72.2015608068684,66.697627531882986,999.531793885972,998.992526256564
2015,3,PE,74.444444444444443,27.374006785303035,26.047672632948952,66.7223940929079,60.706389801863509,964.72483138106372,964.16060601453137
2015,3,RO,394.73333333333312,25.751836917562709,24.817831541218634,84.904569892473077,80.8956093189964,972.07656810035883,971.161245519713
2015,3,RN,169.23333333333332,27.888944742314131,26.817187971263216,75.8446808340561,70.7669588169847,1002.3996651323865,1001.8425497032308
2015,3,AC,263.23999999999978,25.554646981775246,24.61773361803273,90.5736413373043,85.746067794982793,987.68433502113237,986.98804614716119
2015,3,SP,200.34193548387091,23.310130407741561,22.150037364831093,83.094076322539763,77.417421863948562,944.15556598123669,943.63054693717
2015,3,RS,75.382857142857162,22.796966428338717,21.543951660781147,79.528443625737467,73.985934045896713,976.75445485194564,976.30501112103457
2015,3,TO,242.84999999999991,25.675324426861415,24.516531134767348,84.890213062141569,79.1333252065619,974.32721396739271,973.69646830185468
2015,3,MG,178.00416666666661,23.945559284396015,22.618070269753513,78.859002549263735,72.601754931142537,930.03359324650444,929.50474805950762
2015,3,MT,186.46956521739122,25.494632502887455,24.303164928976713,85.35853670548363,80.447385478440637,965.87000105986226,965.099923325364
2015,3,PR,168.78749999999997,23.502176304133407,22.182253187312771,81.167068911783943,75.246918683644239,945.71728252516152,945.20590468825912
2015,3,RJ,185.58333333333326,24.883960846409646,23.77595139076308,83.152016579875209,77.922713460511076,985.9189844249297,985.42976750781145
2015,3,ES,95.600000000000009,26.690198190075478,25.321340449846751,75.79271948767034,69.917778853788661,989.61612977433481,989.10980051129036
2015,3,GO,237.62857142857135,23.908610208889563,22.664450559490721,82.894284835688154,76.13258793335298,929.39725330344788,928.82580664009811
2015,3,PB,137.2,26.592741403651264,25.426115349655763,74.4918438636188,69.185437939970569,973.22454786976834,972.66457146379628
2015,3,PA,321.83999999999986,26.017299451128331,24.995256727516708,85.873183242516959,81.288705947066745,996.31829578672057,995.65085979779781
2015,3,MA,235.21428571428555,26.360397707642978,25.280525797837292,84.357938679968868,79.127309421189182,995.54616212660892,994.8917494947799
2015,3,PI,163.5125,26.699598714230106,25.564081101330764,79.980694018618465,74.075734791895684,981.946324014944,981.3246556607063
2015,3,SE,48.84,27.462825317693067,26.262120527859221,75.170222105447536,69.124669859135793,993.31320459433016,992.79598954056723
2015,3,AP,32.0,26.668391577060937,25.495803464755063,86.278300477897261,81.5748207885305,1010.9209005376338,1010.2578629032259
2015,3,RR,1.9999999999999998,29.775236806495275,28.623274695534519,56.3234100135318,51.807848443843056,1002.0150202976989,1001.3331529093369
2015,4,MT,155.50909090909084,25.69500582670198,24.515345058573637,85.415233266933285,80.604199185191376,967.44085048699537,966.68679893934575
2015,4,BA,121.25806451612901,26.529237643663887,25.235044115045305,76.434891860467118,70.547415960540008,970.118536344154,969.57491957362356
2015,4,PA,227.78749999999997,26.347649352647057,25.259182793086531,86.445133256762972,81.697673260275053,996.6051484440527,995.946948219798
2015,4,PR,73.494117647058843,21.869065475870645,20.546630980721183,79.043943398377792,73.248417346795222,947.29911412803324,946.82286139955431
2015,4,SC,82.93684210526321,19.453603219421133,18.368901890953946,83.141139760558445,77.52939825190694,947.06612376250393,946.6199816592549
2015,4,RR,,29.311805555555551,28.132361111111134,61.383333333333233,56.605555555555547,1002.3480555555551,1001.6631944444442
2015,4,RJ,113.67692307692309,22.371536260222403,21.305983722804541,84.144494551009245,79.114473431943836,975.47640085641058,975.02987984066135
2015,4,AP,0.0,25.629444444444449,24.532916666666658,89.927777777777848,88.606944444444409,1011.150972222223,1010.5962500000016
2015,4,AL,25.0,29.846290708812255,28.574915389527458,70.8081417624521,65.257335568326965,999.43459610472541,998.907515166028
2015,4,PI,120.93333333333334,27.208222808302335,25.929885137590059,78.655884907842136,72.417862920852187,982.55857288737718,981.95351560302606
2015,4,MA,167.65714285714279,27.329100253812122,26.131945453612605,81.449463791048487,75.773892379035289,995.489087124451,994.82361489078949
2015,4,RN,91.32,28.141388888888894,27.069976851851848,73.9099052540913,69.611550127713912,1002.7042592592596,1002.1844212962961
2015,4,MS,119.75999999999999,25.06914504709194,23.776449286518474,78.200813298488214,72.04759188522668,967.84275127812043,967.32213877222307
2015,4,SP,64.206896551724157,22.666662846196964,21.367609038353876,78.991376127966149,73.083103045150878,944.82841187960253,944.357907828688
2015,4,RS,92.709090909090918,20.077345847177877,18.809465388813063,78.268576530377089,72.623235086195336,978.70881943613756,978.2617712284549
2015,4,DF,714.79999999999984,22.359730608453329,21.081467719461237,84.84626103111944,78.045982350208988,895.92918552036076,895.41691176470579
2015,4,GO,135.02857142857141,24.610983155147409,23.328339096659828,80.918331138710471,74.114091620338115,931.91583454587965,931.34712475089827
2015,4,MG,71.9433962264151,23.13552754950928,21.823986594975612,78.295758308442657,72.169827236942666,932.3770598477023,931.88781375206906
2015,4,AM,215.16470588235279,26.973140156559829,25.914139941176977,85.3164706348825,80.00723237135557,1004.9206611995317,1004.2249133997245
2015,4,ES,54.600000000000009,24.548178779522228,23.349245052717265,78.165840800929928,72.663058118769271,990.71686383687006,990.23243934625748
2015,4,CE,140.92857142857142,26.725157144854744,25.553781979959876,79.9523534212315,74.7375574595563,984.07926870821586,983.52741206915573
2015,4,PE,30.577777777777776,27.667883953982212,26.280573537666125,65.3342109629587,58.86284654398164,964.90933036540059,964.36703982860058
2015,4,TO,189.65454545454546,26.210609245609248,25.009698903448903,84.129181454181463,78.2875056875057,973.41094765219736,972.76961984711977
2015,4,PB,75.949999999999989,27.225599464214078,25.997885866139477,72.000395392814156,66.3113209844708,977.12049467079282,976.59547361182752
2015,4,SE,103.19999999999999,27.631215277777784,26.498541666666661,77.236467086834736,71.483674719887929,998.74944444444441,998.246770833333
2015,4,AC,213.67999999999992,25.481447966568783,24.54948542857878,90.260833333333309,85.5188888888889,988.44639806444138,987.76913650002564
2015,4,RO,166.6999999999999,26.099204776422763,25.095591971544728,85.555276084010814,81.18039464769646,978.62773543360413,977.770469173442
2015,5,BA,78.545945945945945,24.393317837220387,23.259001136453442,80.436448542090133,75.351400600429841,972.14605209057049,971.65379812844185
2015,5,SE,216.91999999999993,26.005626862736584,24.853276762752166,80.839850045328433,74.590250480728514,995.152429989623,994.66940725923507
2015,5,MS,144.60833333333332,21.95866615169702,20.821478113196587,81.702627730144158,76.5663869887296,969.69443775752325,969.1792127419659
2015,5,SP,91.8866666666667,19.856118650397118,18.680179711089909,81.18709888829099,76.002824019235717,947.24297792176787,946.74036980969083
2015,5,PR,122.60000000000002,18.57871882329761,17.506044102886293,84.625992602390312,80.185758288156791,949.0596132238536,948.54560166354145
2015,5,GO,58.957894736842128,22.705182072302023,21.448993582072749,77.980280843755637,71.962027991738921,933.6519736444003,933.15908031866036
2015,5,SC,156.84444444444443,16.806897217056598,15.873719742503553,86.464500206936449,81.777360439260789,948.42855718307374,947.95381884883341
2015,5,AC,125.86666666666667,25.240003026489212,24.334810561202566,90.093999640655653,85.400206049642222,989.13814611592738,988.520979429484
2015,5,PA,147.11249999999998,26.814045674765097,25.729091012909098,84.206669531284,79.422284818699126,997.62163392613172,997.02674586206911
2015,5,MA,127.43333333333328,27.10560156892425,25.964599613603127,80.97862394339505,75.54693852493736,996.31348201466437,995.73565880397666
2015,5,PB,22.733333333333338,26.770411649257802,25.510108510551234,71.143572893197444,65.525292689127468,974.51173005664418,974.00556637653722
2015,5,RO,205.29999999999995,25.765356182795703,24.788810483870975,84.399193548387075,80.387096774193537,980.58951612903206,979.84371639784933
2015,5,RN,27.300000000000004,28.556964183112296,27.411260978412542,69.5489936130822,64.7110360222147,1002.7558016732918,1002.2326135071119
2015,5,AP,,26.256782945736422,24.989534883720932,91.532945736434129,90.313953488372022,1011.3687984496124,1010.8011627906977
2015,5,RR,,27.015994623655914,25.95013440860216,77.110215053763355,72.314516129032256,1003.2236559139791,1002.5909946236557
2015,5,DF,102.40000000000003,20.738748874887563,19.422232223222341,79.870387038704081,73.7164716471647,895.49885752688124,895.048118279569
2015,5,TO,64.600000000000009,26.261666666666667,24.981263440860211,77.550403225806448,71.6649193548387,973.49151881720411,972.98534946236555
2015,5,MG,56.892307692307718,20.55899965369461,19.35161087912822,80.012406064132335,74.725780578816611,934.22157302237918,933.75273244253549
2015,5,PI,36.812500000000007,28.044614316449039,26.675591761376729,69.919858988203245,64.006053969366363,983.232043948458,982.67112851978152
2015,5,RS,145.22424242424245,17.14113699536059,16.107614337345748,83.565434639445073,79.079353874611144,979.90334969527487,979.42850878550075
2015,5,AM,200.56249999999986,26.865785169609204,25.76309295767367,86.329323562377581,81.145287750392569,1005.3419147232712,1004.7027846347332
2015,5,PE,38.966666666666669,26.319640412344132,25.071013965651566,69.693914308690751,63.905290833966127,966.317359379949,965.8086528063493
2015,5,AL,118.23333333333331,27.7585074193066,26.644487860412838,79.7640125037989,74.612552280061919,1001.2204653528513,1000.7234292162932
2015,5,ES,120.28888888888888,22.139246297981323,21.08298153865838,83.179967652731577,78.538796616170274,993.77211310433324,993.301668318345
2015,5,RJ,79.7166666666667,20.319942371784677,19.289224157320525,84.824040177388042,79.936618100438736,975.20974451571544,974.73373127256207
2015,5,CE,64.876923076923092,27.536730578214627,26.270064632027619,72.893363514059359,67.360097801684987,984.62469096379914,984.08917200762
2015,5,MT,65.834782608695662,25.220581846318304,24.027662319674086,82.393817311243623,77.504130721334448,968.26277072903076,967.59996211566727
2015,6,BA,109.99999999999996,23.249629106574698,22.097850144275728,79.538551033113876,74.736970264735447,973.17211598115068,972.71955812666658
2015,6,SP,18.425806451612907,19.202096274672861,17.9069153127783,77.498689628336962,72.108084652082951,949.49642608662259,949.0530721653314
2015,6,RJ,86.800000000000011,19.730571536898982,18.61825756254137,83.648235979814572,78.6067335771635,980.69381754751475,980.24224511826742
2015,6,GO,7.704761904761904,22.200643953091422,20.740877329975696,69.150332714157855,62.757546938541921,935.49507916824712,935.033943792585
2015,6,MG,16.176923076923082,20.013040036442941,18.631595838533098,75.452601383256336,69.846501419489456,936.9495464110596,936.51470618359087
2015,6,AP,0.0,30.109201388888884,28.432142857142864,78.459821428571416,73.875000000000028,1012.2135912698413,1011.5726686507936
2015,6,CE,44.446153846153855,27.164852476715705,25.885409388985959,68.904415435676512,63.347404139295335,986.25129752633552,985.74952924543152
2015,6,RO,9.6000000000000014,26.035280813902126,24.787055290584707,76.322138314785377,71.451744943472846,983.52093854884322,982.94637867647111
2015,6,SC,143.56470588235291,14.910266345331991,13.87006728889148,84.619167847297248,79.644997236086368,951.18859292444222,950.680106430439
2015,6,AM,113.59999999999998,27.089211998645432,25.924415557946066,83.3812258477062,78.088598479411345,1006.6163753773427,1006.04806197063
2015,6,RR,,26.985694444444437,25.607638888888875,82.11666666666666,75.724999999999923,1003.9901388888883,1003.3636111111118
2015,6,SE,164.79999999999995,24.409098168752909,23.388608097666527,84.450718291326922,78.726558841381546,997.378482537475,996.95761547674249
2015,6,MS,41.000000000000007,21.515455891443185,20.259176826909464,76.933148961666475,71.617386883239789,970.37013283193835,969.91182288490086
2015,6,DF,0.0,20.150324976787353,18.547121634168956,70.228876508820889,63.387186629526589,900.02845744680815,899.60170212765979
2015,6,PA,94.112499999999983,26.884843616003838,25.727331066746249,79.841262723760437,74.865144850606356,998.33969893200231,997.82271204522385
2015,6,RS,153.3875,15.017066280275534,13.963069361454574,82.544764322561036,77.946152024358241,981.1392768872272,980.60592472956819
2015,6,PR,82.044444444444451,17.901080129702656,16.724507711017459,81.743777977359514,77.031465840082916,951.92487828089031,951.45840262941817
2015,6,MA,33.514285714285727,27.170847512199867,25.805817190978146,72.824139536719514,67.003842548141748,997.57174234181275,997.07609648494156
2015,6,PB,105.09999999999998,24.913884460751245,23.778780364372469,76.285191042510149,71.141408007197512,976.398453314777,975.94468841374317
2015,6,PE,92.616666666666617,24.536725914139389,23.366465313765119,75.35519337368423,69.924149049313129,968.23081643284331,967.76797229072315
2015,6,MT,6.166666666666667,25.289664656359751,23.761024817859958,71.913939227594483,66.088102560054352,970.33719386410769,969.7034035918557
2015,6,ES,99.511111111111148,21.562804073886351,20.461493089957859,83.345822152629736,78.505256850141663,996.62987916958446,996.18811284988885
2015,6,TO,0.76666666666666672,26.125005387654667,24.545300840953772,66.852879983693583,60.23160615585094,976.91202293642039,976.44958135890886
2015,6,PI,7.5157894736842108,27.758933938989706,26.30770775277562,59.765062896882142,54.412364506598394,984.86622212153054,984.35667799362977
2015,6,RN,85.8285714285714,27.310416666666669,26.158373015873014,71.073214285714286,65.984126984127016,1004.5430555555557,1004.0625396825396
2015,6,AC,85.000000000000014,25.214473073351904,24.091869712679252,87.536388888888879,82.109444444444435,990.74615044361929,990.213425474569
2015,6,AL,220.56666666666655,25.984915576365736,24.93174417746706,85.753644375502489,80.908925877762371,1003.3446473109253,1002.9026057082954
2015,7,MS,71.816,21.353328932674859,20.077290624261423,75.96483040168863,70.526536696575747,971.517614090395,970.984745106059
2015,7,SP,71.51333333333335,19.354310887725578,18.111423244323142,77.360905558826119,72.052938297184184,948.24744381631274,947.74922166288582
2015,7,RS,231.27499999999989,14.568277015528178,13.655225858538602,87.281119167238444,83.5731159763134,979.8449590562908,979.25004509874736
2015,7,MA,27.507692307692317,27.668002889417281,26.229402882503919,67.926416941607641,62.014523871457222,997.17341065909955,996.65557125774239
2015,7,GO,8.82,22.856756524987244,21.255865466934143,62.038482358722028,55.610120378181819,934.847216961728,934.36100364803872
2015,7,AC,33.16,25.309044498255318,24.126457838685042,85.355111933721091,80.099762030671627,990.379939172063,989.84842429729531
2015,7,TO,4.6499999999999986,26.8194016568269,25.038191188793789,59.921222628820338,52.86361118973921,976.55641814364344,976.06011390757328
2015,7,PR,185.85999999999996,17.012558670644776,15.957285691408849,84.660879584052893,80.262403625038374,949.55488596694033,949.00058891713377
2015,7,PB,177.34999999999991,24.119994589903804,23.068766505922852,79.026997484444479,74.242362538474538,976.64450564255276,976.19655942970076
2015,7,AP,22.8,30.497167325428194,28.891436100131745,74.596179183135746,69.391304347826079,1010.9038208168647,1010.3148880105402
2015,7,DF,4.2,20.768556005398125,19.026855600539768,62.387314439946138,55.384165542060217,900.44089068825781,899.97548358074721
2015,7,MT,10.407407407407407,25.320133426050745,23.615893725420172,65.50571855193121,59.403278074075708,969.47475219669934,968.821151950033
2015,7,BA,59.415789473684221,23.062061378502442,21.835476266542688,77.527939244106761,72.461967437301126,974.56059653101454,974.08458413774144
2015,7,RJ,26.692307692307683,20.274067678127992,19.19475953559758,82.626219025759582,77.592260544618853,979.2666382652634,978.7819293247295
2015,7,MG,9.35384615384615,20.466597934768746,18.982103945087303,71.799623751015517,65.974069389198675,936.24769792571294,935.78494031624189
2015,7,PA,66.6,26.960857837559775,25.765983781682397,77.822205361736664,72.835750933967461,999.025798773398,998.50627615479971
2015,7,AM,74.214285714285737,27.657408613836932,26.37222252617228,80.167899184090516,74.22284889577756,1006.3291298682512,1005.7792932496773
2015,7,PE,102.36666666666662,23.600998171171511,22.541315797775052,76.690332765281084,71.878565117448076,968.743896433113,968.283446507399
2015,7,PI,5.7368421052631575,28.212814174512751,26.768089139383648,54.062447472438826,49.02499074305878,984.56162641525771,984.03988430289223
2015,7,AL,166.69999999999993,25.597975057288906,24.54330380750925,86.421623929379948,81.284988844069176,1004.1041405928668,1003.6527377489865
2015,7,SC,228.91764705882349,15.020942575807791,14.101490353639141,87.3614390086402,82.817116683271664,949.44697550800845,948.863176970705
2015,7,CE,51.185714285714269,27.20088954156715,25.94871064513535,65.931931258658935,60.77597816260063,986.36016006208126,985.84677286923443
2015,7,RN,105.89999999999998,26.747246752662452,25.647616557083083,71.772646202495054,66.7362152851423,1004.8277330820304,1004.3478764565619
2015,7,ES,31.977777777777781,21.546570346015461,20.347140426715644,83.111556402928912,78.051791044796062,995.81344938979578,995.3496799393547
2015,7,SE,154.36,23.772123655913976,22.720349462365593,82.435785330316719,76.950091796733815,997.96051075268861,997.52911290322584
2015,7,RO,9.95,26.654788209335564,25.218134090061533,70.731316815836891,65.269353284853025,984.65034981198335,984.14199822083356
2015,7,RR,,26.947375504710649,25.59851951547779,81.550471063257,75.413189771197978,1003.7958277254368,1003.19205921938
2015,8,BA,46.548571428571442,23.246431272983994,21.899616474312381,72.853544968426476,67.364659611629321,975.478058954465,974.9662172439098
2015,8,GO,3.6190476190476195,24.35923181373693,22.514293846600694,48.163274668583206,41.804223853557367,933.96827930303209,933.452121342557
2015,8,MG,9.0528301886792448,21.244292785119924,19.563745412322646,63.203378014774891,57.000109508912246,935.591681357645,935.10807549729782
2015,8,MA,2.1285714285714281,28.729048725126308,27.154121421573283,59.023569684322304,53.2838101001743,996.832498222203,996.26202999906411
2015,8,PR,36.228571428571428,20.557079513171846,19.052285842568981,68.7289895121745,62.546337995544512,949.09861359229853,948.58298289705851
2015,8,RJ,19.892307692307693,20.414711959715611,19.089985423133719,78.3577029339243,72.445849258354329,979.35033852243623,978.87180740149608
2015,8,PI,0.48421052631578942,28.926204105388319,27.310157118444838,45.748597277360844,40.857369216014462,983.96443674754653,983.38625923185282
2015,8,MT,9.2000000000000011,27.874054065342659,25.906241178973126,51.892593804894709,45.461864734342463,968.61551192860657,967.92415646692587
2015,8,AC,87.120000000000019,26.800896057347671,25.462208781362008,81.236021505376343,75.417741935483889,988.88042114695315,988.29890232974913
2015,8,RR,,27.953091397849462,26.560752688172037,77.927419354838591,71.443548387096811,1002.7748655913982,1002.1560483870969
2015,8,ES,41.533333333333346,21.76554472253423,20.4758605471283,78.554067136656215,72.789495768810241,995.72790446520992,995.25184705949584
2015,8,MS,16.104,24.496996327369413,22.700483893941854,56.503581318150836,49.914877500351487,970.03932926446885,969.50894616250662
2015,8,SC,52.31111111111111,18.430796007318147,17.318733553618941,77.763893041281719,72.051381855308392,948.24310332950563,947.7059263964062
2015,8,RS,94.154838709677449,19.066898404936481,17.961456985341524,76.8566363578313,71.849076092814855,978.728092343834,978.14001058499093
2015,8,CE,2.5428571428571431,27.793319140648585,26.336409181983008,58.323266241305035,52.50009870634878,985.810368995723,985.21512345115332
2015,8,PE,30.283333333333349,23.988440860215057,22.757560483870968,69.012898587624122,63.870019381680962,968.56070788530485,968.05200492831523
2015,8,RN,8.2857142857142883,27.111367127496163,25.947273425499233,64.645353302611383,59.802803379416311,1004.6742319508445,1004.1477342549925
2015,8,RO,10.450000000000003,29.477639308989122,27.694782714307443,57.91734068109745,51.628224609518,983.82796792710815,983.2752341624564
2015,8,SP,18.946666666666665,21.0694023467747,19.385299892830425,64.336015027144626,57.779821768552786,947.8623775963365,947.34955288912681
2015,8,PB,24.725,24.640709005376337,23.357510080645167,70.819724462365571,65.5650201612903,976.555124327957,976.05307459677385
2015,8,PA,17.752941176470589,27.752968213153643,26.48734056573241,72.131380291406856,66.994433096030221,997.94339735369431,997.41177595514853
2015,8,AL,80.440000000000026,24.748735751120368,23.614799478525988,78.1451679233177,72.917222632261954,1004.1230232468392,1003.6514173203182
2015,8,AM,29.88571428571429,28.656991539551562,27.364246061515384,75.578835333833439,69.574280055128781,1005.0638436394814,1004.5115216304075
2015,8,TO,0.42857142857142855,28.267447745680744,26.180780569525389,49.838141644762153,42.295991180924247,976.64119265356248,976.08515794258392
2015,8,AP,58.600000000000009,27.701526150350887,26.553953869256034,81.101599092790636,77.277316457370517,1011.0938959821361,1010.5742903186911
2015,8,SE,82.950000000000045,23.345157916503432,22.151288690087512,79.840242182079891,74.170197342934856,997.97533999390578,997.51876061120538
2015,8,DF,0.0,22.159719626168219,20.294252336448618,49.276168224299084,42.947663551401924,899.6671495327106,899.18210280373694
2015,9,PR,141.90476190476193,21.528014465741816,20.097599860013005,74.446841965366772,68.244970279465022,945.65460180324942,945.05271652646081
2015,9,RS,184.40666666666661,16.818517225370755,15.683379660679432,77.136837408569576,72.166368924593968,977.30069902546211,976.59317245446289
2015,9,DF,59.400000000000055,25.5680576254347,23.611127670144043,47.525583705911686,40.706408345752621,897.36393442622978,896.82811723795373
2015,9,MG,56.192452830188678,24.62909842773902,22.969479599360767,59.224851273958649,53.1551899651899,932.32902014360218,931.76669985605918
2015,9,SC,212.34736842105258,18.059736395599877,17.008197064267527,81.926667318822709,76.193402437028936,944.85500565923667,944.17861594565193
2015,9,AM,27.106666666666673,29.565910203328961,28.187405620620776,72.075148206005892,65.960606628811121,1003.9932340096348,1003.3629942444641
2015,9,RJ,116.49333333333334,22.152098368654485,21.038627106635225,82.091565099853909,76.730179340071189,980.43894910872348,979.82053463187424
2015,9,ES,43.111111111111136,24.47423550495877,23.155046208931825,75.026341086098824,69.340892291630738,991.62877267746,991.04968478605679
2015,9,CE,4.7571428571428571,28.331376984126983,26.937941137566142,57.646765873015887,52.464965417816437,985.250185846561,984.65187103174594
2015,9,AL,35.233333333333334,26.113149532529754,24.902617028537577,74.0280271186844,68.547930892762366,1002.773611111111,1002.2495601851855
2015,9,GO,31.210000000000008,27.258841462925179,25.497750848361122,49.328607193319179,42.973734514913843,931.17776843631145,930.61485306280144
2015,9,PA,11.463636363636365,28.768727749497337,27.473272506902177,69.952287663075751,64.791841976284132,997.22791064989485,996.63189431505191
2015,9,PI,1.0421052631578949,30.483676849466327,28.753168578497526,41.543653030959952,36.797847327941717,982.42469722528949,981.80079540342683
2015,9,RO,18.866666666666667,30.831565669932,29.027149353196243,60.967488256975216,53.603989051992777,983.05567983726189,982.3330533698138
2015,9,RN,4.1999999999999993,27.829146825396833,26.653035714285714,63.835714285714282,58.906547619047629,1004.0727182539681,1003.4968055555555
2015,9,AP,4.7,28.315902777777772,27.061805555555544,75.925000000000068,71.79444444444448,1010.7610416666669,1010.1965277777776
2015,9,RR,,30.285694444444442,28.789305555555554,63.51805555555535,57.084722222222176,1001.783472222222,1001.1765277777782
2015,9,SE,28.79999999999999,25.080555555555552,23.846777777777778,75.49138888888892,69.793333333333322,996.46577777777759,995.94686111111116
2015,9,SP,145.60645161290321,22.907783856198243,21.455962071982363,70.562508794245318,64.2633026133776,944.55596554759381,943.93480742980512
2015,9,MS,146.936,25.594544360285941,24.070003479270284,64.763455892471441,58.703455684586125,966.39204461934241,965.77186628552931
2015,9,MT,34.206896551724142,29.354431432257048,27.624383959454928,57.9285384970694,51.642828931848413,967.00846508490133,966.2338743233247
2015,9,PE,13.499999999999996,26.032231795436179,24.610386717311609,61.403475588476141,55.916956573263441,967.23633900444088,966.683412265118
2015,9,BA,9.5641025641025621,25.857074439558208,24.338721486486453,63.690257576226614,58.183483997522053,972.36274022708642,971.78475548321569
2015,9,TO,21.646153846153847,29.986734822052881,28.025787283870489,50.609834083904524,43.348563458140092,974.94748713562819,974.3230320483641
2015,9,MA,4.7,29.749952109337691,28.230864937419142,58.906067424818005,53.382956756241633,996.04663740740273,995.41588381893928
2015,9,AC,82.9,27.216274986501986,25.906696100187759,80.527915596871267,74.567183444522726,988.15101117194092,987.47005853785708
2015,9,PB,13.474999999999998,25.862601752047603,24.545722526464228,66.508398286586342,61.124041396229359,975.73455718300886,975.18388060674545
2015,10,RS,279.17058823529391,18.228811895980762,17.239918453972518,82.898520509319212,78.379475457680925,978.66888621121655,977.90536998451978
2015,10,TO,58.800000000000004,30.005355550103708,28.284365504242718,56.5249837304699,49.552054267636017,974.55219393021787,973.89796869517863
2015,10,MA,19.306666666666672,29.888166974538624,28.511133916586463,60.683722266296627,55.38450129904043,996.37568968653591,995.75008713268664
2015,10,PE,4.8,27.17786949564772,25.71482059651818,58.222788658474158,52.756560419866886,966.63620922939072,966.05747171018936
2015,10,CE,1.3571428571428572,28.870242893325017,27.486990403648559,56.069824931330295,51.0159488542142,984.7096353156428,984.09405018128371
2015,10,RO,86.0,28.85511520581035,27.371064287223994,71.047363172456841,64.251708208508688,982.49994887185539,981.80223899356554
2015,10,MS,137.55999999999997,26.508154357218224,25.200898085190961,72.292785540565831,66.4740469667598,967.51464485433075,966.87986196277245
2015,10,PA,23.765217391304347,29.207096798803473,27.920357584843671,69.327952290283,64.064960997247042,996.81206642708071,996.19234674340578
2015,10,AP,13.099999999999998,28.538239247311839,27.240793010752704,75.240591397849443,71.03158602150549,1010.3003360215057,1009.7341397849461
2015,10,ES,39.75555555555556,25.518408381856933,24.119911525795427,71.4186048722464,65.509248099335892,991.80953917451632,991.24444692047371
2015,10,SC,263.8842105263156,18.72033503023944,17.84599574779957,86.400033625245626,82.065168412275753,946.07421228434521,945.38991073120337
2015,10,DF,244.5999999999998,26.248362494392129,24.45724540152538,50.225213100044847,43.73844773441,897.14939434724215,896.59336025123525
2015,10,PB,7.3999999999999986,26.621369506778873,25.276143934081347,63.655122136512375,58.406242928429862,975.20676382071065,974.63067277349228
2015,10,RJ,58.586666666666659,23.694674710681312,22.5339768490159,79.157490981730945,73.687604679643755,980.82187981649065,980.26005969640653
2015,10,MT,81.335714285714289,28.269486363439935,26.778859543410785,69.383888668138965,63.222711822445845,966.34096447119578,965.55428923629586
2015,10,BA,27.645000000000003,26.792292094077045,25.348979559116209,63.165472121375231,57.825181284353476,971.81964090321287,971.233241399746
2015,10,SP,105.92,24.39220570775721,23.060740611835715,72.347026788248442,66.4322731440023,944.6487585905661,944.05054883712762
2015,10,PR,186.87272727272722,22.392156626679384,21.245978058781414,81.126395907269725,76.219911048133071,946.127985885884,945.5024813629484
2015,10,GO,82.378947368421066,28.485499935933188,26.768972156158505,52.567716513653806,46.1392244233529,930.98730863733908,930.38246852934628
2015,10,MG,56.525925925925932,26.090123774961047,24.472370767052951,57.420954343262046,51.465513754828159,932.17465018506914,931.61333882818622
2015,10,PI,12.663157894736843,31.538017548498424,29.879380491153839,42.201004295508739,37.440236439769762,981.82213381483837,981.181217934445
2015,10,AM,88.3375,29.106638225312494,27.8617558924249,75.285006678414788,69.5023032145183,1003.435919703934,1002.7483626944774
2015,10,RN,1.4571428571428573,28.194048867908045,27.001190944513137,62.515709102943575,57.639681915252361,1003.588437269741,1002.9913825509223
2015,10,AL,25.466666666666672,26.975380824372763,25.746079749103938,70.090961611016809,65.0779943801189,1002.1421146953405,1001.5874551971324
2015,10,SE,26.44,25.919462365591393,24.702500000000004,72.4819892473118,66.986021505376328,995.84118279569918,995.30499999999984
2015,10,AC,88.366666666666688,27.371913037886493,26.073465458906043,80.436386798014439,74.594944112390507,987.64653959134546,986.93216943065408
2015,10,RR,,30.663391655450894,29.138358008075368,61.83983849259765,55.1372812920592,1001.1458950201879,1000.4962314939439
2015,11,AL,3.6333333333333337,28.488657407407402,27.173611111111118,65.779194093382472,61.0818267711125,999.3994444444445,998.83599537037071
2015,11,PR,270.86363636363626,22.189259194415232,21.180389965043158,87.07315949036105,82.534505229094975,943.88664216463474,943.248070081936
2015,11,SC,223.02352941176463,19.740856846253806,18.840669718859285,87.294743692293423,82.434829098678875,940.34890421691739,939.74852009060726
2015,11,AM,133.41249999999994,28.784319335229988,27.560997334191274,77.461741773581153,71.724374975429271,1002.2089975757614,1001.5173851462545
2015,11,AC,210.96666666666658,26.902899640152775,25.751811930149906,84.753240740740722,79.386342592592612,985.97702778329653,985.26482570589656
2015,11,PI,32.89473684210526,31.250302201016176,29.644838892517015,48.83664805471421,43.39288904653143,980.21773130809629,979.5929200597086
2015,11,RO,120.39999999999999,27.842951388888885,26.522430555555552,76.9920138888889,70.759722222222223,980.87017361111157,980.17319444444456
2015,11,MA,15.493333333333332,29.450033713145011,28.180176088668592,64.798207731282929,59.617384769590217,995.17822450945448,994.57171489837026
2015,11,DF,478.19999999999953,24.413793103448334,22.869012115563851,71.315004659832255,63.645852749301014,895.85391425908654,895.26034482758587
2015,11,TO,108.89999999999998,27.842623559180158,26.50273466837146,73.193862693037232,66.488785074987916,973.84868955947968,973.195449097112
2015,11,MT,130.24,27.259654074336275,25.922425193765896,78.024838222235758,71.794902017158591,965.978994454792,965.173842959293
2015,11,BA,38.546341463414642,28.132098570512973,26.684635644936456,62.845894261614966,57.326611841766123,969.13678192067277,968.54806600309246
2015,11,MS,230.37499999999994,26.34788791211319,25.099604780374218,78.8821004212831,72.719953491060153,965.68264507678055,964.9976544284367
2015,11,SP,236.55483870967734,24.0696788696617,22.952242697095329,81.776248541436914,76.156717125441546,942.48776883706671,941.86474251458924
2015,11,RS,157.63333333333333,20.071913963820393,19.052739330551621,81.007506818614644,76.157848412364729,974.62348003466013,974.01406930851783
2015,11,GO,168.02857142857144,26.385402235611583,24.952941951303195,71.244123892352263,63.937278038889261,929.89058720028243,929.23320501711612
2015,11,MG,177.61132075471693,25.714788186525411,24.31794491667657,70.426032899818992,64.033234909086474,929.78499648426623,929.19450177558883
2015,11,PA,16.281818181818181,29.139045436054587,27.865407997265294,70.0271264836166,64.593226119786678,995.62558270698514,995.02259974007131
2015,11,RN,0.085714285714285729,28.949451842625223,27.719448575756253,63.132755550732121,57.995462965412521,1001.9195725484564,1001.3373054051377
2015,11,ES,63.622222222222234,26.727587252167012,25.481790810702769,75.164205701946955,69.6220102696965,987.79343454795082,987.232009810146
2015,11,CE,0.84285714285714275,29.299898894613133,27.907301094734262,56.7756911161249,51.675806597983126,983.15606966885809,982.543951969458
2015,11,SE,4.56,27.300156351413985,26.015304280636688,68.928269201050824,63.464829624478419,993.0132785118218,992.47062876680627
2015,11,RJ,204.54666666666665,24.335660817140965,23.356142345434737,85.4445247549034,80.60448960789941,977.44869856315779,976.89993739423937
2015,11,PE,4.0333333333333323,28.718052882279167,27.182855038505807,53.539453602977837,48.19850045249899,964.312914330288,963.74947759851352
2015,11,PB,1.4249999999999998,27.595284863945583,26.174362599206351,61.259024234693868,55.859750566893396,973.35483701814053,972.79598816609962
2015,11,AP,33.5,28.301805555555561,27.022638888888903,76.8111111111111,73.0527777777779,1009.0736805555551,1008.5247222222224
2015,11,RR,,30.27983310152991,28.872322670375521,62.472878998609211,56.262865090403338,1000.1527121001388,999.50917941585658
2015,12,RJ,140.6,25.603940127148004,24.374252839449259,80.786697633416651,74.736523900719376,978.70978350231348,978.1911696272964
2015,12,MG,165.61960784313717,25.47801420220636,24.0265124724058,71.390131991260247,64.52310266213513,931.24032069015936,930.67346665613957
2015,12,TO,83.030769230769252,28.129966055006406,26.758978941590648,72.134045935111288,65.406533576314828,974.94078288766184,974.30972937601268
2015,12,AM,149.68749999999997,28.232566413662237,27.137112586970275,79.190306767868449,73.844402277039862,1003.3164902553763,1002.6445564516129
2015,12,GO,142.24999999999997,25.888291563967659,24.485193081985589,73.454302324052065,65.780562319208443,931.63107314947342,931.00584539767192
2015,12,AC,260.69999999999982,26.2908427117568,25.247922975018351,86.892406411788144,82.0436260454002,987.70722072551951,987.02271084677886
2015,12,AL,55.2,28.212410394265238,26.987231182795703,68.931721975034,64.181270609318972,1000.955152329749,1000.4431675627241
2015,12,SE,19.880000000000003,27.324463704250416,26.046708924875912,70.724138916626814,65.133955267080609,994.66761005947978,994.1659158960332
2015,12,AP,141.49999999999994,27.400067204301081,26.288306451612911,81.796370967741922,78.67405913978493,1010.6167338709673,1010.0516129032258
2015,12,PB,66.575000000000017,27.843877946650121,26.501561207609591,63.629859387923894,58.628920250896087,974.5280280707193,973.95498733457418
2015,12,ES,78.822222222222237,27.1735513739546,25.866950418160087,73.403542814975452,67.505940835115368,990.01765232974913,989.48240740740732
2015,12,PR,249.11999999999986,23.585522052925988,22.483927680083021,86.7414247552747,81.73618800980654,944.8585403325917,944.26351860061231
2015,12,PE,44.166666666666679,28.081071231647325,26.663773383344264,59.036630701389718,53.792952795122666,965.83401613190063,965.28604580888464
2015,12,RO,233.64999999999986,27.041917538308276,25.872736570126868,80.667044805308933,74.900873655914012,981.81163824675514,981.05796489994464
2015,12,MT,142.51333333333335,27.019454176273694,25.668705932722428,79.589057955151361,73.313936102342041,966.35864748175709,965.55216376528256
2015,12,BA,18.497560975609758,28.195534512631202,26.680374165695142,62.485426349383786,56.492393345878376,970.81408765224307,970.25650417587372
2015,12,SP,210.95333333333332,24.575748492670591,23.362450714741485,81.484932180512288,75.134780481417536,943.92203077558213,943.35944470965353
2015,12,MS,191.57499999999993,26.506010587607804,25.278946191846355,80.308290770726856,74.0413305762196,967.1723623739889,966.49543005881981
2015,12,CE,20.157142857142858,29.519021133980637,28.159790807587729,58.028333807079413,52.802282245032728,984.22690571327485,983.65166345309467
2015,12,PA,56.129999999999995,28.495233225378325,27.32117170020004,72.7788418933027,67.549305401532024,996.62022879817766,996.0197475955805
2015,12,MA,34.942857142857143,29.93605915126399,28.611493857700179,62.59307102428965,57.17444318371124,995.59330073724982,994.97272745894645
2015,12,PI,15.368421052631577,31.488311080584495,29.826363434915262,47.966859112115607,42.148693375659036,981.5257097759112,980.90711999514735
2015,12,RS,287.27222222222218,22.7375641977146,21.678232136960926,82.384762379570958,77.4315318830198,974.077468387925,973.43552599135194
2015,12,SC,252.86315789473676,22.148189592836403,21.144000012868503,86.889313073372,81.850971869697247,940.42861006597832,939.85788348001665
2015,12,RN,15.171428571428573,29.534194953799233,28.233946685795122,63.534747980769922,58.088550780142015,1002.8560891190983,1002.30288480387
2015,12,RR,10.4,29.226209677419334,28.0372311827957,61.486559139784916,56.428763440860223,1002.2538978494625,1001.6493279569888
2015,12,DF,488.9999999999996,24.053870387038732,22.462106210621126,73.742574257425545,65.004050405040473,897.53064806480518,896.96921692169133
2016,1,MA,230.83333333333317,27.410508125151587,26.47185526208153,79.854229910818518,75.175398460588667,997.61601144245094,997.03993642724856
2016,1,SC,144.35555555555553,22.965166810883609,21.844374143974559,81.535474748044876,75.812406789833787,940.52351483766927,940.0425639934175
2016,1,PR,190.05999999999992,24.537380822709004,23.253473355388341,80.47855982342179,74.637814186629384,943.89580143027933,943.38068637066453
2016,1,MG,398.51999999999981,24.063970256460554,22.933211426174861,81.942548774604745,76.473392030930611,930.04339220048212,929.52500531885039
2016,1,BA,284.71794871794862,26.176948627582181,25.092635550306547,80.1272272326883,74.89710921233376,969.80653169174468,969.25489653850229
2016,1,RJ,360.72857142857123,25.157408913013992,24.14725268767636,83.590526273276168,78.571917683853414,987.95769593932471,987.47899968274044
2016,1,MT,281.62857142857121,25.892912089494509,24.864098308756603,86.61276636739629,82.229614233108848,963.65928785534072,962.90027568729431
2016,1,AM,156.33749999999992,28.518782574576978,27.49171167974621,78.771992970596116,73.665958561183444,1003.0055585364231,1002.3469322793857
2016,1,CE,147.7,27.421257432091114,26.378989623204884,75.627869658503613,70.652276936873534,983.84414920319432,983.292418070584
2016,1,SE,109.40000000000002,27.2600189452125,26.188467229902713,76.818998975934392,71.873338453661077,993.15788760880673,992.62254147465467
2016,1,TO,329.79999999999995,25.82141703176816,24.820294282556226,84.715430506338421,79.545824393997307,975.51093499282592,974.93176639938031
2016,1,AC,226.13333333333324,26.890015360983103,25.872926267281116,87.710125448028634,82.999327956989248,986.57780337941642,985.87912826420927
2016,1,PE,135.83636363636361,26.597195608011322,25.434337209250113,73.060175448776832,67.621803945807116,965.0552931747178,964.51089753061331
2016,1,RR,0.0,29.732392473118271,28.647715053763445,54.559139784946304,50.584677419354769,1002.0196236559141,1001.41814516129
2016,1,PB,107.64999999999999,26.749074837377805,25.626265075199143,75.541108842021174,70.004376119267619,973.66928082836614,973.12538093101819
2016,1,ES,205.79999999999993,26.081007402527209,24.996762716061433,79.5639934934656,74.480108740474236,988.24815653032829,987.74328524085547
2016,1,PA,197.94285714285709,27.55277379192637,26.51906223332379,79.5526067326783,74.824430842329136,996.71473260920277,996.11542195243828
2016,1,AP,132.90000000000003,26.594959677419347,25.53998655913977,84.777553763440935,81.71169354838716,1010.8032930107531,1010.2567204301076
2016,1,RS,104.53529411764706,24.850897829400552,23.634728999049038,76.6398556621074,71.000915963703676,977.74538316277733,977.24577084936345
2016,1,SP,275.50967741935466,24.422728211365577,23.248572603495962,81.002854731847776,75.29374924617305,942.15428575313911,941.63407020654415
2016,1,MS,232.75999999999979,26.628441037082069,25.408442167283233,80.443162399972081,74.460365095724583,963.53115586590445,962.93967698433892
2016,1,AL,118.15999999999997,27.81682347670251,26.748633512544806,73.368474209130227,68.664261012891387,999.546886200717,999.00723566308227
2016,1,GO,328.62857142857121,24.308530738600307,23.241050842124142,85.172773521142133,79.518485308028829,929.90791315229148,929.31581946422364
2016,1,RN,141.43333333333334,28.289290230470453,27.228771061360398,76.066334184779379,71.197018197625724,1003.8051533366732,1003.1857578877475
2016,1,PI,258.86666666666662,27.512364063763872,26.411919153765151,73.063327300040285,67.6367315373382,982.23800002866619,981.64148327706346
2016,1,RO,292.89999999999975,26.794869464513063,25.754608096344697,84.126512336447163,78.8391420474591,980.0219757585171,979.23108371489218
2016,1,DF,1114.0000000000016,22.307706173952255,21.201982875168991,86.910770617395315,81.294276701216788,895.98684091933308,895.459621451105
2016,2,MT,113.81290322580647,26.885546527111007,25.551062455354661,82.403403653834346,76.416121563171586,966.65865213426173,965.8673574040638
2016,2,AM,239.29999999999981,27.920968435028147,26.790252562752503,81.926550958410658,76.457878776889331,1003.547494283895,1002.8277752069404
2016,2,PA,180.24545454545444,27.2811275575723,26.193118849439966,82.025047825394338,77.049990161041677,996.52941472844566,995.88900081181384
2016,2,MG,107.15744680851064,25.58393061272508,24.059670632079797,72.804016512340851,65.556104617812238,931.59547014200041,931.08466276536308
2016,2,SE,22.950000000000003,27.56702085678992,26.31180464288574,73.377614628166185,67.777427441744862,994.13391663989353,993.6667091104357
2016,2,SC,196.94736842105257,23.220424048431408,22.157280004440107,86.512753807422143,81.252534765962409,944.41761392244746,943.9083383338135
2016,2,MA,80.7,28.176826332925479,27.021515657786686,76.510947408273083,70.76636012602215,996.38526924951486,995.78693624367293
2016,2,SP,191.38709677419348,25.261440029016995,23.971178707278291,80.4399117276015,73.843630141974472,944.269726525703,943.71455142566151
2016,2,AC,283.79999999999984,26.318657635467986,25.343390804597693,77.333333333333343,84.454501915708818,987.34211822660109,986.6369868637106
2016,2,PB,39.050000000000004,27.265364597747269,25.964512791507541,71.4289346750497,65.372306034482762,973.9819392023303,973.44561204953845
2016,2,ES,36.06666666666667,27.737383226975197,26.331433536160713,73.038423917191892,66.8818944518604,989.84864109337423,989.366786359017
2016,2,RO,239.09999999999994,26.977052996264828,25.830916405023547,83.802661880402013,77.758641553438324,980.12801600083026,979.32077384335707
2016,2,RJ,222.09230769230766,26.794610545389194,25.499350541828289,79.250602423572374,72.994363297477889,990.49927180459724,990.00109229336169
2016,2,GO,123.63636363636363,25.745665732181582,24.286275139371995,76.020625244015378,68.324453567029209,931.80510734854636,931.20918654892239
2016,2,TO,57.071428571428584,28.239748925886154,26.78471610059632,72.843853784708074,65.487829796165286,975.14815201488955,974.57138335370462
2016,2,CE,55.860000000000007,28.106677763019256,26.903949767599965,72.09684397419926,66.528991820441348,983.86614819758756,983.290570185955
2016,2,RN,27.62857142857143,29.274643872000208,28.037991240351932,70.733834209179719,64.746256766070573,1001.8874290712838,1001.3396704435695
2016,2,PE,42.636363636363633,26.786542692627847,25.46895757725401,68.9186445626088,63.210683508956294,965.57763199899728,965.05410802731069
2016,2,BA,23.930000000000003,26.786824406343023,25.442261537853259,73.706655366133432,67.5212090949807,970.86370143182148,970.37013584276713
2016,2,MS,173.64,27.130965695078274,25.840766232994827,80.845240999708523,74.400697198296271,967.09079146114436,966.47169442510972
2016,2,PI,53.875,28.038994957282387,26.689572242684516,71.335991302457259,64.7602998245524,982.1121271007363,981.53944025618523
2016,2,RS,116.17714285714284,24.655723988734433,23.44468379829388,81.992283984158973,76.488112229735,975.38625505172922,974.86640474751584
2016,2,PR,244.87368421052619,24.987321171164645,23.75935698972906,85.12254118970786,79.381766147810467,947.43569504521031,946.88184416497256
2016,2,AL,30.033333333333339,27.988409961685811,26.813601532567045,71.310101375867077,66.305475540892076,1000.4201628352491,999.91494252873576
2016,2,RR,33.400000000000006,29.256321839080453,28.1566091954023,62.449712643678176,57.806034482758662,1001.8515804597702,1001.2170977011497
2016,2,AP,357.79999999999939,26.473275862068974,25.588864942528737,88.639367816091877,86.034482758620641,1010.3232040229882,1009.7396551724137
2016,2,DF,256.99999999999994,23.975493500240759,22.331295137217143,74.020221473278767,65.846894559460864,897.74612421762163,897.23394318728845
2016,3,MT,178.18064516129027,26.421912946114976,25.269256597962858,84.333566135062753,79.038115547795954,968.04809318833259,967.2678623932519
2016,3,MA,247.12727272727255,27.64688230716332,26.598370935193117,82.006256072755079,76.68965487639575,996.374675273709,995.74897166458277
2016,3,PA,342.21111111111111,27.078633469278255,26.075512758301393,85.3877584507696,80.965594612856762,1000.5458796009897,999.87587973424627
2016,3,PB,151.06666666666666,27.361603891227865,26.141273934961482,73.474894818703973,67.836509511568238,974.08029128165049,973.5360040294787
2016,3,PE,71.279999999999987,27.769548491159064,26.447162308512922,66.4620322431346,61.203086605638362,965.63501742887615,965.10150929270071
2016,3,RS,202.69714285714278,21.541693608595988,20.406119446477646,81.642981272848317,76.488353534706008,977.84036397480963,977.37895072187439
2016,3,MG,114.6549019607843,24.813902076137481,23.436563143996594,75.911754464412738,69.479209143723608,933.38300704259336,932.87876913326761
2016,3,MS,97.017391304347811,25.934427881350711,24.6077009327961,77.169837351108939,70.824461778279087,969.25774215116871,968.689634686175
2016,3,ES,93.95,26.83775865458821,25.556700976033895,77.320800594779868,71.480830560318893,991.0668675015047,990.572478534482
2016,3,CE,153.67999999999995,28.3224640189232,27.1407747554368,73.852677459190929,68.482608106476931,984.0970185068669,983.51250432716972
2016,3,DF,363.39999999999975,23.511157215306596,22.121853388658376,76.983402489626542,69.91147994467488,898.24301521438463,897.74310742277555
2016,3,AC,147.19999999999993,26.365495724668598,25.437446979076771,88.666195285146927,84.277433539530335,988.50482694679556,987.85413654399474
2016,3,RR,0.0,30.634366576819414,29.595148247978425,53.63611859838273,49.698113207547159,1002.3280323450138,1001.6896226415093
2016,3,AP,371.89999999999952,26.720611864613886,25.832571939149542,88.694327346041149,86.091023643695038,1010.9918270405665,1010.4078766495597
2016,3,TO,187.79999999999993,27.448922735015437,26.216182263387626,80.251085534820774,74.130439080774437,975.9009306892674,975.29722931970582
2016,3,RJ,160.32857142857137,25.690003849792483,24.580930379081359,82.94214711629165,77.50815840059974,990.99358715883125,990.48134799720924
2016,3,PI,116.2125,28.317080279203935,27.094568721947745,74.131558013966526,67.956644184552857,982.48542461816669,981.87428985437043
2016,3,SC,240.43157894736831,20.935491762617826,19.847792753241571,84.020824633901952,78.77114699615278,946.25334560484782,945.766472087419
2016,3,PR,108.65454545454544,22.962282234230646,21.689435090534413,80.831793333906,74.8103852596299,947.04580085464,946.53807087769951
2016,3,BA,28.840000000000007,27.478965840912398,26.058573988952325,71.0222078078562,64.951128948438054,971.0867413536206,970.566569600771
2016,3,SP,150.73999999999998,24.379071529661925,23.094068907327298,80.383555771783691,74.040890746473167,945.27185320235867,944.73498926041771
2016,3,AL,98.233333333333277,28.431563620071692,27.268257168458792,71.004465026906146,66.051020784093481,1000.5784722222221,1000.0718413978497
2016,3,RO,385.0999999999998,26.557226278698057,25.55351672236754,85.677437518163316,80.526003826407077,980.51091706625948,979.72928351738858
2016,3,GO,154.93636363636369,25.322296062230595,24.030344100655842,77.93324756242302,71.2061762602414,932.39996794353976,931.84754060132764
2016,3,RN,77.399999999999991,29.147585393049628,28.051793817995705,72.740898680501914,67.513179204638391,1002.2673350542502,1001.6941013259628
2016,3,AM,304.64285714285711,27.860725673875777,26.817929184303051,83.14497723699813,77.849656172725,1004.8158887012938,1004.1133849997698
2016,3,SE,39.45,27.96018531928901,26.673989795918374,72.0477463243362,66.240637480798782,994.34976585472862,993.8582960280886
2016,4,MT,43.006666666666661,26.563299144643317,25.184034754832165,76.714703134735743,70.6146882614975,966.97414491636459,966.26385181656394
2016,4,AM,215.61333333333323,27.148806394249505,26.191384429943366,85.367391489678027,79.993089648938479,1005.6252493548676,1004.9686635297988
2016,4,MA,125.36923076923074,27.948131284273618,26.825452942963828,79.944918273781127,74.332417841538756,994.967801185204,994.37648533266861
2016,4,CE,89.384615384615344,27.489300001367319,26.389421529651134,76.685171472122988,71.606885646409481,983.4868016241445,982.94014434050894
2016,4,MG,25.169811320754718,24.3543369968645,22.780140091819458,68.927931320670169,62.384015953550566,932.69780673634409,932.23899408058287
2016,4,PB,106.59999999999997,26.39315351316079,25.27367327377068,76.483606188438245,71.086237276644653,973.52581868878815,973.00785238593107
2016,4,AL,99.166666666666671,27.327268518518515,26.24875,75.147179502463871,70.1019062935967,1000.3121064814812,999.82437500000026
2016,4,SC,137.16666666666669,21.667438516599766,20.588286350969369,82.943849553420563,77.882945243146409,946.010610805024,945.50581183939812
2016,4,AC,105.99999999999999,26.240057141932134,25.231380309505315,87.3711111111111,82.529722222222176,988.41406063843567,987.76594130406647
2016,4,RO,117.74999999999999,27.257067221625491,26.002954071304639,80.137625485416848,74.116633932587845,980.00095037846472,979.21950937038116
2016,4,PI,42.722222222222221,28.81382736003561,27.443628687380372,67.693069172086268,61.400794948481156,981.63156857221634,981.0644203791328
2016,4,RR,270.39999999999986,28.535277777777786,27.527777777777775,72.065277777777666,67.368055555555529,1001.8448611111108,1001.165972222222
2016,4,RJ,25.120000000000005,24.601474518453109,23.328989980540765,79.753975395598175,73.956759173413914,980.03265983677375,979.5787887805709
2016,4,SP,29.680000000000003,24.285529394100074,22.79706190122333,70.531215330185034,63.945141379502971,945.28909641121049,944.81912844142028
2016,4,ES,27.771428571428569,26.24274133522216,24.902255345503534,76.190891501972942,70.410550401772568,995.220433389062,994.74060270843529
2016,4,PA,237.54444444444417,27.329946398094634,26.294249817222791,84.214778516735961,79.529331332898209,996.37215205563962,995.71075867230786
2016,4,GO,13.16190476190476,25.227335325733893,23.662043303366463,65.120876220882764,58.142744443354474,932.209290461894,931.7443574773356
2016,4,RS,206.82222222222219,21.182468116828385,20.189681060744078,83.077682774986414,78.537652959894132,979.54735358739049,978.96594354706963
2016,4,BA,31.970731707317082,26.734452654839476,25.333149006971052,70.3513045482736,64.472968978411217,970.88918620608524,970.38325673277757
2016,4,TO,58.55,27.739494678261636,26.363374551293948,75.202637221654527,68.439905546018863,974.62347856319013,974.08008609404976
2016,4,PR,75.466666666666669,23.494198931578364,22.132475573926296,75.404784822635776,69.181064929502782,946.87167460928026,946.3766600468831
2016,4,MS,62.21818181818184,26.037759303952466,24.563594188431647,67.13018936106451,62.595926152442956,968.89665515328375,968.38163730176029
2016,4,SE,40.750000000000007,27.242103500761029,26.041914764079156,73.62528538812785,68.08025114155248,994.04526141552458,993.55477815829522
2016,4,PE,52.059999999999981,27.142685252761474,25.851534079811511,67.773854042797282,62.538655420185627,965.28186976283769,964.761644161583
2016,4,RN,74.857142857142861,28.385411175133012,27.354032469037691,75.194222851402941,70.191244729231514,1001.6646300251673,1001.0594208777624
2016,4,AP,347.10000000000042,27.157632850241541,26.2070440821256,87.28577898550725,84.1536533816425,1010.2158031400963,1009.6080797101449
2016,4,DF,14.6,24.009505144537002,22.324007839294456,63.559529642332215,56.300832925036772,897.71004409603165,897.25884370406663
2016,5,MT,16.066666666666666,25.855382628234576,24.438758790372884,76.000814191402938,70.11100447556656,969.747704586282,969.111264866182
2016,5,RO,77.500000000000014,25.972012636311248,24.798776222588256,82.5363348309904,77.235376099459643,983.12472730954494,982.47529871598329
2016,5,RJ,59.546666666666695,20.801236397371451,19.740045848158296,84.560624284706876,79.622678147323782,982.99958340698061,982.49936178986923
2016,5,PA,124.99,27.655742196927061,26.550970069820039,81.765119982516978,76.69389059437232,998.2696193665779,997.64426754774706
2016,5,CE,50.492307692307691,27.866863509972923,26.59807717772852,71.174465147428577,65.651400046392354,985.34476531244536,984.8100256794379
2016,5,PE,93.059999999999988,25.851565172891412,24.670535892864038,70.996010278728477,66.173701539123556,967.28669692453218,966.77944922324139
2016,5,PR,158.4799999999999,16.744363577052361,15.787083999611516,84.880449307103689,80.5903111561621,946.37481750172583,945.86371486223084
2016,5,RS,69.894444444444488,14.347773831034768,13.41161904869066,85.457701008427378,81.322357258918089,980.588193963869,980.10247350716941
2016,5,GO,13.954545454545455,24.243539711900567,22.665990397016007,64.79705943305035,58.26487749890115,934.07294424275494,933.57395426905873
2016,5,AC,85.839999999999975,25.306785333720814,24.272645427685745,87.338908747457168,82.68005231037489,990.540417514289,989.96119950595744
2016,5,SE,140.60000000000002,25.858432795698921,24.716803763440872,77.522365591397858,72.353252688172049,996.28556182795717,995.822440860215
2016,5,RR,327.19999999999965,27.31632928475031,26.181781376518213,81.64507422402167,76.188933873144379,1003.5171390013496,1002.8596491228076
2016,5,AM,206.02857142857138,27.213103976816207,26.183875731186095,85.495196080957925,80.766664639669415,1006.161812088062,1005.4763710774288
2016,5,MA,65.706666666666663,27.996859555137444,26.813473617376175,77.2832004286692,71.88478155408464,997.8614226779506,997.31346742911273
2016,5,TO,12.137500000000005,27.577691050548911,26.017639836641855,68.981688002857339,62.02498249398451,976.33808962374985,975.8434105712837
2016,5,PI,32.888888888888886,28.858736559139789,27.368166383701187,61.761431870318226,55.766450765377762,983.56088002263743,983.00551782682521
2016,5,MG,21.676923076923078,21.621861429315192,20.161460101888274,72.982581076210565,67.09341670891277,935.09401070851868,934.61629844999936
2016,5,MS,136.30476190476188,20.865929879802685,19.749811641353467,77.743634453409,72.116294485530517,972.14585540993482,971.60142460540055
2016,5,AL,144.49999999999994,26.125873655913978,25.0866711469534,77.267932834658,72.500958878759533,1002.2799059139785,1001.799910394265
2016,5,SC,121.08421052631577,14.868965180904219,13.942833867035644,86.608057240040253,82.51703989045788,949.00563316042883,948.51294444772657
2016,5,ES,15.599999999999998,23.49474641395518,22.283564727962748,76.6058351483098,71.253787771701866,993.45843271947581,992.95498608633534
2016,5,BA,50.156097560975624,25.552749815510253,24.219894089705722,71.778753377813359,66.3609694529801,972.81131675776874,972.30788448658177
2016,5,SP,94.106666666666669,19.4013286609595,18.182200992471422,79.69064186244718,74.45267096295288,947.8851958367477,947.3610994477832
2016,5,AP,414.19999999999965,26.46666666666669,25.4959677419355,91.643817204301058,90.602150537634344,1011.6783602150538,1011.1193548387088
2016,5,PB,108.57499999999996,25.776377725385863,24.619020929246926,75.809259882908037,70.555752699228577,975.42535666463311,974.92945712508742
2016,5,DF,33.2,22.81303501945527,21.08750000000002,64.669747081712075,57.454280155642032,899.2466926070033,898.7980058365755
2016,5,RN,65.628571428571433,28.241781874039948,27.147811059907831,71.665495443460415,66.6841330567528,1003.5260368663596,1002.9964285714283
2016,6,MT,12.993749999999999,24.310967231073192,22.766851025127934,71.774372485599557,65.944568790769722,971.29621485216785,970.67480166788846
2016,6,MA,31.440000000000005,27.77058786994521,26.442840111298935,71.5296346810587,65.962474907133341,999.058632239699,998.54299437296288
2016,6,RJ,95.882352941176521,18.1690803440783,17.154270394076434,85.7807182565953,80.920084505831312,984.30643288710257,983.8040742506455
2016,6,AP,196.59999999999997,26.831285331384013,25.740762670565307,86.180860136452253,82.67113791423,1012.8171357212474,1012.2617616959067
2016,6,GO,7.3636363636363633,22.632025908925623,20.97586674772111,60.856839385408151,54.560023214788039,935.57956311946737,935.11466824480192
2016,6,PE,34.436363636363645,24.357463032061915,23.151820411829743,73.174154880387576,68.0267506238153,968.84948417634087,968.3817604684906
2016,6,CE,17.8,27.872213129099514,26.492460269902143,64.351028493052681,58.752549879012,986.601640785509,986.07642878068452
2016,6,PR,81.409523809523819,14.260770639771529,13.122985827270979,81.123397158583259,76.0833085217679,950.04770273080476,949.56543684995131
2016,6,BA,37.255813953488385,24.409686727421803,23.095329020494667,71.5976862307231,66.259893435253247,974.38474015244253,973.89866404680606
2016,6,PA,58.5157894736842,27.276525874993219,26.09697426909867,78.413069028498867,72.9952543108444,999.54974104077121,998.99835803721191
2016,6,TO,14.600000000000001,26.987063722700025,25.314144218607488,64.4466732329978,57.504195209766,977.83582875166951,977.344856588654
2016,6,MS,31.509090909090919,18.942952732410479,17.629666577417417,74.438450927119348,68.648206588049817,973.90519072918971,973.39628393340308
2016,6,AC,33.20000000000001,24.407822721746008,23.283651566215188,85.474979067834,80.701779978428831,991.79373212879659,991.27024226507842
2016,6,DF,1.9999999999999998,20.87716279069771,19.142232558139519,62.054418604651133,55.438139534883639,900.9613023255821,900.52446511627852
2016,6,RR,340.39999999999952,26.783812405446287,25.547655068078669,82.1089258698942,76.316187594553668,1004.9175491679274,1004.2682299546142
2016,6,AM,111.47499999999998,26.798079180550417,25.67915101812547,83.93859634825364,78.7267719834191,1007.5129898898912,1006.9289534667182
2016,6,PI,11.526315789473683,28.388727806629156,26.86408711584297,56.390723609856721,50.93988931785546,985.00279374094373,984.46932971785816
2016,6,RS,23.284848484848485,11.305339495088431,10.114113382493102,81.648200511728234,76.667468059876072,981.916467213088,981.451480799948
2016,6,SP,98.9857142857143,17.271476046909079,15.94089556407034,78.474864223408161,72.720840457401479,949.71549472277275,949.22428257020761
2016,6,MG,38.340740740740742,19.820142621205115,18.3280287264444,72.212542443342116,66.370054263006793,936.91606044102969,936.44384500706553
2016,6,SE,128.0,24.371006944444446,23.366527777777758,81.981249999999989,77.19583333333334,992.84628472222266,992.40309027777789
2016,6,SC,54.733333333333356,11.493210800222082,10.474273299943372,83.716618111852583,78.859858936660046,949.82393458432989,949.354929947419
2016,6,ES,54.200000000000017,21.633783525644333,20.5793314188087,79.111477764810118,74.090948937766214,995.97057178179546,995.49091916499253
2016,6,PB,56.085714285714282,25.354742747149903,24.119089857708012,71.592888325250982,66.283961311043058,976.79283007380468,976.32038739471659
2016,6,RN,42.057142857142871,27.650189897602292,26.530961476483025,69.863911203730552,64.807804769460276,1004.9258560912634,1004.4278819400027
2016,6,RO,18.950000000000003,25.247291666666662,23.969999999999992,77.5545138888889,72.022916666666674,985.32850694444392,984.77774305555545
2016,6,AL,115.3333333333333,25.393555013927582,24.334010368307034,77.861235556587218,73.0833360913229,1003.8320496750233,1003.3738220881048
2016,7,MT,0.11515151515151516,25.793743629402456,23.786550209899133,55.37558874796143,48.648568272965768,971.37217171018153,970.72558919869664
2016,7,AM,64.25,27.551323308811195,26.312676601669189,79.710537133764518,73.984064850432119,1006.4574891058646,1005.9064204026083
2016,7,SP,9.4838709677419377,18.970331085800346,17.312498066889869,67.927464353561845,61.237856706008813,948.59696557683549,948.13024973159224
2016,7,GO,0.0095238095238095281,23.653429875138549,21.783344610392341,49.018384260584611,42.644357131509842,934.81447825800706,934.34042657311329
2016,7,MS,14.199999999999998,21.078192476488777,19.413933431743072,61.911175167647308,55.432215498368151,973.50621761732,972.99955950851836
2016,7,RJ,10.435294117647057,19.367321203345643,18.177523020499063,79.926266601060462,74.5193816168545,983.11911839644131,982.64793306800266
2016,7,MG,4.0259259259259261,20.534265394820054,18.830543922508483,65.548881059527417,59.309805779565494,937.15249020393992,936.701817532227
2016,7,PE,26.683333333333337,23.85198252688172,22.602374551971323,70.701388888888928,65.395945340501768,968.77830421146984,968.30528673835136
2016,7,RO,0.25,27.088445711862455,25.335402291415093,62.395355356218715,55.553006943246523,985.30726363492658,984.81379215542529
2016,7,CE,2.3714285714285706,27.961945092657704,26.554781880565461,56.68871028719866,51.518407946687404,986.15971384477064,985.63231521149112
2016,7,PB,19.349999999999998,25.016960994075045,23.70612505486066,67.715205315997352,62.318092710056966,976.61353446620581,976.13794958305914
2016,7,PR,60.410000000000004,16.6148596473629,15.263295491230869,75.314258973040268,69.6374270650675,948.18410683083277,947.69159506596543
2016,7,DF,0.0,21.390585585585587,19.49364864864868,53.445945945945894,46.868018018017963,900.39418918918886,899.9612612612608
2016,7,MA,13.457142857142861,28.354078887934332,26.810527016779769,61.561163243285,55.645156466047695,998.51032134715388,997.96330228413547
2016,7,PA,52.230000000000011,27.428482271651202,26.173751141411618,74.802712015758928,69.114054181563162,998.89398202366624,998.373563758515
2016,7,TO,0.10588235294117648,27.203317827887613,25.158472718667863,51.863838086274072,44.479643074750847,977.99810839692168,977.48855749929976
2016,7,RS,110.32820512820511,13.657705358149245,12.577584141548035,82.735302299981115,78.156863337246875,980.36347895597714,979.80843803349524
2016,7,BA,48.013953488372096,23.360431268605229,21.979943833497387,72.153584536526054,66.551894723751815,975.18578301042146,974.69987640886166
2016,7,PI,3.6444444444444448,28.352880477095027,26.714421985184572,46.9655804035365,41.997211670142882,984.17215534611182,983.62270845325622
2016,7,SE,50.699999999999996,24.356576777112839,23.100834306427281,80.247360703812291,74.057189638318619,998.06843660292884,997.62538899430763
2016,7,SC,103.62,13.984207385274686,12.860958741620122,81.605666781528313,76.576268606097756,947.44557081010021,946.90859282742417
2016,7,ES,35.888888888888886,21.396663241629167,20.236305196569813,78.1218178469867,73.042611769458759,995.61627706865033,995.16552362069876
2016,7,AP,81.199999999999974,27.062231182795713,25.958736559139791,84.7170698924731,81.18010752688167,1011.8310483870966,1011.2922043010749
2016,7,AC,21.333333333333332,25.543845989577893,24.095482734606886,79.379335407900925,73.533664241467974,989.64445968623068,989.12978213673136
2016,7,RR,207.99999999999983,27.051707317073173,25.679024390243903,81.385365853658612,74.856910569105665,1003.9839024390238,1003.3214634146344
2016,7,RN,7.3142857142857123,28.257955611946549,26.880955038132111,60.740700425026958,55.051847123511578,1004.6097129570026,1004.081703904325
2016,7,AL,86.666666666666686,24.366321939225976,23.224644762332179,77.286518342871048,71.889258875396536,1004.1491696264709,1003.6972543526894
2016,8,MT,31.271428571428576,26.864871866567803,24.990810355356093,56.871288681511452,50.404675978888633,969.19211844387439,968.47699291587662
2016,8,PR,152.92631578947359,17.736121667531869,16.44822066481003,75.903400582073715,70.3922438404308,945.73830269627013,945.15208631457733
2016,8,PA,25.170000000000005,28.02090756755911,26.765556626024726,72.184932629815,66.620529657336164,997.97448795939727,997.43505075862981
2016,8,CE,1.7999999999999998,28.6918658135102,27.192562953581039,53.327028364671669,47.908110358031891,985.97589078478973,985.39843101511212
2016,8,RS,116.31500000000003,15.428888993559314,14.265479438250944,79.6203246276158,74.476154861279909,978.93456597966531,978.34804766059926
2016,8,SC,161.37999999999994,15.00318007687452,13.914994452637419,82.867290336878611,78.074860532568,946.65238124087637,946.06253776753579
2016,8,MS,75.832000000000008,22.640818970341609,21.04034154819163,60.89333874714697,56.250175575808854,969.96308063132562,969.40000178908406
2016,8,RR,99.40000000000002,27.839775910364114,26.454341736694673,77.345938375350158,70.956582633053088,1003.3455182072835,1002.707282913165
2016,8,AP,47.70000000000001,27.890053763440843,26.728427419354841,79.940188172043023,76.065188172043037,1011.481922043011,1010.9430107526878
2016,8,PB,12.424999999999995,25.504722172474757,24.1386631644829,64.157721177600877,58.755379800764217,976.53135915328482,976.02341789874549
2016,8,PI,0.044444444444444439,29.400625266054394,27.740901331461675,42.668907472218322,38.030890810142296,983.41505844140272,982.83747377892314
2016,8,SE,36.32,24.775323565408016,23.406561191648674,77.400276919266588,70.894287025107175,997.882668628288,997.39010915388144
2016,8,DF,39.4,22.743710691823928,20.899191374663069,52.420485175202174,45.787061994609168,899.48679245283,899.00745732255314
2016,8,MA,3.5066666666666677,29.594002799170994,27.974280120618076,55.80649308090458,50.116607437669657,996.95792452231365,996.375944965505
2016,8,AM,69.5,28.707733571821922,27.455481345307444,75.831348221670822,69.904156327543419,1005.9505825787406,1005.3507407223386
2016,8,ES,18.955555555555556,22.216135176597845,20.955019485518747,74.961619009689727,69.419151028263215,994.58061500271754,994.07844759523869
2016,8,RJ,43.400000000000013,20.334136386375967,19.0321715635185,77.603969625396118,71.6659395949227,981.82423628511492,981.2954849022899
2016,8,GO,14.542857142857139,24.695942834314973,22.896049756662208,49.757848677438112,43.390758485799992,933.67764462153752,933.15323216025365
2016,8,TO,1.3294117647058825,28.796316122186781,26.7805193084736,48.4782587158518,41.583153388399694,977.20252857752507,976.6393570975963
2016,8,PE,14.35,24.552282232738534,23.231429467744345,66.085572263349718,60.732851941380126,968.46911867393192,967.96035588431084
2016,8,MG,13.403773584905661,21.871966858296179,20.173849175454379,61.534796327757014,55.340556770549924,936.54956660447237,936.04849125412466
2016,8,BA,57.909523809523819,24.310492422476791,22.934772218413045,68.597731552669359,63.305008958606514,974.12503019553947,973.59596469890562
2016,8,SP,73.474074074074082,19.910373587501564,18.334240653087313,68.499973783638708,62.328906858866524,947.004665848551,946.4571520679342
2016,8,RN,14.51428571428572,27.594478896622739,26.370883637424178,62.868875871640761,57.752131093012466,1004.6403802594251,1004.1127867711158
2016,8,AC,66.850000000000023,26.097558784316327,24.663000192460679,76.839624484865766,70.634436727298564,988.81844151034659,988.21280959328249
2016,8,AL,41.600000000000023,24.742156071006626,23.539863385526502,72.618095248777422,67.399225286406988,1006.679896997024,1006.2004061046562
2016,8,RO,34.25,28.051162750278085,26.269891893770865,60.644668845012944,53.682685622914349,984.52269999073042,983.90972202910666
2016,9,SP,28.046666666666667,21.06974061357927,19.553301616967961,67.117277414316717,60.827580196066506,946.70518666362773,946.18847333733481
2016,9,PA,61.199999999999996,27.973866512984735,26.74375546384498,74.537116879717033,68.926006424953286,996.22046716567161,995.60307393744392
2016,9,AL,21.266666666666666,25.947878435562259,24.677340162560746,70.927950292774412,65.494311672492557,1003.0929237891738,1002.5668954248364
2016,9,PR,48.38333333333334,18.626697173591261,17.193530068610087,70.411735143353539,63.959092063071537,946.4562782207073,945.94352088795245
2016,9,SC,81.200000000000031,15.990535619464969,14.808737632504393,77.530675686655883,71.727135235631934,947.001146062074,946.48990104160021
2016,9,BA,34.028571428571425,25.349137941624871,23.955307832063671,67.423049969582138,61.9520950236895,972.83296507551177,972.27300943409341
2016,9,MG,32.672727272727279,23.901218190735815,22.230867568819132,59.139836491711527,52.965383383146687,934.13200582176864,933.58595728362832
2016,9,MS,33.339130434782604,22.892186251113625,21.302616518882665,57.254583659807672,52.704014983548078,970.41668183503839,969.88592049003353
2016,9,CE,2.5571428571428569,28.913122183839175,27.498306861840373,55.854113169537492,50.716364566298651,985.39621160180138,984.79588906229731
2016,9,TO,57.541176470588233,29.936095542316025,28.175067467696923,52.865626090550862,46.058109878809425,976.37296973987952,975.72329677130961
2016,9,RN,12.97142857142857,28.116904761904767,26.913174603174603,62.7936507936508,57.728373015873011,1004.1646031746031,1003.5971428571429
2016,9,MT,45.961538461538467,26.607592196903955,25.071051577084578,65.5292643703504,59.365670030692158,968.83034836842489,968.06416957274553
2016,9,AM,106.39999999999998,27.636799985700272,26.473671042865117,81.328647366869376,75.6726422306325,1005.7661227739343,1005.0496775800315
2016,9,MA,24.000000000000004,29.731158105571566,28.289527804290703,60.27610022656124,54.832082850767264,997.42702891934664,996.81069756050044
2016,9,RJ,61.976470588235323,21.446305470721665,20.345275908671777,79.05849550954872,73.74687414845161,981.34598036927287,980.80922144652607
2016,9,AP,34.9,28.155763888888874,26.953680555555554,77.682638888888874,73.675694444444517,1011.176111111111,1010.6186111111112
2016,9,GO,25.542857142857152,26.879053839617548,25.125364519272853,46.501244077391135,40.4109010897912,932.66230069261167,932.10550993647314
2016,9,PE,10.150000000000002,25.952627314814819,24.615729166666661,62.884606481481455,57.727754597434696,967.68317129629645,967.140833333333
2016,9,RS,59.780000000000022,15.352594867163152,14.128633220805948,77.454786334939243,71.918115945747,980.01161042190427,979.50463411508485
2016,9,PI,13.063157894736843,30.634944556188771,29.043447158900438,45.477379276875673,40.69830789760762,983.07695512999589,982.45863025896767
2016,9,DF,112.60000000000002,24.736414305620062,22.903483511379459,49.702275894101263,43.297259637714859,898.46321411983183,897.94746864839908
2016,9,AC,51.766666666666673,26.250490185789364,24.953094697592839,79.438998497197062,73.449394264030929,989.37743220583286,988.6994640994518
2016,9,ES,34.555555555555557,23.272200321579064,22.045667726800144,74.8367845085032,69.452498025484374,993.7330552213142,993.1874827787293
2016,9,PB,6.7000000000000011,26.17564612319963,24.84523079993193,63.457663084747431,58.269382485729032,976.14254818343716,975.60010649594926
2016,9,SE,23.84,25.643191932663527,24.179308163658447,76.141681140944968,69.826740432369277,997.17969783505509,996.5961745456317
2016,9,RR,105.8,28.632916666666667,27.174166666666665,73.155555555555551,66.450000000000159,1003.0030555555558,1002.35375
2016,9,RO,109.2,26.781893912928972,25.38658114630061,71.342944986407417,65.213138153212242,984.66459578120475,984.011946905315
2016,10,MT,107.23076923076923,26.953325685131919,25.521602587280086,72.680605593393679,66.2221205990734,966.61539398010291,965.83612482016656
2016,10,ES,92.4888888888889,23.486450473521195,22.455744653346457,79.2244976592591,74.483889588425782,991.23615770000572,990.69134756073481
2016,10,GO,92.210000000000008,26.446498683107194,24.859309562615966,61.008987805858716,53.797445141879713,930.69506278275742,930.04717844058223
2016,10,RN,4.6285714285714272,28.723744448980931,27.511281643982926,61.888363287247373,56.869804702702211,1002.1338433819813,1001.555294431782
2016,10,PI,20.305882352941179,31.123898645071062,29.511764800414451,46.537940198324549,41.217286719823854,980.88360095622306,980.25022922294
2016,10,CE,1.3285714285714285,29.47231903106201,28.05589574029808,53.945720020149437,48.90323493554817,983.40730861251825,982.80693277796206
2016,10,AM,128.45,28.333429122841082,27.145281610075106,79.051726666143452,73.221119470629176,1005.0952697962268,1004.3322246979236
2016,10,PB,5.0749999999999993,27.18803713208186,25.827170751579779,60.678697706613683,55.464444203775486,973.94669867803054,973.38519118330646
2016,10,RJ,95.235294117647058,22.1276613750503,21.125843457068694,81.677271975125336,76.742508976630688,978.86340166051366,978.32488391815775
2016,10,PE,3.1333333333333324,27.404102659529443,25.96964483419633,58.9351735749502,53.640461997029078,965.41445832042143,964.84632926585891
2016,10,RR,29.199999999999996,30.096808510638297,28.531648936170214,66.010638297872333,59.119680851063819,1000.3954787234045,999.75585106382937
2016,10,RO,107.6,27.923488635606454,26.630145479038219,73.159402659336351,67.049055477881737,981.72250119263117,981.04481764583545
2016,10,MG,89.518518518518519,24.396085873682409,22.97540342416541,66.977666883965369,60.923053450313148,931.95341041835024,931.38847847290356
2016,10,TO,80.58750000000002,28.379483880170469,26.870956162012533,68.306648508149237,61.174795016558477,974.57109510731948,973.92443738722636
2016,10,SP,106.24375000000003,23.00405212403032,21.592270921550668,72.176744199302732,66.018817871987551,944.09847742099885,943.49955450062794
2016,10,SC,198.39999999999992,17.860322038481762,16.843351088537336,82.689656781462432,77.773634069945558,944.52703440782489,943.91016899078045
2016,10,PR,162.63478260869564,20.7071822144314,19.49573044905403,77.052703974908567,71.638512995052025,943.68130397168352,943.08038660358659
2016,10,BA,61.461904761904755,26.64450105417907,25.309248722395512,67.282781136318491,61.785301452769154,970.49526683440422,969.91211085858606
2016,10,MS,101.07272727272726,25.482664027056131,23.979701099065437,63.919063001245732,58.71985211734755,967.33893701909471,966.72769061526969
2016,10,RS,241.05365853658532,18.402667362126714,17.271489999124828,79.545797438795788,74.495859120453446,976.89695923192187,976.23143439662408
2016,10,PA,59.827272727272721,28.058700484141593,26.899753876074474,75.003178724591962,69.6333674980507,995.69067842721654,995.06952161209426
2016,10,DF,387.5999999999998,24.115447523852776,22.542980463425728,64.819173103135014,57.676965015901914,896.58378009995442,896.02807814629728
2016,10,MA,40.483333333333348,29.64055165865717,28.254689073412539,63.408019761102921,57.699074263320142,994.43938850919164,993.80417628824307
2016,10,AC,176.43999999999994,26.934520918775661,25.681528657096305,81.652240977993841,75.598298820608392,986.83840419080343,986.1114123907854
2016,10,AL,15.966666666666665,27.117847954049072,25.847932579211868,68.658218939206449,63.423905052205527,1000.6671119736659,1000.1257739080329
2016,10,AP,0.8,28.385340583702927,27.142223617296096,74.6521945315111,70.346016963696911,1009.1618698456285,1008.595400245694
2016,10,SE,10.08,26.642260727607862,25.441587403798646,73.346972467376432,67.888954017697316,994.44223720091009,993.90559355805658
2016,11,MT,179.33333333333331,26.169808417587724,24.930508640456555,80.70844475644104,74.916308616907273,965.45043556401072,964.69278276345415
2016,11,MS,77.463636363636368,25.994369647188126,24.57960918512714,67.663598408210845,61.115151853180471,966.69413071062115,966.10074279371645
2016,11,RJ,320.91764705882338,22.800624500306697,21.741336253310276,82.3299213847333,76.962524989615176,977.33434515947135,976.82353230543185
2016,11,ES,213.68888888888875,24.081046168645262,23.006993202582194,81.055989291584325,75.802102733714364,989.6289177015517,989.11100192388369
2016,11,PA,64.356521739130443,28.235919937289218,27.09538605605049,75.909802301048444,70.619876297697871,993.63793991361456,993.04338813101333
2016,11,GO,177.447619047619,24.68222773918156,23.447299457831527,75.683187934119516,68.9080746801239,929.9891755277182,929.39792758171222
2016,11,PI,25.578947368421051,31.057632981919308,29.547950573633095,49.664654435221834,44.498727056392518,980.06961510803058,979.47063464596056
2016,11,CE,0.95714285714285718,29.699000962797584,28.339185712019962,54.950979388576428,50.130372962649446,982.5988716031211,982.02699881004673
2016,11,PR,90.058333333333351,22.187522563089527,20.781801239879137,73.9425731905456,67.360195680866539,939.73840116579549,939.2055710013542
2016,11,MG,242.7824561403508,23.572794982946032,22.316308337578228,76.429403497413048,70.260255347781111,931.55346846190957,931.01187114269817
2016,11,SP,101.45454545454545,23.337988240544792,21.985183760313205,75.327608950785816,69.094352999615623,943.80676437053546,943.25840448795486
2016,11,SC,103.95238095238099,19.6596390642392,18.51315603891253,78.833786305977185,73.064732389925624,944.310305643231,943.7996406271443
2016,11,PB,1.6000000000000005,27.192529552708127,25.883391425177148,63.26828396292683,58.258670300807992,971.34283221015357,970.82461882015423
2016,11,RN,3.2285714285714286,29.733384523353028,28.390919937422115,60.5558986149359,55.321667832372206,1001.2940855573436,1000.7224409551021
2016,11,BA,98.890909090909062,26.441262249158662,25.20791182450472,70.484231003778433,65.000771363556126,969.59624700427389,969.04220112290068
2016,11,AL,13.439999999999998,27.161328407073196,25.92125956405819,70.2433647420925,65.149285706284019,997.61367342032,997.11367679224566
2016,11,AP,33.20000000000001,28.446874999999991,27.233819444444457,76.835416666666674,71.679166666666745,1008.4425694444442,1007.8977777777777
2016,11,SE,7.32,27.1324638000309,25.977809959820743,72.0915897851955,66.95266998918251,993.38717736825856,992.87109210322956
2016,11,RR,3.0,29.653768844221112,28.262814070351773,67.8391959798995,61.92964824120606,999.906030150754,999.32010050251256
2016,11,RO,225.53333333333333,27.392814503055629,26.251995782734092,81.4499387771957,75.654652412032291,991.94865270832668,991.19513891718429
2016,11,AC,130.79999999999998,27.386860498211007,26.031088228175157,83.013802084819929,77.1860157084586,985.89586461077033,985.17214054658541
2016,11,AM,134.79999999999998,28.050798792307969,26.973741374239491,81.420271428914674,76.2872478186824,1003.8921194331572,1003.2010525514443
2016,11,MA,51.91999999999998,29.548937980174479,28.248638515843073,65.9685172195535,60.613195307839668,994.71424728211241,994.11997011892913
2016,11,RS,120.29523809523812,20.674367050807248,19.315931686827511,72.326816075733916,65.735459070792373,974.48238229960464,973.92645428796641
2016,11,TO,150.94444444444443,27.639278899945708,26.33824469094041,75.393937938111833,68.9625981061415,975.1616131815332,974.546965774946
2016,11,PE,5.1499999999999986,28.225017751135859,26.774481122216578,57.940567294711862,52.7874085308531,964.51461819410963,963.96998776100338
2016,11,DF,613.39999999999884,22.608297771455653,21.366666666666681,79.11332385016604,72.741583688952176,895.95808440019016,895.41033665244186
2016,12,MT,256.99310344827575,25.372331721083093,24.232230587392188,85.306010402220437,80.0615206078896,966.44882424938328,965.685661310424
2016,12,PI,61.810526315789474,29.509358717581794,28.082070500746791,60.842601172873167,54.829775230774935,980.82871558478018,980.23790519405816
2016,12,SC,212.46363636363628,21.454402945663666,20.343051014349935,83.175236089599011,77.822219329661223,942.10289987228532,941.58502323987238
2016,12,SP,162.18749999999994,24.497223068201695,23.111315393362911,77.360002825112488,70.772112621683647,943.683765626946,943.1066111108828
2016,12,MG,197.57241379310335,24.169631748821118,22.807566531385255,77.321222002535762,70.589351758063628,931.75700950821658,931.21517063152
2016,12,RJ,218.87058823529404,24.613895768534821,23.434238253789438,81.476811101578448,75.552931744783947,976.52267782721287,975.99631133824914
2016,12,TO,158.04444444444439,26.62248999372963,25.412937548553419,80.263009381022911,73.702069094136888,976.08306009455066,975.46481852162412
2016,12,RR,113.0,28.774596774193547,27.597311827957014,67.856182795698942,62.79704301075266,1001.0713709677415,1000.4225806451618
2016,12,PE,19.9,28.158016768167681,26.776785677759776,59.592063569839183,54.322199101378338,964.23012247474117,963.70376375418425
2016,12,CE,26.369230769230771,29.044098791327158,27.785314406325529,60.972026634675245,55.844209640340956,982.74108053328712,982.19441653685465
2016,12,RN,33.2,29.454770538801267,28.230209852486254,64.062858515199963,58.744322441010922,1001.0523897274917,1000.5021203373487
2016,12,RO,193.39999999999989,27.170013707229362,25.994137232347043,79.907218395030384,73.720915113538922,980.42471960694047,979.59445030805921
2016,12,ES,173.95555555555549,25.643841794405734,24.490310101542931,80.264379739427042,74.642594322627033,988.96788461088659,988.44822753781648
2016,12,AP,358.29999999999978,26.943758020266394,25.869944190008408,85.437474511548615,80.570446372298292,1009.1901267755215,1008.6233555688307
2016,12,PA,226.35833333333321,27.104006744655738,26.021215968383373,81.1661044251064,75.926606731302272,994.30712208689067,993.69605849848108
2016,12,AC,226.67999999999981,27.206912233340706,25.839430112429323,85.144174228874917,79.595508527051777,986.62392871035047,985.8661894722751
2016,12,AM,338.08749999999986,26.7224462435912,25.77634386394033,85.744588772910234,81.158179416271366,1005.0747643679565,1004.3863172616444
2016,12,GO,159.49999999999997,25.01347813208298,23.66613411319863,75.68934510024306,68.538072281731175,930.59601474869237,930.0035465609659
2016,12,PB,51.500000000000007,27.526638426613435,26.264387184266546,62.820478148438482,57.8233542628821,972.86243521079871,972.346043535501
2016,12,RS,149.99512195121952,23.256613072192046,21.958788770111688,75.679485817080646,69.731161163029029,972.2485316705862,971.71462217104
2016,12,PR,174.13846153846148,23.234611783089971,22.014030607226196,81.565775704473879,75.636289938848051,942.13162108907193,941.59534444679855
2016,12,BA,52.695238095238096,26.920970046651114,25.607308749610056,69.883837573801443,63.910580188412411,968.93159276268091,968.38859725066322
2016,12,AL,20.766666666666666,27.990852651400317,26.749155279090921,67.9559122109776,62.894063812137773,999.35671969657392,998.85463758042965
2016,12,MA,83.928571428571431,28.011022242974544,26.927010082395711,73.957831787002917,68.971526556218549,995.42187358819911,994.84372558400253
2016,12,MS,202.09565217391298,26.06200821498534,24.770764812840476,76.001985159871808,72.022541584310972,966.32926347793716,965.728491716886
2016,12,SE,20.720000000000002,27.460635886734504,26.308364924789142,72.102400515897116,67.006115410254139,993.10001738979213,992.579188114077
2016,12,DF,490.99999999999955,23.003675136116144,21.573911070780383,75.665607985481,68.736842105263165,896.52133454380407,895.9681797548792
2017,1,GO,180.89,24.974387424727396,23.628662885104458,76.09471723293025,68.986728562792635,931.07473309637089,930.50955628032
2017,1,SP,283.69999999999976,24.477333251813089,23.254634106760815,82.420037674616481,76.351742151903821,944.57403523298865,944.02585364387062
2017,1,BA,22.966666666666669,27.796957085391835,26.282336909604982,63.985297266080927,57.840062117303972,969.24182013431982,968.71269899737672
2017,1,PA,295.35199999999986,26.168343350785605,25.11182963548055,85.487401949168614,80.585990005990439,995.32285828718318,994.67295417471837
2017,1,AM,282.3599999999999,26.263360146235566,25.325079929697168,86.44223775011902,81.913039313011822,1005.8514055622079,1005.1666833006504
2017,1,AP,347.0999999999998,25.7755376344086,24.913306451612911,89.668682795698928,85.717741935483787,1010.1440860215058,1009.5659274193549
2017,1,RS,143.0829268292683,24.103409746728548,22.854385767688019,81.3035464409389,75.576173390534876,972.18112108187393,971.630239853808
2017,1,DF,458.4,23.200991437584467,21.660928346101848,75.266786840919266,67.8904912122578,896.85592609283515,896.34538080216385
2017,1,PB,46.574999999999996,27.5722178472095,26.307056203933104,63.731883610373423,58.689678222449942,973.09276192914967,972.575132525763
2017,1,RO,230.39999999999981,26.959200879765394,25.692552541544476,79.928335777126108,73.594177663734115,981.65225134408547,980.80933223362661
2017,1,SE,3.08,27.577598300988434,26.335955440744435,69.911948436301472,64.460280539515807,993.58005654929866,993.09415161579739
2017,1,PR,197.87692307692302,24.097536724978447,22.784985958747171,83.588873978463539,77.170467702946226,942.51475291726933,941.96909031640757
2017,1,MS,188.9391304347825,26.392219887086508,25.070168597327378,76.2766659739718,72.338102204449442,967.0131216104204,966.39537247429462
2017,1,SC,202.79047619047611,23.048408331236168,21.846548838519503,80.0695214199895,74.8989241324422,942.74924240290341,942.23111063123258
2017,1,RJ,224.58749999999992,25.986981137296429,24.714101274758161,79.915428049730437,73.676623358066408,976.66407865144629,976.16282942830526
2017,1,MG,114.7438596491228,25.330293659053648,23.846948094693616,71.232359733611432,64.377242823315967,932.56250826985763,932.04400821302647
2017,1,TO,209.03529411764703,26.021588903571821,24.809192657003486,83.350325648500871,76.78044205286011,976.66484015492142,976.04939779522817
2017,1,ES,28.777777777777775,27.191996112397391,25.75090814358288,71.583215810495517,65.257795432104956,989.48274510925273,988.99817429783582
2017,1,AC,244.43999999999974,26.386232538855957,25.159969509026023,76.574221924196948,83.028979410100192,987.42924592757333,986.65910336460558
2017,1,MA,229.04615384615377,27.198595622410064,26.106657319825651,79.7404996905409,74.725220572810116,996.47617338247426,995.85430508062734
2017,1,MT,245.72142857142848,25.60059997093844,24.395907779839739,84.538899773785474,78.974215606173289,967.26940867963526,966.503492575977
2017,1,PE,7.6333333333333337,28.138682496640484,26.772373009165168,59.11009473165236,54.149300804159765,964.54842455594019,964.02895382509735
2017,1,PI,65.188235294117646,29.053346103396954,27.608278364271559,65.118597294230767,58.915421620924533,982.1612553527757,981.53696334232563
2017,1,CE,59.292307692307709,28.619637684332886,27.340401282276439,65.390832932178128,59.945034190940412,983.07933326176328,982.51380891334122
2017,1,AL,18.500000000000004,28.0046146953405,26.75849014336918,67.1776433691756,62.056899641577047,999.80008960573468,999.31480734767024
2017,1,RN,23.2,29.367895693878317,28.153995484261291,65.154297884459709,59.910308888249141,1001.3206430333055,1000.7716431637393
2017,1,RR,29.599999999999998,28.145161290322594,27.005241935483859,67.694892473118315,62.637096774193523,1002.0821236559142,1001.4439516129041
2017,2,SC,136.87272727272727,23.394211810446702,22.234270878392017,80.719144748589784,75.3405406007943,942.87103770899012,942.38265771399483
2017,2,SP,82.825,25.953584260216598,24.492049763456965,74.903371041063039,68.016197833904329,946.39549626752489,945.86388846209854
2017,2,PA,341.00714285714258,25.894531864068121,24.928568270276394,86.818927322024877,81.923622568400745,995.00170782135672,994.35977559870889
2017,2,PB,65.02500000000002,27.322095999206116,26.105042903347726,67.6838734936965,62.015349931536292,972.7666023290642,972.23886600494643
2017,2,PE,42.672727272727272,27.91575051881108,26.595336557772132,61.524305307336689,56.15680956525788,961.57705376668014,961.05034782657208
2017,2,AC,131.03999999999994,27.257191230924974,25.830469951269134,73.251439128454919,68.322115284895887,986.28954128007524,985.53659602047094
2017,2,RR,59.333333333333336,19.549889424862737,18.779136406594006,69.420324843014114,66.058971647386286,971.38999555946612,970.80921035293773
2017,2,DF,901.80000000000018,22.374824307565124,21.04563869367508,80.593220338982917,73.984704423315478,897.150434063663,896.63141794129808
2017,2,GO,189.37142857142851,24.45334056433331,23.141756892426887,79.413827747163126,72.457681407960763,930.88905162806134,930.32339216148193
2017,2,RN,133.44000000000003,28.864062703819918,27.695509657407491,69.05487976923196,63.6102098377077,1001.1378428226236,1000.556822733036
2017,2,AL,24.933333333333334,28.248809523809513,27.055877976190484,67.614831349206327,62.570932539682566,999.25753968253969,998.77180059523823
2017,2,PI,167.7176470588235,27.087722112959455,25.928337322952814,78.028750306030872,72.29713220398439,981.59099080759029,980.99627392968841
2017,2,MG,139.13684210526313,24.34918832928075,22.95716055978912,76.7207244919201,70.180743578594,932.42491160031841,931.915600398659
2017,2,BA,81.9952380952381,26.825415217812054,25.505394829968051,71.418352400246079,65.370266054060039,969.72739601323156,969.19775120410827
2017,2,RS,145.39473684210526,24.307294087268481,23.061199142918113,82.321259533306559,76.556344195106774,969.46755690790883,968.94767959089631
2017,2,PR,130.576,24.932711613869277,23.556416252825848,79.776001161524078,73.122708000490007,942.60918327877982,942.08492647309572
2017,2,RJ,104.03749999999998,25.658275150606858,24.368751400544838,78.402455749378845,72.176973783930791,977.40389999143315,976.9345172988676
2017,2,AP,463.09999999999968,25.536979166666661,24.645461309523803,90.282738095238074,86.23214285714289,1010.2045386904758,1009.6393601190476
2017,2,MA,210.27499999999989,26.61941319279174,25.603111129940157,83.119390620324,78.339471468172547,996.9180158870405,996.30734489447968
2017,2,MT,252.52592592592572,25.277980657820141,24.148002426698433,86.486517606741415,81.344942872120725,967.054679370122,966.27643219824074
2017,2,AM,274.07999999999987,26.386507957355771,25.512183302006655,86.3708643117343,81.685709129476422,1004.3442571213103,1003.6499888770735
2017,2,TO,298.14736842105253,25.293079091921715,24.255263755741368,86.449249944432552,80.350925032567872,976.97289106875519,976.35366241361692
2017,2,MS,124.52173913043474,26.7990325738559,25.426028054281467,73.227363131111062,70.6881097921086,966.72826031836348,966.06773150272033
2017,2,ES,69.309090909090926,25.979142577088794,24.627279702558742,79.497009526783089,73.065042395969371,987.08478129677326,986.6279858801413
2017,2,CE,141.21666666666667,27.535100139332805,26.360552627182045,74.050376524033865,68.74301212929511,983.178306900147,982.639762224282
2017,2,SE,15.399999999999999,27.715446428571422,26.534613095238097,70.718452380952343,65.518452380952368,993.06952380952373,992.59416666666675
2017,2,RO,272.4,26.776358713274053,25.60084778408747,83.489272337954077,77.2341589124066,983.6024231526585,982.79075620712433
2017,3,RS,145.2428571428571,22.075103192277602,20.872917014368994,80.756820707148634,75.48225419341675,975.87567865451717,975.38553314728813
2017,3,SC,128.57272727272721,21.043129266472011,19.997179049283105,82.022016119155566,77.185651909513538,945.02629849465313,944.56068633448911
2017,3,PE,51.581818181818186,27.891859429385814,26.5851332894821,63.943877271356953,58.426333394428156,961.60440590712687,961.04950359031989
2017,3,MG,102.62857142857142,24.443172369879353,22.976754965595909,73.72808606141092,67.0621250751581,932.68347676597364,932.17979358635159
2017,3,MS,125.03636363636366,26.266329519762561,24.995400050963685,75.33932623594653,68.510128305753483,967.72106910240257,967.16152035681955
2017,3,BA,83.185714285714312,27.041044373136085,25.709019159439681,70.539140779135664,64.610231479612452,968.78201680602456,968.23203126301962
2017,3,RJ,184.93749999999997,24.404874052985456,23.187420431397008,81.392426833976756,75.58002368703751,977.87055357960662,977.40697150567951
2017,3,RN,89.114285714285714,28.1815170652214,27.126219958499767,76.665539103915563,70.9964144625606,1001.3026161084475,1000.6754838314118
2017,3,ES,74.353846153846177,25.676441504771255,24.342904819577356,77.082191354523076,70.84733774455637,987.85517424954412,987.35827247073553
2017,3,AC,192.27999999999997,27.245691879686312,25.839129264613891,73.9459489283492,69.0248024774438,986.28006118636551,985.46589060623171
2017,3,RO,265.51999999999992,27.34438576132823,26.05514004671085,82.575055509640634,75.904698757387,983.54487602891,982.75907363869976
2017,3,DF,616.39999999999986,23.099491353000971,21.599457443201075,77.849101390301783,70.495083079009731,897.3949474398097,896.87351644625244
2017,3,TO,185.93,26.347489780805212,25.140705046538972,83.9829589921103,77.095541757264343,976.81788135852321,976.17148771125085
2017,3,AM,320.9899999999999,26.764869676074849,25.751328424865392,86.840128473701014,81.931384613875053,1004.8873799456404,1004.1338047790903
2017,3,GO,169.37142857142857,25.056721946629356,23.696856755658803,77.321300562274317,70.15671947509523,931.13958822726636,930.57441884386412
2017,3,PR,106.91666666666666,23.52603893644228,22.244188579291635,80.280392486122508,74.260215066030028,943.95041722905557,943.45980585329971
2017,3,PA,345.08461538461523,26.154044123366649,25.13703829156902,86.206826111560716,81.162993046173,995.963243790301,995.28920104440022
2017,3,MA,295.24615384615362,26.567952241643187,25.537974160710881,84.037667118073884,79.2974025515347,996.35470348972081,995.70954001465782
2017,3,MT,200.54782608695646,25.89657989639224,24.686502923771755,85.185056200731324,79.749221193926076,967.3969627481938,966.61803460796375
2017,3,PI,151.77777777777771,27.037231314684547,25.806166243462737,79.3672398237819,73.418954256895347,981.7248195567513,981.08578747077866
2017,3,PB,79.725000000000009,26.93236829624971,25.789591217062668,73.068878920484664,67.375398354326634,972.793270987474,972.25062940521752
2017,3,SP,151.70322580645157,24.045827576515762,22.760287366998309,78.147043726281638,72.213335210639045,949.15591962874078,948.65125319437163
2017,3,SE,45.64,27.987818174268945,26.795036074534874,72.62095353009731,67.26948172187727,990.89596974751214,990.37072686204556
2017,3,CE,168.32857142857139,26.300948731631891,25.21700071676073,83.60614733247148,78.8486165547491,983.759958364362,982.99542475304816
2017,3,AL,20.466666666666669,28.436103992898545,27.260123563795929,68.849368153954387,63.850021354637711,999.01239343617067,998.49358062841225
2017,3,RR,128.35000000000002,26.065507096447806,25.070065460350463,74.776086484856535,71.061377675255258,977.35750246647774,976.72703750714436
2017,3,AP,569.0,25.620833333333334,24.772446236559155,90.978494623655834,87.229838709677438,1010.2502016129033,1009.6601478494622
2017,4,GO,78.818181818181827,24.871111317754032,23.543054427704572,74.789167442527457,68.228455165660932,931.93888588860182,931.4410527366822
2017,4,MS,148.82,23.710323227152426,22.48283989382411,75.215237665679865,70.951943836560218,969.2719983292842,968.72100226390444
2017,4,SC,105.68181818181816,18.508705533063186,17.480557797965584,80.751371189053415,76.7420232517739,946.03885920430491,945.52751501054092
2017,4,PI,96.0470588235294,27.505354917503485,26.237751505135869,76.3090764344391,70.2891098550501,981.96523301095738,981.3688402191342
2017,4,RN,88.257142857142867,28.185481452389432,27.094199319998427,75.754012639685612,70.231421651517337,1001.9005706146651,1001.2979061702142
2017,4,BA,75.260465116279079,26.244360893484011,25.007383122656282,74.653637172262123,68.882194122128681,969.84677820967,969.33029287371289
2017,4,CE,148.5333333333333,26.74554859924433,25.663324210698363,80.739936257090818,75.7314722979313,986.37441350833717,985.80454403586725
2017,4,PA,272.66923076923058,26.642086767048312,25.563034918587512,85.742210443038175,80.542014762936518,995.99492112089956,995.31679561887768
2017,4,RS,193.06190476190466,18.855523308190371,17.779195678024141,79.899160631286989,75.081148415372269,976.72023098717273,976.197773373697
2017,4,RR,127.4,26.72113426609905,25.637111052744853,70.289784765312888,66.6047823394654,971.45310900171876,970.836345282912
2017,4,SE,98.1,26.6756442219578,25.585058570388487,80.72582133974629,75.375322465965908,991.65775982742082,991.169057042117
2017,4,AC,204.5333333333333,25.478659849209883,24.502104617736173,88.005924205689979,83.72404209534551,987.87432388836987,987.22186422232926
2017,4,AP,398.39999999999969,26.396466503267973,25.469350490196092,89.26482843137255,84.845138888888869,1010.2176838235287,1009.6094648692811
2017,4,PR,103.82400000000003,20.193628179552206,19.078080686072813,81.562035826404312,76.5418446844584,945.28909324634617,944.80195735821053
2017,4,PE,79.38181818181819,26.765339435603522,25.562928124301365,70.445189479199712,65.035057627695352,962.38651863199368,961.85098101233655
2017,4,TO,136.42,27.209144377426462,25.891179069341987,81.009908366414379,73.75714045803285,977.04382675215868,976.44572667434556
2017,4,SP,123.5333333333333,22.300826272303283,21.114476132789296,79.305241986716808,74.17991601746759,950.33287460375072,949.84655729096187
2017,4,RJ,124.35294117647057,22.485154263241633,21.460807251471124,83.674298772225924,78.727803630242107,979.85058253024158,979.38571398245949
2017,4,ES,39.061538461538468,24.48383403249009,23.251450915219724,79.525107793798171,73.651838724095185,989.52427637260234,989.05229697043785
2017,4,MA,222.01428571428562,27.0995180841932,25.980739465630883,82.010950227371282,76.991256234885881,996.37370076319462,995.75403755163643
2017,4,AM,305.37777777777762,26.85271703133936,25.90551849089923,87.6349947288958,82.981644386229092,1005.3062792218869,1004.5785873747707
2017,4,MT,133.52631578947367,25.912052256469952,24.699388145486935,83.969890024184991,78.760562246587341,967.96677659429326,967.23241121884132
2017,4,MG,49.025925925925939,23.416086731386152,22.028205898100179,74.622456101899587,68.564254038042165,933.93721793805389,933.46816934270964
2017,4,AL,138.54999999999998,27.63606608320649,26.49965848554033,74.336846725214357,69.198576508961523,999.86390601217647,999.34815766108591
2017,4,PB,158.19999999999993,26.619024784482761,25.477371288314178,74.3144179537835,68.703923461446351,973.27403017241375,972.73436602011509
2017,4,RO,161.95000000000002,27.363005511256503,26.068122899202621,81.293942456666443,74.8221637133965,984.521233102751,983.77106177786868
2017,4,DF,151.60000000000002,23.146347430968209,21.701468018175429,75.361761621810629,68.498427123383308,898.15665851101164,897.69472212513119
2017,5,RO,108.96,28.114643987660244,26.725573527767835,78.974858056033966,71.976054478325551,985.30376776639014,984.61659206781269
2017,5,PR,193.14615384615377,19.409219417745962,18.44357764148522,86.21450480312501,82.0179315309897,945.58062213245671,945.03997038944033
2017,5,CE,87.046153846153857,27.15757530397347,25.96445684433797,74.79216821500836,69.928383888028776,984.49600628874748,983.98940205590441
2017,5,PI,49.023529411764706,28.191237496195473,26.793896527712278,67.477852084323018,61.544985059248177,983.7123833691337,983.17863086697844
2017,5,TO,17.966666666666669,27.600610470910798,26.105624093788368,72.97491100076553,65.6711261235538,977.69376640514668,977.19326297429359
2017,5,GO,56.330000000000013,24.15962038493732,22.731176096348531,70.975255499961776,64.357011775006654,932.96860078561269,932.50321018793773
2017,5,BA,58.357142857142854,25.410659180304851,24.137814278838306,73.047647556322588,67.630233296762327,971.15505485804567,970.65263676234656
2017,5,RN,67.766666666666666,28.341687766700549,27.146852809964525,71.689062497129257,67.800607937169076,1003.3296148623972,1002.8266033193
2017,5,AM,184.625,27.652411550010456,26.516031670182461,85.984798139902182,80.420889520884487,1005.5263174914476,1004.8701477168671
2017,5,AP,206.99999999999986,27.578494623655928,26.672580645161304,84.581989247311853,79.907258064516128,1010.2693548387099,1009.6759408602146
2017,5,SE,173.71428571428569,25.39799931267779,24.432190001916986,84.138199520335135,79.2878129860912,992.8821019742345,992.42968712996947
2017,5,AC,55.066666666666663,26.789689309346574,25.386184346567411,85.062193518846726,78.3828281933121,989.03912435011193,988.44805624483024
2017,5,SP,129.42352941176472,20.858238580664729,19.74477473042699,81.130785621562964,76.327250621637333,950.98689202125979,950.4810277614223
2017,5,PE,131.68333333333322,25.76360843923516,24.673668883867112,73.357201380072638,68.959917590420389,966.25492248070657,965.77176887133157
2017,5,MG,56.909090909090921,21.583121859417581,20.234055544717314,75.557141461786387,69.883817952433674,935.3817309238583,934.9123278451857
2017,5,RJ,78.447058823529446,20.3853432852155,19.354342344802365,84.98900845813985,80.253297530083969,980.943348895702,980.46691294126072
2017,5,SC,275.24761904761891,17.128441056557595,16.280740783117395,85.064668438688571,85.650464255263856,942.79180204808915,942.247286356157
2017,5,ES,82.2909090909091,22.260297512280939,21.1468924268187,81.6990216286348,76.251714539101954,989.22828731716766,988.75263453715013
2017,5,PA,113.23846153846154,27.385903608682629,26.234489121759594,82.090346211912859,76.69906101481422,996.46510584605994,995.69552567028518
2017,5,MA,120.24999999999996,27.532595392372297,26.371792293350943,78.5341687367337,73.400427753194663,996.972174291668,996.39605527528965
2017,5,RS,287.22926829268278,17.11760802982489,16.253141993508482,87.366686123082872,83.810857270412271,976.99555321575178,976.41874090262741
2017,5,MT,35.026086956521745,26.14068820463141,24.818284534677488,80.422493069458611,74.778495265150212,967.84955603837318,967.197362044323
2017,5,PB,120.48571428571425,25.946154696849696,24.858442859332907,75.0971588818657,70.155396634854668,974.3182573332009,973.83649700005549
2017,5,RR,285.66666666666657,26.051569097352658,24.967116720265295,79.27148587238095,75.170732392238321,972.11622875277294,971.50211989799118
2017,5,AL,403.83999999999992,25.872962003687107,24.940418328105608,80.802273191726627,76.587874008786315,1001.1535282781853,1000.6902034691655
2017,5,MS,126.7,23.49548292365186,22.429941740826838,78.766137552691831,75.492565592422523,969.6250229672761,969.10950324779537
2017,5,DF,163.60000000000008,21.73899392302501,20.225388251181641,73.855165428764309,67.096556380823642,899.19918973666586,898.77062795408506
2017,6,PI,10.810526315789472,27.93792639112166,26.488113493991321,59.276028198023852,53.850789491366946,983.93430890230013,983.42740864424434
2017,6,PB,117.99999999999999,24.761639731364536,23.6922426329889,76.289083994176792,71.453863438591441,975.53101427556044,975.08440109102514
2017,6,CE,34.215384615384615,27.183315726635836,25.953980178359771,69.330609980783834,64.615079050436236,986.68227074021866,986.19549333545069
2017,6,GO,1.3090909090909091,22.405720455795361,20.860632178553988,63.103638771397129,56.555981853426481,934.756335200008,934.31924740629836
2017,6,SE,153.36666666666667,24.192431904825135,23.178369192591443,86.842667284535992,82.019439436474045,994.63002223852391,994.20893141019008
2017,6,ES,60.600000000000009,21.95689466237971,20.744561527192442,82.495772887890979,76.9308038197308,991.30589230179635,990.86345462568806
2017,6,RJ,76.0705882352941,19.899163844239535,18.747152205494224,84.3430799914834,79.234360678021815,983.05414081931974,982.603458166123
2017,6,RN,58.028571428571439,27.561080660835771,26.415923901306552,65.431880847577148,62.948725660660166,1004.040575612785,1003.5622640913508
2017,6,AL,165.83999999999995,24.885586547634986,23.829445888488682,82.554102075797019,76.929175385974148,1002.819266571391,1002.3777763908915
2017,6,MT,2.3846153846153846,24.510543023682946,22.936268630978063,70.622389230248757,64.430501729564,964.43779794691784,963.83126039121225
2017,6,PE,126.15999999999991,23.754686267048172,22.760655008793659,74.978406930436691,74.897717240623862,967.7519310721417,967.30694703155336
2017,6,AM,121.6,27.135716616558526,26.040866149826908,84.938828767438181,79.8112842303643,1006.3528851483898,1005.804195769137
2017,6,AP,107.00000000000003,27.61433021806852,26.701090342679109,83.185358255451675,78.487538940809969,1010.6364485981308,1010.0788161993761
2017,6,DF,0.0,20.511600279524782,18.886652690426256,66.516422082459755,59.892382948986679,900.71827393431113,900.30307477288579
2017,6,RR,274.8,25.777151917652247,24.661903444833541,81.246979871658681,76.666409817463546,972.4294058525104,971.836537675333
2017,6,PR,122.15652173913041,17.220197472188495,16.110164634442679,82.033613587727856,77.110191011984739,947.69242179092259,947.2039938309307
2017,6,MS,44.936363636363645,20.843075474477509,19.518439898256727,70.9035282662919,65.166652326947613,971.99381412691639,971.50814039865122
2017,6,SP,57.3176470588235,18.956954797903204,17.627630836504153,76.736330574961841,71.126812369249961,953.57672800910643,953.11424565885284
2017,6,TO,7.4600000000000009,26.364723241234387,24.685707342533359,64.648715602010441,57.530111658912787,978.84388786954491,978.37409955358726
2017,6,BA,40.506976744186062,24.4620381572621,23.104773698863273,71.241902971237209,65.27376943402821,972.94979480143661,972.46382347028793
2017,6,RS,126.54999999999998,14.768894435244606,13.769405753744035,83.895160085596757,79.953445944471355,977.18289223277225,976.68184394820025
2017,6,SC,119.62105263157892,15.034685683342477,14.066142234914206,82.1267195297325,78.383036553931063,945.90012178498137,945.39437063895878
2017,6,MA,49.966666666666647,27.267118165285783,25.974991712215278,72.872389908736011,67.319160296160135,997.33103779094313,996.82531258062318
2017,6,PA,76.224,27.417510534089349,26.182242889684819,77.302307025692926,71.515184538528629,996.42938965620579,995.77210510665589
2017,6,MG,16.519298245614035,20.435767518079238,18.904358948160151,71.929303421697767,65.885973766377134,937.04104426391871,936.60301868836609
2017,6,RO,6.1999999999999993,26.180208895152933,24.679743909908296,74.364788308712932,67.550423011500072,983.71673090437184,983.23305617048049
2017,6,AC,16.200000000000003,26.18131410219619,24.747685490650113,69.9245229739918,65.14239062759161,989.35892621833727,988.88477838865776
2017,7,PI,7.5684210526315807,27.065719522561452,25.652324906930914,54.190835166048082,49.453823992979757,986.37519541513484,985.85008444042319
2017,7,TO,0.90999999999999992,25.257355123150241,23.467544565336652,56.461389419526547,49.706862592645152,981.34811726285909,980.83502762710987
2017,7,RJ,53.337500000000013,18.244982127386216,17.019814559804761,82.277981733978081,76.686396748255859,988.20959417394943,987.77929920264592
2017,7,MS,0.8,20.921456538598651,19.207971405980462,54.5056486998753,50.6563467424118,977.67193852908576,977.181991400158
2017,7,PR,4.9461538461538446,16.996796196862487,15.59451907306615,70.879470913565385,65.30561567313778,951.79711398599034,951.3507579733074
2017,7,MA,22.042857142857148,27.221588470742073,25.754611291101188,63.449399314305509,57.560034588102027,999.20482023700174,998.6852947190979
2017,7,AM,80.152941176470591,26.90419218345831,25.698045251066709,80.31270914749976,74.781246995020069,1008.1506621795371,1007.6069244681679
2017,7,MG,7.3900000000000023,18.526308159333748,16.996616539494806,67.867848036744363,61.868095973205,940.39023350076991,939.94472146070962
2017,7,SE,107.63333333333338,22.898133077825179,21.77237802600256,84.830595889844261,79.1080378412511,997.55683598474423,997.11643541525859
2017,7,ES,86.933333333333337,19.520268366058378,18.352226951249886,84.315684995694951,78.388456838513292,998.143221121761,997.71022751084013
2017,7,AC,13.333333333333334,26.578092962533994,24.827125824933468,57.838614652746351,53.42970905649382,990.82654163787174,990.25953713157287
2017,7,PB,135.22499999999994,23.137390317508618,22.163036864548019,77.261042518041933,72.870361816363811,977.77304056893627,977.3197655819788
2017,7,RR,344.99999999999994,24.685851043140879,23.66886399921674,85.150996663585076,81.001979483896775,974.175806029989,973.56881869691824
2017,7,RO,0.0,26.970234749373258,25.209592746639771,58.067144073350164,51.31123312458417,986.41652283996086,985.91746594607957
2017,7,DF,0.0,18.447866134479582,16.864568621430777,57.81086889775866,52.028246852932156,902.32744857230546,901.87657353392842
2017,7,GO,0.0,20.772171849987721,19.084287726384471,54.918112307586419,48.653207052374022,939.86334582076631,939.3950825426333
2017,7,SP,3.5081081081081074,18.251827918106478,16.740621017637022,67.746990119661987,61.950301776286594,957.24105072569387,956.80199395913735
2017,7,PE,131.01818181818169,21.945863625150558,20.981908212166065,75.172756389707544,75.308693325781974,970.20665372462406,969.75575417555478
2017,7,BA,55.553488372093028,22.167054780245394,20.901762188156145,72.463028799302762,67.326069977583643,976.09643133688417,975.60009536726238
2017,7,RS,23.066666666666663,15.553715065936752,14.283649204229718,74.684904668555887,68.782587904295724,981.0405941735446,980.59405615579192
2017,7,PA,31.704347826086963,27.196995299488108,25.879290651120854,69.784729780023113,63.817736109326795,998.01451643736493,997.34704568620987
2017,7,CE,38.783333333333346,26.535735291626803,25.342419164288323,64.4684717856626,60.082824992497194,988.80568842328717,988.30413617860381
2017,7,SC,11.509090909090906,14.863121251555599,13.637382749578851,75.511654793506139,70.503542440630625,952.483975769854,952.04348757040873
2017,7,AL,146.74999999999997,23.44548682605048,22.34369804773889,81.268615452633284,75.087362031784082,1005.7149093456871,1005.2689673415697
2017,7,MT,0.048275862068965517,24.666507455670217,22.789533944247278,54.643807699237257,48.179112574293995,968.11930233528881,967.37806754512565
2017,7,AP,,,,,,,
2017,7,RN,114.31428571428567,26.182782110634271,25.158070305134924,68.845948708543816,64.325943455449931,1006.2824706987593,1005.7915128047104
2017,8,MT,13.66,27.827765877571011,25.930145148268878,55.710172837218792,49.038090700036719,963.52353334152792,962.83609875420677
2017,8,MS,61.645454545454562,24.105036033844403,22.516681925962843,58.642585117290722,51.9288506341155,969.65632062104225,969.08355217151927
2017,8,RS,149.58048780487803,16.435950486850047,15.259368489828793,78.95767885311308,73.839938294668542,976.54594418078648,975.89512124589328
2017,8,TO,4.7777777777777777,27.927858107399189,25.839809676762126,51.177315719681182,43.380784206459708,978.31035662771376,977.77688842186831
2017,8,GO,0.77272727272727271,25.231092965566351,23.349010072894597,43.425761715929617,37.588573046360189,936.15730962380928,935.65531451697575
2017,8,SC,125.22857142857144,16.019887751681214,14.940751057624055,77.296068634477649,75.711059829998675,944.05564974080607,943.51248003743365
2017,8,RJ,51.288888888888891,19.207922269811952,18.051585656149708,79.663775451327012,74.26682078963799,984.87514910675316,984.38219542023228
2017,8,ES,11.815384615384611,20.177013322546191,18.966560031104912,77.961649442991273,72.207477437908835,993.47795694805632,992.9903809206877
2017,8,PB,21.650000000000009,24.708506250994951,23.483700469616057,69.623658627476516,64.780615046377989,976.38111893804535,975.891845780149
2017,8,AC,23.099999999999998,29.2799618795589,27.340966417528154,72.541448404963774,64.55083771887081,989.0669637837068,988.2842235474626
2017,8,AL,105.74999999999994,23.583135896968585,22.525843660773951,82.41772417527811,76.757107255775054,1003.8768775438917,1003.4223646042162
2017,8,RN,6.6285714285714272,27.273022273425493,26.076324884792641,67.067319508448534,61.018010752688163,1004.9254224270353,1004.4162826420892
2017,8,DF,0.0,22.874459117729721,21.043579657207104,43.451372997711665,38.064091559370425,897.417729699354,896.95726327620127
2017,8,SP,58.200000000000017,20.400917388963471,18.940515162256606,67.6792390851769,62.088604584570959,952.12430554566538,951.601708156877
2017,8,BA,29.8046511627907,23.376401779381407,21.976082475353035,67.6254827829821,62.23414674948863,973.12187581821661,972.60658089083449
2017,8,PA,35.023999999999994,28.076351962568587,26.761945773612346,71.543992170711832,65.572618150797453,995.97157839451756,995.2627103861663
2017,8,PI,3.7222222222222214,29.307573736627543,27.637529868578248,45.858579692102843,41.035001527629589,983.2114943295303,982.64780756655443
2017,8,AM,70.8,28.511863874114255,27.192708628101226,77.873276289534871,71.8265691533782,1005.0769313399293,1004.3776697916735
2017,8,MG,4.9311475409836074,21.196755820372303,19.477903777376618,59.2467268561672,53.43588069337148,935.91331293024859,935.41650596047066
2017,8,PR,110.56666666666668,19.005290246363757,17.731784258333406,72.702166710381618,67.390738488506557,948.96806473762138,948.42239202574831
2017,8,CE,6.0142857142857142,27.996556590955844,26.580008834112096,59.689081080549244,54.764680403821586,985.77562476521155,985.2305738597147
2017,8,PE,38.41818181818185,23.468733647994942,22.30510052679988,69.4285486817921,68.347197895327085,968.59009844009836,968.10815139064232
2017,8,MA,7.0714285714285712,28.796822926686531,27.29135094930637,60.652185876460912,54.807433311056144,997.06051576728362,996.496690214186
2017,8,RO,33.12,28.209250794996123,26.60914521247614,66.517600564033742,59.857597314056008,985.87467151777423,985.28910527742755
2017,8,SE,69.566666666666691,22.928213595387948,21.828054218668989,86.750684078763541,81.800478207205046,995.63185888430644,995.1893787439418
2017,8,RR,109.6,25.819992360362129,24.506114161519115,76.565474147792258,72.743684021309321,957.16507030918115,956.59063490701681
2017,8,AP,4.7,29.050895522388064,27.913719971570725,76.065415778251634,70.350533049040521,1010.0856716417911,1009.5719090262976
2017,9,MA,0.75714285714285734,30.119733626271469,28.525227264560172,52.316034843184,46.647525393400748,996.32230608465136,995.7194737552926
2017,9,RO,65.640000000000015,28.370638092124825,26.908526659268151,69.183305415705433,62.34101232081877,985.6348378303345,984.9899502962777
2017,9,RS,132.66666666666663,19.491749417889295,18.467985099369205,79.872665687740735,75.25707261537255,977.92609755864692,977.316447247655
2017,9,RN,12.342857142857147,27.630713209484078,26.404005066560689,63.229950668499782,57.337749293361128,1004.9717533997834,1004.419099664437
2017,9,SP,24.133333333333329,24.297289134849525,22.582169526663371,54.145128099887422,48.266138529907288,952.422362321481,951.88159688299288
2017,9,MS,19.808,26.960347632451004,25.175072516271605,49.110593956665504,44.12416337286006,969.124905098409,968.564659288096
2017,9,PR,35.772727272727266,23.199536157905744,21.73670472734949,61.826463377394646,56.20945720477885,949.2760176428726,948.78259664079019
2017,9,RJ,21.233333333333331,21.321987616003121,19.902812066735166,73.329294098993913,66.995566950245831,980.29965838027124,979.69852232078665
2017,9,ES,26.600000000000009,21.480730797789441,20.13832434195238,77.976152399914426,71.917968696694871,995.28760967828168,994.79162941625839
2017,9,PA,16.066666666666666,28.565407360788356,27.266583058803025,68.1817617644711,62.522392259795019,995.03638497971679,994.288762906808
2017,9,PB,30.371428571428595,25.102699884530555,23.83732866926864,66.138948041990417,61.0168810103731,976.576152297927,976.04840508568066
2017,9,AM,99.433333333333351,28.133632975594121,26.980335840755227,80.5010998957445,74.990028850138884,1004.636308203799,1003.9224731788685
2017,9,AP,24.466666666666665,28.377912962962974,27.173353703703704,79.563723538259111,73.972034592968583,1010.2578981481482,1009.7052185185189
2017,9,AC,124.49999999999999,26.347231477536557,25.096108315742704,81.4962365047233,75.927310825139813,988.70768153512017,988.03715391638548
2017,9,PE,39.072727272727306,24.072722783894786,22.745180405689648,71.457969298649914,65.6367448183176,967.73458147785493,967.19444556948531
2017,9,BA,58.888372093023278,23.68410746066024,22.3899224843454,69.853084665057267,64.381365675917664,975.05582278583563,974.51833273618388
2017,9,GO,14.2,26.320611873738219,24.543475059802269,39.571813457238065,34.248705379448026,936.50139725099768,935.9313178067888
2017,9,TO,0.83333333333333337,29.331569149559616,27.372110929158104,43.133992710021531,36.64336495021584,978.15629970796806,977.56074990276454
2017,9,SC,63.723809523809521,19.693286614909422,18.621298388571205,73.94172819412718,72.345423944086889,944.67439792233768,944.18934851102063
2017,9,MT,19.208333333333332,28.96111443290123,27.111305747210608,51.787124461603014,45.274948685095694,962.89722290109091,962.18403492478262
2017,9,SE,181.16666666666663,23.194689106210834,22.050799966599939,86.485857950406327,81.036310582193451,996.2646033148842,995.78993326990189
2017,9,MG,19.485245901639342,22.866479557861421,21.156923630804144,54.266545020981852,48.515282981043882,937.04318130145953,936.52358053620128
2017,9,AL,73.8,23.954828811369516,22.793613879660388,80.075240536324515,73.800044505173872,1003.2418789221114,1002.7507364341085
2017,9,CE,1.4000000000000001,28.849144856366859,27.353201174558503,54.5705642684003,49.769609138894332,985.74693984367161,985.14530831462321
2017,9,RR,133.19999999999996,28.86152777777777,27.477777777777781,72.301388888888965,66.102777777777888,1002.4111111111115,1001.7348611111114
2017,9,PI,0.25555555555555559,29.848650383612469,28.294890876957574,44.179135147764114,39.769664600739418,983.43798667471549,982.82611058644989
2017,9,DF,59.599999999999987,22.944338532640067,21.424667822068166,43.467187048279932,39.054929170280346,898.24039523394356,897.72191223481548
2017,10,MT,105.91176470588233,27.233316378220305,25.767369325494133,71.353688343349432,65.046385926951757,960.832921340895,960.06530619528019
2017,10,MS,149.76,25.949707463594486,24.486859418626661,66.890796455375352,59.896599557586384,966.77310833210959,966.0997483090207
2017,10,RS,226.01463414634139,18.96735033861221,17.817666550998219,78.497220401842924,73.031104852440663,973.64480622933445,972.87803321435547
2017,10,PB,18.6,26.426889076576572,25.164685229584414,64.41885171461783,59.552134190642263,974.38032167247923,973.83883736559142
2017,10,PI,22.144444444444442,31.7624744103779,30.134206006578768,40.766420932726412,36.3814728489835,980.5059808194934,979.874468598096
2017,10,ES,46.309090909090912,24.869759555072346,23.491078418969305,73.353035495051188,67.4985989669939,989.46438095867029,988.89349138537068
2017,10,GO,68.24,28.041342963715529,26.381535305655806,47.769670731298071,41.673898024967954,933.19975360030878,932.62050666941241
2017,10,RN,15.399999999999995,28.381855791128121,27.18598422535571,64.508680653487559,58.8253449946738,1002.9535735778169,1002.3871479043016
2017,10,RJ,89.2888888888889,23.286355553029853,22.010437933841633,76.680729318506422,70.743481247290887,974.61947447361683,973.94382598174548
2017,10,AC,106.53333333333333,26.749948928690209,25.491823641661519,81.394377405102389,75.931079465374452,986.93941299665858,986.269949680903
2017,10,PE,15.250000000000004,26.324136853634371,24.94016122215254,64.116586333855139,58.330508447616374,965.93443825611928,965.3800241776421
2017,10,AL,32.080000000000005,25.52926387833687,24.320829036890462,74.773474063368369,69.445762915084458,1000.5884301470804,1000.0666884919377
2017,10,RR,14.866666666666667,29.227808168428666,28.036348340411426,69.731809270627267,64.175950831628143,998.1503782023301,997.54960973939262
2017,10,DF,143.40000000000009,25.868270042194141,24.155949367088603,46.622127659574531,41.209078014184442,894.83015471167346,894.29696202531488
2017,10,AM,150.87777777777777,27.89254761563426,26.779145563874785,81.860613243273619,76.564191064061589,1003.2907017392272,1002.5841432153692
2017,10,SC,213.40952380952373,18.662725047512531,17.580972685870698,78.142862762885315,76.259788075879726,943.08050217679443,942.38440226791215
2017,10,SP,137.33157894736846,23.805987094194357,22.464097369041152,70.821009449034023,64.78135400726535,950.13043391542669,949.49851005583537
2017,10,TO,70.0235294117647,30.295836392201,28.523339597845151,52.923021058725936,46.412490315158749,976.07636196003239,975.44167734372149
2017,10,MG,70.313793103448276,25.37937590743465,23.778220628786567,58.244916868718569,52.185043483825105,931.53921892838548,930.9647491258014
2017,10,BA,17.604545454545455,26.31556269351951,24.902411479591894,62.865911667321086,57.512803942544913,971.27621437567825,970.70918633388453
2017,10,PR,279.17391304347814,21.4476179660626,20.2100377790922,77.5087148268167,71.68658154201573,945.71747969258161,944.99742002424261
2017,10,PA,66.125925925925927,28.39788855122427,27.170433564341003,71.708305931018856,66.073433696354357,993.8138804779154,993.04342750852527
2017,10,MA,22.785714285714285,30.273839144843681,28.884072243735687,57.498151858546535,52.368634342099689,994.314670841753,993.68596063041309
2017,10,RO,144.59999999999997,27.599783274700485,26.274183642089397,76.180212095187727,69.583446398666538,983.870747800489,983.16536171603366
2017,10,CE,7.2428571428571429,29.325734471647955,27.921251736081992,57.693727183063238,53.012886444419493,983.67691543548119,983.07934531896467
2017,10,AP,7.4666666666666668,28.46393369175626,27.244534050179197,78.8783602150537,73.370295698924735,1009.0864247311827,1008.5357078853043
2017,10,SE,53.857142857142861,24.69124921524406,23.502276993465053,82.739685630532179,77.387770895434571,993.3964102477388,992.89465937603836
2017,11,GO,238.96521739130429,25.048874048750406,23.768246659237906,73.550214132527742,66.882779270439,932.46770078772886,931.86343836608341
2017,11,RO,204.87999999999991,27.087876468475439,25.888650614020115,82.3733773274645,76.012127349420652,982.44123727127544,981.71577401800448
2017,11,SP,193.21052631578939,23.178877853777244,21.87036015038338,75.637976554337541,69.518900947233448,948.73541176765673,948.15738477868933
2017,11,RN,1.6249999999999998,28.846161726532852,27.622398815242786,61.877324805753844,56.368114572490342,1002.6364536611725,1002.0834103553697
2017,11,MG,166.625,23.499630669219016,22.279640427654339,75.3703389465247,69.051734542901627,930.31327636998674,929.77375966675913
2017,11,MS,192.55384615384617,25.528862684530814,24.198385175156588,73.659951451656838,67.710998151922226,965.43762209160855,964.80630202498082
2017,11,PA,78.3153846153846,28.27203932971771,27.113734433532215,72.640784317364322,67.106160562834461,993.04654312892183,992.269086209678
2017,11,PR,167.384,21.691449212264985,20.39116348118359,75.026948009643419,68.746824536319664,941.44615365026948,940.86728206564044
2017,11,SE,11.571428571428571,26.372287196730227,25.084025989812321,77.4017599638332,71.920046275962235,990.79345385590454,990.28775322550928
2017,11,DF,1511.6000000000008,22.510566790088276,21.252250712250721,79.764102564102487,72.968091168091263,894.08985754985758,893.53854700854606
2017,11,AL,9.1599999999999984,27.155132556568727,25.826908139142176,71.4914351851852,66.134953703703715,998.09154130591628,997.56370310245336
2017,11,RR,11.066666666666666,29.405579195074903,28.247874859522469,67.766923496963244,62.612957254780653,997.190240067131,996.593583992349
2017,11,RS,126.22926829268292,20.260741132964323,18.882776669412621,70.1408542408259,63.378022536416815,973.1450942398983,972.53230594049512
2017,11,PI,51.544444444444451,30.134943905003819,28.620663702181954,57.314361342740909,51.302197891329584,979.64295207660268,979.04086773852453
2017,11,ES,153.18333333333337,23.830279528339517,22.789966962097449,79.7175899473527,74.550865540696535,987.41339935248311,986.90499246174159
2017,11,PB,3.4222222222222225,27.601414644535346,26.262554132907312,60.502152858605292,55.620715053284911,973.394263177669,972.86193496054113
2017,11,AM,181.91249999999994,27.478244590842891,26.440738685620868,85.27716634775976,80.420996331337719,1001.937447290365,1001.2109940756906
2017,11,MT,212.88823529411758,26.32451457952871,25.0556700816198,81.626864672023189,75.808757052790668,959.96897000591332,959.21369935827965
2017,11,CE,10.830769230769233,28.89388128349993,27.508903013182671,59.992467043314527,55.25845465739534,981.40095338983031,980.84466663045055
2017,11,BA,101.10952380952378,26.096935141409105,24.869349899933393,72.235907190414466,66.69199196167871,969.15210353893679,968.600817411176
2017,11,TO,174.99999999999997,27.380297973059371,26.052322289375414,76.568887353146849,69.3341330373858,976.09380173778823,975.43961267046484
2017,11,AC,236.95999999999989,26.255049907149488,25.131455496234402,86.815153332301648,81.781947023625321,985.97612187919094,985.26356823222932
2017,11,RJ,231.12941176470579,22.40486230563209,21.316658031827313,80.088711367483356,74.807139121237469,973.23084798365494,972.63650029822327
2017,11,SC,152.1363636363636,19.406650502925324,18.213555070201437,73.8216744142012,70.978881876545685,942.18581581220781,941.63354463664018
2017,11,AP,21.066666666666666,28.789697293447293,27.469017094017094,78.56752136752138,72.072382478632449,1008.1623076923081,1007.6193910256409
2017,11,PE,12.099999999999998,27.869039503561211,26.403417776961003,59.370361532927568,53.125071384964627,963.83822592293279,963.3051496118818
2017,11,MA,62.012499999999996,28.520387291193227,27.379534153929818,68.576699846921059,63.409601790918352,993.77714226258752,993.2111452391224
2017,12,PR,227.34399999999988,23.529529137238985,22.35857856519209,80.189993832956262,74.396094474401551,941.06832588989585,940.55895040756991
2017,12,PE,19.492307692307694,28.578134516741745,27.0990155275345,58.475055369721112,52.545697016269962,963.7455987331067,963.23943078407
2017,12,TO,283.18999999999994,25.922050549896888,24.806908343515097,83.882909523470019,77.4428368801356,975.97976504794178,975.37481109244811
2017,12,MG,243.08852459016379,23.903106208559571,22.674478010045164,79.362438428170393,73.0957278659114,929.95991645350421,929.45088468947131
2017,12,RN,6.4,29.200293562349383,27.987422990956823,62.598617632726857,57.149822767775632,1002.5538501626474,1002.0379046499989
2017,12,AM,264.08571428571418,26.992051859358956,26.013324015540167,86.2021876875745,81.541618657795823,1003.273261552604,1002.6105306275799
2017,12,MT,255.69677419354835,25.518802186809015,24.405115103197655,85.925361344000535,80.960830425041266,959.92138196915039,959.20906153265412
2017,12,RR,30.4,28.456356538857328,27.3183687717179,70.299851423500783,65.238625602135656,997.42418049900812,996.81738065410991
2017,12,AL,33.371428571428581,27.866673449225402,26.605460296066823,70.4781415735132,65.256075835634022,997.70489351803008,997.210687855302
2017,12,CE,22.285714285714292,29.119744909761838,27.773960918302688,62.08614887009675,57.282521816312986,982.69155650508026,982.15358174506832
2017,12,ES,240.73333333333321,25.140351060253675,24.026753921281834,81.07685238571969,75.558924776,986.24771712108839,985.75441680897586
2017,12,PI,63.06666666666667,29.004958877189132,27.661949383608114,65.315384798814293,59.451038455139866,980.50181349211346,979.9280351191868
2017,12,AC,200.0799999999999,26.080577018375,24.97273094957529,86.890812957234743,82.064290887219556,986.4509755977806,985.78433869740263
2017,12,MA,94.5,27.9591760950588,26.90292245068499,72.658731674430058,67.846863438192656,994.14444764723953,993.58289220382744
2017,12,PA,206.57037037037026,27.085920535979866,26.067189616415018,78.412477778559989,73.431492035758112,994.019412466338,993.25537980233707
2017,12,MS,190.94615384615378,26.267184168499547,25.057706102638232,79.1471393737874,73.450883656457023,965.33607689824,964.74581110721374
2017,12,SP,204.3315789473684,24.456032657479,23.219365531066419,79.108547069286089,73.079321599853131,947.479242316061,946.95644883921614
2017,12,RS,101.46341463414635,23.673239705190252,22.315339565451062,73.9345305858262,67.598312155738185,972.03174725417239,971.47490375689051
2017,12,GO,263.59999999999997,24.431448532362875,23.259235579739713,79.811173872120037,73.31481133520407,932.67844144660057,932.11954701199556
2017,12,BA,96.72558139534884,26.576623378004697,25.335732561696418,73.077558971710744,67.393777835702409,967.85783939949556,967.34500688325306
2017,12,SE,33.400000000000006,27.086388569762267,25.854571651485159,76.345217625665342,71.096278762438686,990.27971732839171,989.80011797742759
2017,12,SC,177.01818181818177,21.867046048443957,20.735562080722989,77.894224284949914,75.7765398914942,941.6969388242394,941.1999145553466
2017,12,RO,270.39999999999981,26.274862962315698,25.23792490291325,85.476803884283939,80.086745079512227,982.68865712493982,982.01196595496936
2017,12,RJ,172.33333333333331,23.978993066075063,22.891216086241592,83.2705032826365,77.964540300088473,972.37148111216607,971.80091803680909
2017,12,PB,4.4888888888888889,28.474804666223203,27.033794451092607,59.801892459934116,54.4087982002595,973.27669251630664,972.76765070309671
2017,12,AP,147.60000000000005,27.533870967741898,26.516129032258071,80.040322580645238,75.512096774193552,1008.3963709677419,1007.8629032258058
2017,12,DF,1219.0000000000005,22.399943741209576,21.176849507735596,82.0879840546697,75.386214753631549,894.13738396624478,893.62883263009985
2018,1,MT,240.82857142857137,25.582405239544137,24.332365224894296,84.573523406830759,79.019458225958445,960.76281302598375,960.0157862130792
2018,1,RJ,328.96666666666664,24.872787892155664,23.697334784109231,82.615468790070423,76.749869855798238,972.87373198258672,972.32376568545521
2018,1,PR,251.00833333333321,23.070946351921208,21.951892377775856,84.689502029850175,78.936056212110017,940.84509671472938,940.30960148095494
2018,1,AL,61.085714285714289,27.631452906786567,26.379117240322785,72.302082803822728,66.890463786328851,998.24618645997691,997.75070563222255
2018,1,PB,61.457142857142841,28.652358739194604,27.109675612180361,60.943296366297453,54.61736641993415,973.55264555284475,973.01801389014372
2018,1,PA,196.55999999999989,26.407940939811787,25.330867489302509,82.018810922377909,76.446402678103965,994.79885308720714,994.00393702735323
2018,1,PI,99.33750000000002,27.6394054395952,26.289373814041749,71.920825953363092,65.739457936416827,980.44905123339663,979.83296963946873
2018,1,AM,199.06666666666663,27.354101371755448,26.189483398223746,84.242560144825518,78.620103665578711,1004.0865457251764,1003.3173289325576
2018,1,RO,292.71999999999986,26.070942723568525,24.953257727535711,85.671248919092577,79.927306803893913,983.18310762373812,982.44408991022988
2018,1,CE,58.430769230769229,28.350838475616047,27.052191353128677,66.343060784819357,61.168103886411807,983.13085722725418,982.566092882727
2018,1,AP,275.29999999999978,26.533598305059922,25.631645534851032,83.1438172043012,78.7379032258065,1009.0916232677037,1008.5126461281536
2018,1,SE,18.28,27.376569040756554,26.105425267555521,74.765677009913489,69.2999436245074,992.83186197949124,992.35466446822079
2018,1,RN,49.825,28.972726364079733,27.75506393687704,61.493366849670714,56.408220670203214,1002.6795654470477,1002.146514697911
2018,1,DF,660.79999999999848,22.760289301310035,21.323526200873317,76.647106986899473,69.326965065502037,895.258296943232,894.7437772925756
2018,1,ES,91.32307692307694,26.831180564367671,25.413087955941229,74.468447143481754,67.998155858304713,987.0959218675365,986.59614287452007
2018,1,RS,163.03902439024387,23.706398967841697,22.436390006944073,78.055987195194561,71.944894968453042,972.3963584780613,971.831583042677
2018,1,SC,249.6761904761903,21.90566633542781,20.809233584389318,81.3186482169466,79.605795369114418,943.65682189194933,943.151739231239
2018,1,PE,27.166666666666664,27.883833008197474,26.390376525705264,62.604126122368363,56.616872196517818,964.20835606910055,963.68315514390019
2018,1,SP,251.95135135135126,24.316093222823643,23.118830806044631,81.704254858737968,75.526686592773942,948.18304558937643,947.65212147418822
2018,1,MA,193.03333333333327,26.84052632352077,25.737746489217933,79.006294435630736,73.824347787766627,995.647727487346,995.01958903074728
2018,1,BA,63.897560975609757,26.965615414054312,25.549903926759267,70.1187113629358,63.958686164204963,968.63744075498437,968.09771056415707
2018,1,MG,176.58596491228064,24.726717066788122,23.303250424564133,74.888635602386032,67.883972698953386,931.29631587647464,930.78269058057549
2018,1,GO,211.59047619047612,24.806440040806923,23.483585312553792,76.527774408942065,69.233985757992272,933.62252956365853,933.06172983539079
2018,1,TO,219.50526315789463,25.880903447291303,24.625174255019729,83.593451617300559,76.335356804692623,976.56007390867308,975.909453780067
2018,1,MS,200.88181818181812,25.941431096344967,24.727745730847737,81.002075166857125,75.184381452903509,966.46147347272711,965.83944302107579
2018,1,AC,171.6399999999999,25.659177168458783,24.568605448028674,87.62197956989246,82.829852688172053,987.33496419354833,986.64303405017949
2018,1,RR,36.2,27.975032243573025,26.837201475234046,68.8220988030026,63.790862388777825,998.11807306611058,997.49049521056168
2018,2,TO,358.52631578947353,25.414868527179898,24.329007998344352,87.00753937825742,80.811632063436889,976.544196397686,975.92493044321111
2018,2,MT,274.21379310344815,25.487481620925298,24.324140618472626,86.320974711252674,81.148791664670981,960.31940657983409,959.596535426636
2018,2,ES,177.49090909090904,25.635153627110597,24.441897675149566,81.036817002442,74.892726139601109,986.66765363332183,986.181292430335
2018,2,SC,97.047619047619079,21.239444417076747,20.05746923497232,78.039568080267514,75.75803510250114,944.57321009113082,944.14043474143875
2018,2,AM,237.03999999999991,27.5318736767256,26.355384775839262,83.542743669792671,77.858378473898341,1003.991752698414,1003.3006487463449
2018,2,SE,54.600000000000009,27.354737015990391,26.158269798751792,76.934653130558843,71.674116887267289,991.98248594839106,991.4936948826728
2018,2,AL,81.0,27.673469387755087,26.455144557823125,74.0961275159826,68.817814625850346,997.41460459183713,996.90678146258574
2018,2,PE,114.41818181818181,27.354601804965167,25.932205695337757,69.505609885824569,63.215506203627321,963.658509598925,963.1292760950389
2018,2,PA,336.19999999999993,25.824494638723181,24.892880661282128,85.533694897705885,80.763405501093018,995.6176451319534,994.83653873191315
2018,2,GO,213.64000000000001,24.667531001111662,23.414984696431894,79.671894278156074,72.903153530687177,933.58307596775455,933.029839485816
2018,2,MA,350.08333333333292,26.123596470845012,25.141288080219756,83.925561514000648,79.292453600335008,995.84396545736149,995.21235432252206
2018,2,DF,900.199999999999,22.4152193375112,21.113816771113104,81.32557445538643,74.861235452103969,894.585675917636,894.07105341689112
2018,2,RJ,241.5777777777777,24.441746238929323,23.351088482550157,83.183337984170421,77.59367119060235,972.89571809078234,972.34037627684256
2018,2,MS,127.18620689655171,25.862558542128781,24.473658267274221,76.9383859987768,70.5384051059412,965.3309146572542,964.758420268416
2018,2,RS,78.5658536585366,22.956090557318117,21.557307752074795,76.847481424428864,70.639632200601213,972.95254610748657,972.46333314426624
2018,2,SP,143.23333333333335,23.996990933782563,22.740444346928719,79.020944762970274,72.9700770601034,948.55538592546236,948.05560155788783
2018,2,PR,118.44347826086957,23.037841847579603,21.786304199624283,78.483099831060215,72.079436004201753,943.14975531622065,942.66927379781032
2018,2,BA,111.96216216216219,26.357174982585615,25.10866738996619,76.54909504977843,70.648886470636128,969.06868226374456,968.54025308677
2018,2,PI,250.25333333333325,26.344424019607839,25.263506652661064,82.344734757669,76.886589995997952,980.64627976190479,980.03664215686263
2018,2,AC,166.64999999999992,25.665293761856724,24.749873628220829,88.487685880580173,84.382320783204847,987.08131637520114,986.42626199181143
2018,2,MG,213.75254237288127,23.792827190770936,22.534790772803269,80.735575398257069,74.308349708685682,930.57910545290622,930.08027033958251
2018,2,PB,164.44,27.067557161753594,25.811059417381266,72.231155828754339,65.943223065200428,972.19207736574845,971.65392055129871
2018,2,CE,180.27272727272728,27.012877795394004,25.841553171079855,76.336686585514968,71.381518635645534,982.9979749036753,982.4136019262362
2018,2,RN,131.8,28.170962382392872,27.06815678710359,69.822518469503763,64.217311133589561,1002.2862270132442,1001.7185701411271
2018,2,RO,241.67999999999967,26.032787204928226,25.047843562655018,86.2820959162482,80.957043643928188,982.914591571509,982.21986568273326
2018,2,RR,31.6,28.426009014217207,27.3557709189791,62.882932939362817,58.388494561493673,998.30734840698858,997.712370460775
2018,2,AP,234.19999999999987,25.653393932874359,24.922907702237527,86.7068452380953,82.934523809523853,1009.2891019434885,1008.7093346600687
2018,3,MT,189.27741935483866,25.959842607836784,24.76203881980998,85.078785447333388,79.842449400825473,960.851719300893,960.11286333992928
2018,3,ES,145.58333333333326,26.304284636370788,25.043341589501676,81.441762124172882,75.164855109515287,986.39006812276466,985.88729097753594
2018,3,SP,164.34736842105264,25.373175034613642,24.068513035364372,80.152823622345977,73.847762822131443,948.35139206488282,947.81054988628148
2018,3,MS,135.75862068965515,26.771941107582563,25.4604402117113,79.8082232726769,73.475282791767555,965.29738291215278,964.61376253652725
2018,3,SC,200.26999999999992,21.739653337485947,20.698814743740662,81.75974497549916,80.422036486971038,943.77391809099686,943.26688071007163
2018,3,BA,110.61578947368417,26.50866282741109,25.228060986848476,77.867823774339925,71.934523031814862,969.20738519032807,968.66069922157078
2018,3,MG,143.91428571428571,24.61848075308184,23.238773724135811,79.505187995060467,72.8118253442963,930.65493882632779,930.13221143213684
2018,3,PE,70.107692307692318,27.16590698747957,25.772981000130116,71.161710603937351,65.217242781650768,964.11373374506331,963.57730016588062
2018,3,TO,266.68421052631567,25.982282371788397,24.843430143049538,85.984570688690113,79.518156706245151,976.73072234931715,976.10419144514378
2018,3,MA,164.51666666666657,27.090575944712519,26.021274975992942,81.63790198532773,76.758940810288763,997.19130873540144,996.56810710728416
2018,3,RO,192.27999999999997,26.469677857952775,25.415917864178986,85.051751609766242,79.397928486318349,983.41710032362437,982.7009717446881
2018,3,PB,52.714285714285722,26.643296723055297,25.403287572000679,74.732481170346432,68.745391100342772,969.13448114578728,968.59743090243194
2018,3,AC,183.94999999999987,25.646005455741566,24.610152670024043,88.383858490994086,84.290549430606575,987.46303111247244,986.73462524386377
2018,3,AP,136.39999999999995,26.277411499790539,25.469407205697532,85.865591397849514,81.706989247311753,1009.0208568984784,1008.4074195293954
2018,3,AL,52.600000000000016,27.795315444317982,26.594657549581154,73.586822981772059,68.523657157782836,997.82684425082573,997.29768372544288
2018,3,RJ,263.38823529411746,24.883176122867713,23.757726431914445,83.463949414964787,77.728226992124135,972.869429985732,972.29647495026666
2018,3,PR,208.42857142857133,23.975358835281416,22.7443085687703,83.127799358081262,76.913039158792188,939.91525978108825,939.369789166234
2018,3,PI,124.28888888888888,26.434233684117988,25.303806564584345,81.861444224437918,76.296704803362374,978.17102064956509,977.59517537624129
2018,3,PA,276.37599999999975,26.469879125167342,25.420077808499958,84.612956564463119,79.330960129058212,994.90884836865882,994.06923420375153
2018,3,GO,163.68571428571428,25.532325519369508,24.17773351962445,77.658505685980757,70.66340697330007,934.09584618119936,933.52319962403715
2018,3,AM,165.90666666666664,27.891454024320673,26.693745176128989,83.114728270188579,77.3959532551407,1003.7833716895325,1002.9477398194567
2018,3,RS,157.49756097560973,22.020693285050818,20.750781629220391,78.847878739680411,73.102917978330453,973.017931051014,972.44449597605933
2018,3,CE,110.14285714285712,27.301953094144388,26.065056904674407,76.761354148266548,71.523018883782839,980.274079482943,979.70230492854546
2018,3,SE,64.033333333333346,27.349886354878574,26.159983695524542,79.074318150828617,73.705028154537189,990.131367126079,989.62391661945
2018,3,RN,118.17142857142859,28.681979793556838,27.507771518999448,69.073391438944341,63.51184706016921,1002.632066118684,1002.0752811661741
2018,3,RR,43.6,28.241104033399637,27.040542296045423,71.975205611998,66.21384095755171,997.97987914135717,997.29204339801777
2018,3,DF,1088.8000000000009,22.8656675749319,21.460735694822905,81.641689373297,74.421525885558708,895.08359673024449,894.55558583106347
2018,4,GO,94.333333333333329,23.855011168827417,22.564779962662577,76.983589036767867,70.466153214682237,935.62955475433387,935.14743307347965
2018,4,RJ,128.68235294117645,22.590320857914261,21.443129457019491,83.721548913338012,78.210402052373141,977.33579754306766,976.79735415857886
2018,4,SC,28.590000000000003,21.078094308453331,19.878555888188679,81.369653431692,75.564638775551742,952.85402674655188,952.43946069487185
2018,4,PR,24.683333333333337,22.1033003673242,20.730960873958669,75.484573183984025,68.957356406678784,943.612330988335,943.18975904833
2018,4,RS,82.714285714285708,22.131962979447248,20.954672041406376,80.3906965138203,75.152501119727972,977.15086396733432,976.67671969426146
2018,4,RN,142.34285714285713,27.143110695456322,26.105127123912165,73.9823463266661,76.4449586249715,1003.2792015023339,1002.6815633182022
2018,4,PI,100.37647058823526,26.202265263975786,25.016656238498342,79.516628102466939,73.856638944194458,977.82121242792311,977.27417249417238
2018,4,TO,127.00000000000001,26.040410755214438,24.861083074343536,83.039831538233059,76.631044161530667,977.70626560005644,977.15382736162189
2018,4,ES,164.21666666666655,23.491176344636763,22.311704692378207,85.853864391136739,80.3227001758891,990.80629053837,990.33978481294253
2018,4,AL,175.06666666666658,26.325585923728507,25.22315199458734,78.942766698441631,74.145242879404435,999.3651544039501,998.85862762098043
2018,4,PE,153.31666666666658,25.699638790578767,24.481038639440772,76.7020091729597,71.343772066852068,965.27813134890926,964.75187909290571
2018,4,MS,32.142105263157895,25.404736063251868,23.948150207628725,73.073138434897885,66.832115979371977,969.44652049105434,968.98526024510238
2018,4,PA,278.078260869565,26.303002062117233,25.268836523771139,84.094234814536009,78.702940301738678,996.32774139496394,995.51054311071232
2018,4,MT,114.64666666666666,25.360162163266985,24.141085016487736,83.581975215735653,78.338845075604482,966.27167652929552,965.59855532932454
2018,4,SP,41.174358974358967,23.041961821391208,21.667145610047353,75.154339546422435,68.924381320481672,952.79719706694311,952.35090906961545
2018,4,AM,268.48571428571427,26.918113518387706,25.779254353524664,84.115184053440984,79.927547217976766,1005.4741652002732,1004.7597846947837
2018,4,CE,181.83636363636359,26.192761130799479,25.038764307320534,81.352493430795278,76.476802847819442,981.14708496852131,980.57648001138659
2018,4,RR,246.0,26.048030303030295,25.167727272727269,86.04696969696974,81.746969696969742,995.87454545454477,995.22151515151461
2018,4,MG,49.146031746031767,22.384182083996023,21.045413843999004,77.7194833812648,71.414288378403953,933.81551035292318,933.356880814809
2018,4,BA,88.470000000000013,25.149579756281984,23.918070611389968,78.302499439973928,72.649534163472538,971.23334980036327,970.73725086205854
2018,4,RO,189.84999999999991,26.34892098060266,25.262018561527253,84.780290295424081,78.928220001125439,984.765841422847,984.10883421705387
2018,4,SE,60.0857142857143,26.0321487783692,24.871512628764535,80.448486910675484,75.149727169543226,992.15459691629519,991.67175729690314
2018,4,MA,185.65882352941173,26.930355236453284,25.848160115408007,81.897011572052662,76.9099047302831,997.77848075304325,997.18815088156555
2018,4,PB,237.5,25.257137311704316,24.247951327802635,82.214740343488089,77.042174922524637,975.20324469212164,974.68229159722739
2018,4,AC,162.89999999999989,25.869814219510207,24.786339701429796,86.988445991127833,82.922106509195856,989.67641196719683,988.98912047457645
2018,4,AP,626.60000000000059,26.256944444444432,25.394583333333337,87.348611111111012,83.256944444444414,1010.5694444444442,1009.9505555555545
2018,4,DF,537.19999999999959,21.507589658048396,20.233388935223839,80.997219905476825,74.683625243258049,897.033194328607,896.57153183208379
2018,5,GO,18.233333333333331,22.7359977069074,21.21227789240297,67.615445914796439,60.852021184858152,936.7530196691481,936.310188943698
2018,5,TO,14.38,26.540451334419796,25.079256218223573,73.665414800514228,66.852534660682466,978.37756741111582,977.89280045682131
2018,5,MT,35.787096774193564,24.789137404828136,23.380819245563117,76.33711614808098,70.47514219173091,968.074290426436,967.45393952966651
2018,5,RS,108.90476190476191,17.0292923458211,15.995533751229326,83.042121867953711,78.509366934214526,978.24612087079367,977.74086454076644
2018,5,MG,23.087096774193547,20.735437155838373,19.2312049892715,73.872128256130225,67.651462492486473,934.32708538246618,933.87612567046108
2018,5,SP,26.365000000000002,20.620691366931077,19.168665065815023,72.861742860545988,66.744653829391567,953.47819201527079,953.01306296365885
2018,5,MS,55.378947368421066,22.581046754934402,21.089872553329318,71.685591498044431,65.374316996543186,970.38819027656552,969.899141303732
2018,5,SC,75.209523809523816,17.375299536720185,16.293501702411664,83.345276605943425,78.342937333993376,953.52149580646835,953.06592446605259
2018,5,PE,59.327272727272714,24.801812522480674,23.607525043087264,75.130697812372233,70.14318247538877,965.96361532838762,965.48602259277266
2018,5,AC,203.93333333333328,25.577099111734462,24.424777933613836,85.955399719495119,81.928576437587679,990.79871435250107,990.20351566152419
2018,5,RJ,81.733333333333348,20.441881826260961,19.281498776907082,83.633892675375321,78.317374992752633,978.65709633797371,978.10286458026337
2018,5,AP,507.19999999999982,26.624731182795703,25.803494623655883,86.618279569892465,82.538978494623635,1011.0071236559138,1010.4110215053768
2018,5,ES,117.81666666666666,21.9778733300517,20.856940684631986,82.284939405257361,80.502375448931616,992.15154593627312,991.70037942168449
2018,5,AL,102.99999999999996,25.65355033848353,24.55443408568107,83.707786478563335,78.865957984133246,1002.6333748838895,1002.15835345511
2018,5,PR,49.095652173913045,19.040620674892775,17.694195909194587,75.942211014814788,69.9282321569902,944.36958714415232,943.89858865785584
2018,5,RO,71.600000000000023,26.1961607733313,25.023315875318705,81.121049395571021,75.32285720465417,986.18958737423225,985.62822674618337
2018,5,AM,237.18571428571428,27.032359810492757,25.861764659417258,83.873844178140644,79.652505028745509,1005.9402662441896,1005.212140538915
2018,5,PI,9.3999999999999986,27.320274009989625,25.824491062338463,66.1217413079933,60.358056645523476,979.3259418549876,978.80472356792313
2018,5,MA,124.08571428571422,27.496637972306811,26.233573452453189,76.794103326131832,71.321685642612351,997.50511333561133,996.9603846529152
2018,5,BA,78.427906976744168,24.543502931678255,23.290135387443122,76.111261483846576,70.692268665109935,972.55084053734481,972.07128686711246
2018,5,PB,74.133333333333354,24.96286788034142,23.840471168884228,77.733763900247482,72.3199411019495,975.39583818295989,974.9225209765508
2018,5,SE,81.300000000000068,25.169532087738098,24.001665969430242,84.088829675469213,78.779821062359346,993.41318541436067,992.95922832671044
2018,5,CE,67.583333333333343,25.978919088078978,24.810751973469245,78.245364830106254,73.413642185641365,981.83228799703693,981.33166361544818
2018,5,PA,182.63846153846148,26.567997486600152,25.478546714774154,82.983808514868812,77.883096355241832,996.71489473761244,995.96515184006375
2018,5,RR,273.06666666666649,24.816482986290261,23.897167255361072,83.854460572907712,80.530218985505272,970.84404033438716,969.411024559802
2018,5,RN,49.6,27.160710551533803,26.071720555239597,73.37765171817837,67.414549951648254,1004.2474795556276,1003.753889445537
2018,5,DF,108.60000000000002,20.733784149310214,19.164403570462557,70.9012713010549,64.01785231268596,898.15466594536133,897.73248579929634
2018,6,RO,10.36,25.212272302226815,23.835554116214428,73.322804490024851,67.190215507375441,988.657112510561,988.15009892233286
2018,6,RS,117.07619047619046,12.511911800745064,11.474307150520717,85.5549779445914,81.301531081823768,979.13898036618116,978.54641008460533
2018,6,SP,23.265,20.228296624217641,18.915021797443245,73.5251264512951,68.222960902186045,954.15246372016816,953.69207222394152
2018,6,SC,109.952380952381,14.292425289184019,13.304102659961742,85.751317423922117,81.236680907653167,953.79890096679,953.266438209345
2018,6,PE,27.107692307692311,24.318876989807066,22.979182381954818,70.852694907096677,65.69313749176878,969.34283163677821,968.87896346277876
2018,6,AL,53.68,24.285826822803251,23.136188543112244,81.176034147870979,76.137935669762314,1002.3610917004896,1001.9220732300358
2018,6,AC,35.666666666666664,24.360453665892731,23.094414908780479,82.725292948620677,78.204832679959708,992.486810491832,991.96830049806761
2018,6,PA,59.423999999999992,26.976199967613127,25.721941773159497,77.184453133311763,71.362725091999522,997.23657177122755,996.5257042102146
2018,6,PI,1.5157894736842106,27.346712173241148,25.705334471123994,56.443075918983354,50.937269756071416,980.64163204883937,980.13153271807812
2018,6,MS,19.323809523809523,20.282195100813979,19.000647010441579,75.77295989083612,70.574341011430292,971.72673499053838,971.23667947931858
2018,6,MA,33.25714285714286,27.59902657344044,26.189752133725619,69.829388290369607,63.998771927001123,998.29998891190019,997.80436229279223
2018,6,TO,0.29000000000000004,25.745666577992097,24.005198937785575,65.732424702770558,58.712905374340039,979.60362163448451,979.14179989459444
2018,6,RN,18.166666666666668,26.583390211152455,25.391315575953492,70.0649712782646,62.135101012264563,1007.4012684250371,1006.927625225444
2018,6,SE,84.657142857142887,24.08097760152517,22.972231228297147,84.7643854170687,79.499249160180767,995.3722603998616,994.94735026264857
2018,6,AP,114.79999999999994,26.106701955025876,25.069618723241788,86.0472374546075,81.1520485527203,1011.0708831635433,1010.5079063797294
2018,6,MT,7.4516129032258043,23.5353155758612,22.052375203754512,71.702869390043787,66.144027289658268,969.08584221903379,968.480830731138
2018,6,ES,42.766666666666673,21.662230003140582,20.550077157442981,79.980890634351312,79.384762327200562,993.32103174253518,992.88481718074934
2018,6,CE,12.471428571428572,26.100718408068992,24.762822134832547,70.705365978951,65.516257620985442,983.09074296401275,982.61588222949649
2018,6,MG,7.3999999999999995,20.68316525264995,19.19723476024852,72.591001078346238,66.742084094385021,936.25452095323249,935.81413208842889
2018,6,RJ,60.166666666666657,19.859323196134802,18.783740159824642,83.859109157962735,78.786652878883729,979.35504889271806,978.80584072720183
2018,6,AM,154.26666666666665,26.93867085715312,25.751169767593041,80.417507516804989,76.489612043099186,1007.4944420527218,1006.9285369620068
2018,6,BA,71.968181818181833,23.422929069112872,22.1550222099487,76.041693664195662,70.812761380621211,974.2831435090518,973.81935003651165
2018,6,PB,33.044444444444451,24.691635802469126,23.400756172839504,71.747839506172824,66.184433032472242,977.04226851851843,976.58591049382733
2018,6,GO,0.13333333333333333,22.725390337634735,21.100184940431109,62.070364078120754,55.495611488937328,937.76767711311277,937.31544949064926
2018,6,PR,87.025000000000034,16.8284824098183,15.73081289564729,81.678557511335612,76.549300487920135,944.92712829992672,944.43508848854492
2018,6,DF,0.0,20.512975582055653,18.83160136286202,63.485235661555933,56.681714934696281,899.18231118682559,898.76493469619527
2018,6,RR,265.73333333333318,18.666007665677558,19.336811737553582,87.275196022183934,85.515720819787049,1000.91396822453,1000.2952728321794
2018,7,GO,0.0,22.651887392763484,20.828030305296739,52.82695433819574,46.422272542129626,937.63587700532094,937.18276336417773
2018,7,MT,0.20000000000000004,24.695371904265251,22.845441607629667,59.246334205043645,52.832689045847005,968.54604398887864,967.90916660991513
2018,7,SC,52.15,15.383143341186242,14.322925991115488,83.64013515042511,78.8626076560438,950.71011578909292,950.24669325824391
2018,7,MS,1.157142857142857,21.418936341509816,19.680434513036221,64.136216204870635,57.740247592040134,971.25860023034988,970.76379607026058
2018,7,RO,6.9,26.495690572284836,24.723957973262138,61.038644280153946,53.835596241054205,990.58429386953458,990.056667146047
2018,7,AL,69.59999999999998,23.689822631511309,22.563659006538241,80.985166340924451,76.040194642259465,1003.1224531415539,1002.6885814132166
2018,7,BA,32.672727272727293,23.025740549762613,21.616259153568986,71.5977421814701,66.088931071544692,974.51395753667759,974.037646984568
2018,7,SP,12.307692307692308,20.357373185216105,18.699053970205856,64.042136644869686,57.996576947492784,954.09031465733858,953.629451902907
2018,7,MA,37.387499999999996,27.520319321090721,26.0699839782987,66.676906928601952,61.057843221224786,998.46102511278423,997.95151860505757
2018,7,MG,4.5169230769230762,20.195859777359615,18.464025730876656,65.689162527729692,59.520339109033216,936.15788949928844,935.71157614956451
2018,7,CE,22.699999999999996,26.766350114697985,25.427174504372161,65.032481389076466,60.026892125939277,983.29455499820813,982.71268844193935
2018,7,RS,139.953488372093,13.650268853338913,12.743266239206211,86.211587395577908,82.3122291401121,978.90858197652381,978.33546748135109
2018,7,RN,42.942857142857136,26.81773120576165,25.622667405657797,63.832115190107352,57.074664623617942,1005.9888928642872,1005.4980454182328
2018,7,PR,9.547826086956519,18.183985126329308,16.749791494664006,71.444537489698448,65.353650106907878,943.37359450986764,942.93159362660049
2018,7,SE,72.028571428571468,23.263670137876709,22.137190454482493,83.976708884677976,78.742273319033174,995.90925023723742,995.48412420171462
2018,7,DF,0.0,20.473440860215071,18.716962365591417,56.260752688172012,50.051612903225852,899.04580645161309,898.6187365591403
2018,7,ES,10.830769230769231,21.136421051696807,19.76875646083576,78.906680576214114,76.433623260416141,993.50274703929631,993.07106135281686
2018,7,PA,59.569230769230757,27.303943707299556,25.948322413663703,73.806833413338808,67.799841361068744,996.93329601888752,996.19615646577222
2018,7,TO,0.18,25.898096980247381,23.960904559683019,58.176721006371857,50.687083344856141,979.38424475618081,978.89591231614384
2018,7,AM,122.58461538461538,27.407463958320378,26.143847592937895,78.474047948428648,74.046622259785934,1007.1010492023187,1006.5389574017919
2018,7,RJ,41.968421052631584,19.875673212769421,18.571944365856741,80.770135330239441,74.87691739009847,981.39633751128588,980.82630921796863
2018,7,RR,291.29999999999973,25.325252461711372,24.338598334255938,87.533536903643409,82.647379684727042,1000.8701083446563,1000.2616106176508
2018,7,AP,187.46666666666664,26.659453405017917,25.613216845878139,83.913082437275946,78.746415770609289,1011.5715053763437,1011.0374999999996
2018,7,PI,1.17,27.788275924805355,26.132823201949595,50.283487879722585,45.152344074915661,981.15316736986824,980.63676945463089
2018,7,PE,32.953846153846165,23.514032307720939,22.310978716190032,70.800143424090152,65.9549377130206,966.35249690027808,965.89384888903942
2018,7,PB,35.75,24.793339307048985,23.530570489844681,67.128882915173236,62.172735567896851,977.19032258064522,976.72656810035846
2018,7,AC,30.4,25.999401589527814,24.405782842449739,76.707255726975262,71.018468910705948,991.57622557269758,991.02021248246842
2018,8,RS,134.69047619047623,13.021278946177567,11.92735343756601,81.803490630890408,76.001602579205411,979.62268779720364,979.03265861975888
2018,8,RJ,100.4736842105263,19.362071067598283,18.347085460921278,82.702280986309248,77.762011520546864,981.84759687908445,981.24486459496211
2018,8,PR,93.600000000000009,16.255402616467389,14.954761793636548,75.654440970155377,69.8003493221347,943.8724679371802,943.34337646966446
2018,8,RO,47.733333333333334,26.423537374266338,24.94780225108007,68.048198586837643,61.477810318006775,990.260163883553,989.6680977320857
2018,8,AL,27.971428571428579,24.702240211896044,23.460465615409671,75.5001850225481,70.1096225704484,1003.1732515780366,1002.6830758641784
2018,8,BA,28.737777777777787,24.363682654530034,22.969128950033038,68.64123620951068,63.228005501769772,974.20912799307359,973.69237595219681
2018,8,GO,13.283333333333331,24.925736111523374,23.148966976077439,49.501812625476525,43.529920505496492,936.92325657844117,936.40999967389143
2018,8,MT,19.024242424242424,26.292928052475826,24.54131422046822,59.14403794130839,53.138264662935967,969.848315475589,969.13947431700478
2018,8,PE,18.830769230769235,24.582888778864664,23.238903810808793,65.283995085450712,60.094199194449814,966.33213818356512,965.82505326805358
2018,8,PB,12.775000000000002,25.637977897252078,24.275970728793315,63.496266427718027,58.255911229085719,977.475806451613,976.957631421744
2018,8,RR,52.733333333333348,18.204019434628968,17.363353629190573,79.6740820953177,75.220403194143614,1000.5722398742344,999.94843245374091
2018,8,DF,112.20000000000006,22.688763440860225,20.940188172043005,54.205913978494529,47.752150537634343,898.458870967741,897.97806451612871
2018,8,ES,79.0769230769231,21.355750090650496,20.254835860541117,83.275482977720728,78.27452765144173,993.42441016958287,992.93516478651281
2018,8,MS,54.371428571428581,20.730151947467419,19.198554851213881,66.733754165613263,60.8900611933214,971.74542512542439,971.13417896407816
2018,8,SP,62.715789473684225,19.188683657963317,17.845001502710115,72.8867635711936,67.425462100808488,954.17590945589382,953.634032136946
2018,8,RN,5.0857142857142845,27.6375194360114,26.349813346604165,61.502281730750269,53.320546033879978,1006.3206659292739,1005.7924264247137
2018,8,SE,27.37142857142857,24.126158017585542,22.875055923902153,80.014185257920488,74.303530691433835,995.93997427087015,995.468963836566
2018,8,MA,8.5374999999999979,28.19754512197477,26.74323733703768,64.5270604470684,58.970905787922732,998.58553865853071,998.02754000828361
2018,8,PA,61.148148148148159,27.473179022172474,26.142522814876543,74.820877608814172,69.002507626907857,996.89922393774089,996.11242012693174
2018,8,AC,53.300000000000004,25.684761051005456,24.144647064425264,77.2248280132247,71.077291487891344,990.99395234316148,990.36311838219524
2018,8,AM,63.042857142857144,27.643482793120015,26.341837062213013,80.033493635903341,73.928776037226157,1007.2355897553114,1006.588730873945
2018,8,MG,34.390769230769244,21.40635002930771,19.859909209421748,65.865974915692732,60.103225086909738,935.716023276376,935.21342156958849
2018,8,SC,91.610000000000014,14.044341500184899,12.925341700480498,81.1880110500216,76.02211226416577,951.3376468665108,950.82897066096132
2018,8,CE,8.275,27.499397373809138,26.063257698868863,61.657930409289719,56.430412760582904,983.84543909579384,983.2231871688308
2018,8,PI,1.8600000000000003,29.226996367611704,27.489575155322608,46.147068565366013,41.046264976062339,980.93764770638722,980.3639888396292
2018,8,TO,11.670000000000003,28.004786879676381,26.107610022455443,55.95795427940039,48.629133631538814,978.81291620783463,978.26214132821156
2018,8,AP,35.333333333333336,27.512372169104125,26.349232021763527,78.466683297093923,73.031600293886939,1012.0073868882735,1011.4815928474269
2018,9,DF,216.2,24.399360578259657,22.551403947734233,49.368918543230393,42.754517653600267,895.70948012232418,895.179705309981
2018,9,MT,54.940000000000012,27.30669109456327,25.541235263014634,61.197207004810544,54.758637489002716,966.93456337140685,966.11187516717985
2018,9,RS,181.33658536585364,18.030340844019424,17.05482037843657,83.77990817801296,79.303151161960614,976.19991159206563,975.55970018210826
2018,9,ES,27.861538461538458,22.743923771420562,21.583552349854237,78.939962438823272,73.568119223571969,990.0910533798899,989.54545744158781
2018,9,SC,174.95789473684204,17.75927808025812,16.757928513813265,84.480091873761452,79.5601336697463,947.76368042952208,947.19216626335981
2018,9,MS,145.86,23.694835342436523,22.179106373368811,68.217644306247351,62.040202386964395,967.54035259783006,966.9059994191482
2018,9,SE,9.37142857142857,25.1224098919178,23.87998455738207,76.9152384242676,71.443318103125392,993.65997472215247,993.14198696739379
2018,9,PI,8.3300000000000018,30.679287222148108,28.973927616524094,44.120585331025559,39.191589780606542,978.135036344637,977.52211199269721
2018,9,PE,13.584615384615384,25.697252832105043,24.344207030413468,62.927468812134208,57.976356341543088,964.08088183955317,963.53361961729433
2018,9,PA,55.970370370370375,27.815524864428955,26.560660931779609,75.294646066775684,69.587631081880176,994.51435995339443,993.69173882988764
2018,9,MA,12.942857142857143,29.225217370330519,27.818268442864223,62.267335157110132,56.8761635602818,996.04837469462484,995.44934092128767
2018,9,MG,46.638095238095254,23.437173193813447,21.822751973242696,61.350053669219463,55.392306941528709,932.55729257659732,932.01214604557333
2018,9,BA,20.365217391304355,25.728085169469569,24.283617218512575,63.92549877429429,58.442491216682953,971.99622738553262,971.43004327350855
2018,9,AP,81.8,28.134074074074064,26.917546296296319,76.686111111111089,71.431944444444454,1009.5600925925925,1009.004305555555
2018,9,AC,85.366666666666688,26.549430471003259,25.006539314691874,78.0564300932391,71.65560527940427,987.44823418359465,986.76863336175632
2018,9,SP,85.98461538461541,21.970121319361951,20.5597010703587,71.504832999841142,65.674692844937127,950.376063956199,949.80912640104634
2018,9,PR,140.79130434782607,19.783474433615361,18.459552785213965,75.108435213044444,68.908239696573418,940.17121415796851,939.5733462331782
2018,9,AM,93.138461538461542,28.594731049648736,27.302366913284263,78.572666436301589,71.905139196694279,1004.5637580617205,1003.8424553051219
2018,9,RO,68.033333333333346,27.864391750836177,26.317295878748428,67.134127719198091,59.870540701214772,986.97162843283229,986.29744885306422
2018,9,PB,15.625,26.310030864197522,24.969768518518517,62.143672839506159,57.204827944635916,975.38046296296307,974.8330709876542
2018,9,CE,1.5,28.356266319746105,26.910319215961977,59.280791655917774,54.29634381498218,981.6639284890914,981.06546503466939
2018,9,TO,24.576470588235296,29.437862921511464,27.571718184227535,54.656389470258127,47.64021001991312,976.10065744321616,975.49774184665546
2018,9,GO,43.766666666666673,26.587023756264049,24.7821773969995,49.174450258495341,42.840227842586437,935.2672342729,934.68980801916223
2018,9,RJ,100.48421052631581,21.397943327723535,20.295086778578291,79.286887069354648,74.232154968656772,975.97230230409434,975.32539394381547
2018,9,AL,32.371428571428574,25.509531140816904,24.331606643164594,74.497175734291659,69.43765695018206,1000.9196075971956,1000.3807804730408
2018,9,RN,8.4571428571428573,28.106645250849041,26.817067797070131,61.5883455596691,52.740495095182624,1004.2058158878549,1003.630665126077
2018,9,RR,135.33333333333329,22.183958659363594,21.100788341158051,77.598950182576942,73.077419144496588,969.67462441314581,968.10701486697974
2018,10,RS,152.03333333333333,18.823302988048361,17.716273429622134,79.90213804066417,74.670891680240544,975.85462558365418,975.1742560336935
2018,10,SP,173.81499999999997,23.143732301473786,21.951300135076036,78.760633390390709,73.395636993700691,949.33041418625078,948.7564588111228
2018,10,PR,221.39199999999988,20.87005481862742,19.787992027719387,80.807850922254786,75.318659108473639,940.12982872954171,939.54707708983369
2018,10,AM,64.986666666666665,28.856105433214587,27.598481912003148,75.538406586629776,69.6413050487546,1002.8309946068521,1002.0986663464404
2018,10,PI,52.888888888888893,30.432368321469003,28.849908007922558,54.135346953912169,48.444328060637076,977.434094689025,976.80735951040947
2018,10,PA,53.749999999999986,28.191395372514236,26.976835161929451,75.305541518134248,69.722179590906109,994.61281790793817,993.8220971207337
2018,10,MA,42.293333333333344,29.040839699003133,27.771685746747455,67.3770240684425,62.156264845262875,995.98993564060561,995.380395026118
2018,10,MG,139.35483870967744,24.631600140736573,23.291617291985165,70.572559827238237,64.73108711137,931.35455781881456,930.78730047353713
2018,10,SE,14.514285714285714,26.674667420224313,25.407429788714023,74.4070562187139,69.177597393187312,991.83499338566844,991.30133611570011
2018,10,CE,5.375,28.785928581544987,27.371399313778927,60.741447667306524,55.673551370398343,980.94085231043243,980.34802251193855
2018,10,AC,220.2999999999999,26.477591855974698,25.283439908390257,84.885642255841859,79.680270469183611,986.67074555145825,985.92927937884735
2018,10,RN,0.425,28.724951197777859,27.467994188863088,60.432411610378928,54.972304009496554,1003.4501172368231,1002.8728308916498
2018,10,TO,116.76470588235296,28.720066134716113,27.145557399624089,70.4422727212372,63.345535283313417,975.99099790180287,975.30456576253937
2018,10,MT,149.23749999999998,27.138997844631987,25.728620955130584,78.072454962745951,71.781298184987676,965.86948430677887,964.944777902156
2018,10,RJ,147.39047619047605,22.118140659545851,21.215992801901983,83.308282503739,78.68231509672664,975.704477079446,975.10716783832322
2018,10,RR,59.000000000000007,29.464597451883979,28.140438352760455,69.830492680943337,63.675600885515493,997.130627089545,996.51221988795533
2018,10,BA,53.000000000000007,26.911881323059745,25.570954442756008,64.24988983438179,59.989690987324728,970.46818632043187,969.88738970467716
2018,10,AL,5.7142857142857135,27.2946059317027,25.998384531427831,69.093846589177645,64.0253961516695,999.13870291423359,998.58213710454788
2018,10,MS,215.89999999999995,25.969426941265528,24.691545527058825,77.330719693940509,71.4292309621371,966.03746783537531,965.4065073040897
2018,10,GO,146.96,26.213126141416939,24.8582405777903,70.378656372823187,63.680483657973113,934.65650774273638,934.02486043418173
2018,10,SC,235.73684210526309,18.473361659364524,17.597463926152493,85.830284322513748,81.3062155188496,946.97210692298188,946.38267045271289
2018,10,PE,10.030769230769231,27.486065218457195,26.033008917648427,59.463903169839661,54.123267094459173,962.60482067853127,962.04896467509741
2018,10,RO,113.06666666666668,27.696554604921882,26.497255836163944,77.712411779146166,71.4893760171256,986.19646075254718,985.48722524418554
2018,10,PB,3.5333333333333341,27.507601553166062,26.155331541218633,60.306600955794494,55.474956856498075,974.30740740740737,973.7477001194743
2018,10,DF,954.00000000000159,24.073478729132969,22.654523424878846,71.425417339795516,64.261443187937516,895.00611200861647,894.434841141626
2018,10,ES,101.21538461538464,23.800455343475285,22.753875333771337,80.795985487546545,75.89791380093213,988.504088421376,987.95274006586067
2018,10,AP,16.933333333333334,28.683872759856637,27.386605734767027,73.8527777777778,68.367876344086014,1009.2313593189964,1008.6616164874556
2018,11,TO,217.14444444444439,27.415085846259117,26.094106246984929,78.815175444036385,72.124826273707171,975.71045238281908,975.05165470508939
2018,11,RS,173.65238095238092,21.898377787917784,20.667944443086029,74.672967864229008,68.705859339081343,973.57955916736057,972.94873630792949
2018,11,RO,264.11999999999983,26.866838506145172,25.795142829490775,83.1467127460677,77.42470042330541,983.96066499154517,983.26525086097536
2018,11,SP,186.22162162162161,23.3963331062721,22.174695399117056,78.934337478095216,73.230745225357907,949.017204946265,948.47000576970152
2018,11,PE,15.492307692307694,27.699083066196039,26.333718094032978,59.758929242814133,54.68486425758109,961.97116754720093,961.426446904735
2018,11,PA,146.42142857142852,27.848399974327382,26.729761108547677,78.5165715574093,73.306880790393862,994.17686631738422,993.38685035505864
2018,11,MA,85.293333333333322,28.5495361297052,27.419529567269297,72.4629889295762,67.52266617130087,995.23412488507927,994.64180175583806
2018,11,AM,185.25714285714281,27.996016880866541,26.911455825281223,77.891747743161787,72.9440912764339,1003.0911509750453,1002.3788340827214
2018,11,ES,202.27692307692291,24.533581703188517,23.417901482144075,83.319514720139992,78.036621795781613,988.57783081692617,988.05877300480734
2018,11,SC,121.8818181818182,20.611197951302895,19.494683861921285,81.728037537729818,76.049494587835866,943.28552447780839,942.74343919304988
2018,11,AC,275.1333333333331,26.226900720561925,25.18840217154138,87.2772117542116,82.86415009002431,985.882672164182,985.17094655145638
2018,11,PR,101.34166666666668,22.689627504120423,21.399025842139075,76.683486827455226,70.264471136875656,939.55731624654663,939.00463949085463
2018,11,BA,105.78260869565217,26.329046437821773,25.109004226741447,71.752632780376288,66.269422629360918,970.24240590624288,969.68500299258869
2018,11,CE,21.186666666666664,29.11314124850626,27.756607842724346,59.212733636430194,53.895243911222408,979.07393876447554,978.297483666193
2018,11,PI,52.570000000000007,29.803609379154913,28.413188130830548,58.688482373764082,52.874782508958894,977.658474483915,977.05520122282758
2018,11,AL,29.400000000000013,27.427594204348406,26.221891923436054,70.431553501550425,65.352277146813833,998.60956699346445,998.0783204948649
2018,11,MS,183.70952380952372,25.905335286879463,24.692841209270462,78.442662733717029,72.717972601878287,965.30326311903457,964.69936088505608
2018,11,RN,3.775,29.353539032392231,28.093792121563,58.416737782747973,52.5862567778889,1002.3711844172228,1001.7991755679908
2018,11,MG,247.60923076923066,23.148854595771006,22.002505971550331,79.516809667077837,73.7794693195212,931.42374337903186,930.89322049901386
2018,11,GO,309.75199999999995,24.395290339747845,23.266051367325485,80.4496022974217,74.446096310649935,934.285773173245,933.70979309380812
2018,11,RJ,260.25714285714275,23.223039384079,22.194499745753802,83.088574093950612,78.230679826034688,980.07231442646457,979.52450858806014
2018,11,MT,271.99393939393917,26.037931183598715,24.868575188207295,84.506245586168319,79.286884316504626,964.6123473242144,963.83376779222851
2018,11,PB,19.0,27.970487857440094,26.622567425638582,60.134860442304266,55.2598901597676,973.45954501317806,972.90758298159085
2018,11,RR,64.000000000000014,29.2675,28.030138888888882,68.56111111111089,63.070833333333276,1000.3604166666674,999.72138888888946
2018,11,SE,23.228571428571428,26.902314319948783,25.690271796421655,74.8374064766921,69.528571633849751,991.35468479968779,990.83578582549637
2018,11,AP,179.49999999999983,27.654930555555548,26.43236111111111,79.962499999999977,74.9104166666666,1008.397569444445,1007.8502777777783
2018,11,DF,1775.8000000000056,21.880347144456863,20.719456886898122,84.57110862262023,78.55739081746934,894.79143337065966,894.2535834266522
2018,12,MS,109.10243902439026,27.163180463740513,25.684585710490321,72.042507469500279,65.116363814539724,967.00106833128439,966.41670693065782
2018,12,PR,82.01666666666668,24.527047253000031,22.966709600758787,72.032731715059782,64.8188838135054,939.88323551042038,939.33129257708356
2018,12,MG,242.49538461538452,24.109465599456811,22.715343621234233,78.08533139608582,71.406981957036621,931.44177567048428,930.89817959555057
2018,12,PE,81.98,27.025593218123444,25.702495724840421,66.5069830107559,60.683448348402507,963.06375523570057,962.53549195063908
2018,12,PI,147.73333333333335,27.220517610495335,26.051090062076103,73.21673643102406,67.4999103119225,980.01964697707365,979.44629465925664
2018,12,GO,222.55199999999994,25.249085044276967,23.861300855764362,75.091672291341283,68.035355470727993,935.40269167275471,934.831929640394
2018,12,RJ,144.58095238095234,24.754188016377292,23.509439464070581,80.652640360868489,74.9227284613394,979.42091650920327,978.900428668885
2018,12,RR,43.3,26.7505620090256,25.719305393058107,75.231375804591352,70.564364977490044,999.67208928637865,999.07938362726486
2018,12,AP,450.59999999999997,25.314650537634403,24.496169354838713,87.586021505376422,84.452284946236517,1010.6319892473118,1010.0780241935479
2018,12,DF,833.40000000000009,22.728894878706189,21.233854447439374,78.47169811320768,70.990296495956841,895.7392722371967,895.20946091644134
2018,12,MT,208.56249999999991,26.066658643178354,24.780205177847218,82.0313115819033,76.400815010828993,967.09634894109854,966.33348296614281
2018,12,RS,121.10232558139535,22.985890180852365,21.630886975425231,74.575435831900847,68.325531283427679,973.38703518763032,972.76393340563277
2018,12,SP,133.51794871794871,25.348555297251128,23.865991484813314,74.42018198076795,67.402414486632765,948.98329559820775,948.42676400395908
2018,12,PA,249.11428571428556,26.119281782098355,25.140872694369442,84.679544637027675,79.8309086173119,996.75573178660329,995.98864904539346
2018,12,SC,135.79999999999998,22.379364911658982,21.055141297923576,77.782064193577355,71.3180720141228,944.323709447065,943.77477837950482
2018,12,BA,153.43555555555554,25.73277984141674,24.518362453811726,75.878066282748676,70.190457288508355,970.896226444674,970.36489150414252
2018,12,SE,51.4,27.141812956714059,25.937963617551738,75.246525201158221,69.952054329841488,991.86386977530435,991.33523247122253
2018,12,AL,93.760000000000034,27.445897087615478,26.237563625067974,72.123522486187269,66.843130396296047,999.09637574866713,998.58307604203469
2018,12,MA,141.89999999999998,27.502672973981678,26.386535585094318,76.406255967460609,71.221484527621428,997.97653366819009,997.39591520534327
2018,12,PB,49.275,27.434423536439674,26.160603345280769,64.914575866188741,59.500456301312155,974.33594683393073,973.81191756272415
2018,12,TO,147.07058823529408,27.11801521264659,25.727153439698014,78.024408048019936,71.181850789227141,977.077422145413,976.48937475794617
2018,12,RN,36.166666666666657,29.045281444438132,27.811020453833176,61.453189083172695,56.119867000630315,1003.3720996055092,1002.8405947216751
2018,12,AC,203.35999999999984,25.62887037663964,24.576747782022959,88.16477043736198,83.665744076886313,988.31808981262054,987.64745466648412
2018,12,AM,248.72499999999985,26.40426648437068,25.396263489266747,83.303807645940481,78.62767078679353,1005.3764768983306,1004.7077175532986
2018,12,ES,194.56923076923073,25.170726897859822,24.001998568303936,82.832567032211273,77.3697359458397,987.20468220570615,986.68734798147239
2018,12,CE,98.685714285714283,27.399464305620491,26.154372155363259,71.673542007818071,65.736419901170521,980.671358117688,980.109517459353
2018,12,RO,341.99999999999989,26.13771231671554,25.097561876832842,84.899818181818191,79.331168132942281,985.975322091886,985.27883626588448
2019,1,BA,26.181395348837214,27.238222282483747,25.782710975596586,66.9983798054984,60.982167018043384,972.20642101436727,971.68801609413265
2019,1,MA,175.74999999999991,27.27338934635458,26.145676397700466,78.257305799540163,72.363680589175289,998.3646543729584,997.75011792881526
2019,1,ES,14.307692307692308,27.209988839591702,25.684138398312164,75.608363840036077,69.201755716743548,989.25224501177786,988.77112968324536
2019,1,AC,316.87999999999971,25.672219371130662,24.612578201368521,88.629830563701518,84.190713587487792,988.54106549364644,987.85431573802521
2019,1,PE,28.000000000000011,27.474812497026296,26.1224047391928,64.3316370411069,58.918335872141817,963.42523244277731,962.88293062183
2019,1,AM,271.13333333333304,26.715175780190091,25.67939852442279,81.2553122680242,76.450289544030525,1005.6191097050895,1004.9517467883135
2019,1,RO,351.14999999999986,25.746202956989247,24.727654569892469,85.320228494623649,80.210013440860251,984.19267473118293,983.53850806451635
2019,1,SC,192.34285714285707,24.247463716571431,23.048098202426324,83.040274713918052,77.347187374721813,945.23118771876273,944.6911540575959
2019,1,RN,61.45,28.945671018310428,27.707070063866887,68.7466731778289,60.814266259281467,1002.7836842906338,1002.224828282491
2019,1,TO,112.89999999999995,27.74774663535619,26.230068070601419,77.238461576529318,69.654007390091337,977.98014452959353,977.35663978045238
2019,1,AP,184.66666666666657,27.812275985663089,26.786872759856642,78.817204301075279,73.204301075268845,1009.8937724014332,1009.3240143369175
2019,1,PI,73.8777777777778,27.867903336359255,26.524197688941356,71.872436184597035,65.48769247368638,980.25462199449,979.68299330104878
2019,1,MG,62.504615384615377,25.678756483188756,24.080271407076289,70.119457285984453,62.783137541789024,932.99215774638083,932.47823479569911
2019,1,RJ,126.66666666666666,26.791678092798247,25.353765276854187,76.396466392793727,69.974403157753827,975.75795262525344,975.16040268999836
2019,1,MT,196.46451612903221,25.958518049857162,24.65479082878759,82.677805985876432,77.029420354651919,968.00308922920283,967.23359660100641
2019,1,GO,117.64166666666668,25.809540202695924,24.334104477095003,72.255571240694422,64.802788924189372,936.65129841675059,936.07598159998975
2019,1,SP,163.62162162162159,26.561959322359716,25.054894588681126,75.774382711902788,68.4260096683229,950.14707672364682,949.58463314664357
2019,1,RS,239.07441860465107,24.895461088748458,23.738451398696885,82.052717794939753,76.723119074475647,973.64151014238416,973.02811634997022
2019,1,PR,178.10833333333329,25.508456500781776,24.055234338086215,77.961810300586237,70.538141810020008,941.227394303881,940.66496057983807
2019,1,CE,86.400000000000034,27.280881495289073,26.038594856992233,73.9816458886026,68.016139846847992,980.736864179295,980.17882667588094
2019,1,AL,68.16,27.287960002849381,26.084730563025555,73.756174850850286,68.633069000364259,999.88897796593278,999.39115010475916
2019,1,DF,429.59999999999957,23.794782608695659,22.155624123422157,71.571107994389934,63.475455820476881,897.187713884992,896.693828892006
2019,1,SE,18.485714285714284,27.525680977460116,26.228162385794054,73.050742795838246,67.555700892748277,993.08679427428956,992.55574147221591
2019,1,PA,251.87407407407392,26.185051285310887,25.158895799890882,85.130968111432409,80.206801294190925,996.90728845968931,996.122894383952
2019,1,MS,126.31499999999994,27.791823317670922,26.330847318370196,76.18180334545751,69.118813625553344,968.12821316643692,967.525014953046
2019,1,PB,58.500000000000014,27.5161965602687,26.209418270919244,66.2242931935319,60.552229117796031,974.75156559875654,974.2093679423042
2019,1,RR,5.0000000000000009,28.861021505376343,27.601747311827985,61.26478494623661,56.557795698924679,1002.8834677419358,1002.2952956989236
2019,2,MA,215.96666666666667,27.043542603771037,25.930761178589115,81.407229811557627,75.451521694038348,997.7540975705914,997.06981610250079
2019,2,TO,159.75789473684205,26.420820556943319,25.151888833801927,84.250711834911016,77.998453792204089,977.3399584566946,976.65300750263407
2019,2,PB,125.39999999999998,27.016740772786548,25.876345326958877,74.938663983181,69.40201059443487,973.81102028925454,973.23842455219619
2019,2,MG,193.40307692307684,25.197197711043664,23.7659192479002,76.3408868304076,69.632002353134411,931.02261435321122,930.45487109942212
2019,2,PR,185.89999999999995,23.810653034400296,22.437626400961605,78.774488370951943,72.130263963534745,939.56292962514283,939.0239879980769
2019,2,RS,106.31162790697674,23.24875116856434,21.947867052384975,78.901126093282386,72.8844672172244,973.68712870947547,973.12789215328178
2019,2,SC,206.3652173913043,21.651300744485194,20.520726740130154,84.53573268592109,79.096986173491,938.1765455439712,937.65884079677653
2019,2,RR,0.2,29.35133928571431,28.1458333333333,56.898809523809419,52.68303571428573,1002.5340773809529,1001.9110119047614
2019,2,DF,905.19999999999993,23.236436884512116,21.791823336317503,80.039092808116962,72.81826320501348,895.5928379588189,895.02273948075162
2019,2,BA,54.390909090909091,27.902599185179248,26.487390636560221,70.881065899619784,64.890809139721156,970.3492114424846,969.75910852089908
2019,2,PA,276.6846153846152,26.364385575090431,25.352171313018662,85.747595586564458,80.767220510011654,996.72202934315965,995.90934757157549
2019,2,AC,323.59999999999968,25.918790309577552,24.893346120427097,88.87050660181302,84.604926950087815,987.96760733544738,987.25527837122411
2019,2,RN,42.52,29.394857374805721,28.074915083347484,72.135278741504877,65.184505905229514,1001.7756950219357,1001.2028798020352
2019,2,PI,173.45333333333332,27.153845914598136,25.957720259625617,78.832057722705457,73.002481816874322,978.61737554041383,977.93614786301123
2019,2,MT,215.29696969696965,26.00705501145714,24.764861838321771,84.006764104745841,78.512516328821732,965.88844179322416,965.12103181350892
2019,2,RO,367.5999999999998,25.952715773809523,24.946651785714288,86.085193452380921,81.062499999999972,983.52901785714289,982.82805059523855
2019,2,GO,213.35199999999998,25.259745507818675,23.902701175475997,78.5699975366573,71.670693408328162,935.25720734414153,934.64455490240232
2019,2,ES,118.70769230769231,27.288045263810467,25.921074802256282,78.648881251117686,72.441031269309264,986.55617252646437,986.02864531415378
2019,2,MS,179.43999999999994,26.743731765814218,25.354544013730951,78.031554314297921,71.413932086951419,966.50307637708136,965.91863559761532
2019,2,SE,27.366666666666667,28.468697408682342,27.239580046375988,74.964225951424751,69.657370553643133,992.88402239911989,992.35033736135
2019,2,SP,238.98918918918912,24.832404608433517,23.5128801712676,79.696699125470218,73.436070200659159,948.52951210563515,947.96367880493358
2019,2,CE,122.93333333333334,26.896013706772582,25.713365873983321,80.058186813503156,74.554686658441554,981.73969043614818,981.0302597575984
2019,2,AP,290.79999999999978,26.105379053461885,25.222089541338004,86.115012416009364,82.577256183659571,1010.3975460122699,1009.8190640520011
2019,2,AM,262.62666666666649,26.851320948419769,25.871498214180232,83.10357887937306,78.528028724293293,1005.203894281669,1004.5215074324891
2019,2,PE,66.0,27.739823926764476,26.41608707538083,68.678262567627684,63.039759336139262,962.13738339296822,961.55206289238174
2019,2,RJ,308.74285714285708,25.294549890295212,24.12207845182887,80.454064202910388,76.78030260241384,973.426414175526,972.81990412729317
2019,2,AL,60.080000000000013,28.505175635276533,27.2871657743815,73.522180626735008,68.376459258030579,998.04001937097735,997.48835872914174
2019,3,BA,147.26666666666665,27.117129315396088,25.793014492500138,74.438497292551872,68.510623769274432,970.94538174161164,970.380251316568
2019,3,SE,105.05714285714288,27.883034294722943,26.688668222792714,78.60278798833609,72.992590227880811,991.56123312308966,991.00782596958084
2019,3,TO,281.86315789473667,26.127106135345151,24.967160059580713,86.038811925412077,80.307622924930016,977.62860292694,976.97944465379112
2019,3,MA,303.00000000000006,26.815225147754898,25.742203918781168,79.988574615228828,79.604472998941119,997.90929104518341,997.24268395864021
2019,3,MT,226.05624999999989,26.023773767822068,24.792734731962611,84.5572778396024,79.24267882201552,965.83826387533884,965.06434786057673
2019,3,MG,151.8646153846154,24.448005867585373,23.122357631478984,78.530722948518559,72.188354115108979,932.21828039959189,931.692898345348
2019,3,SP,173.9487179487179,24.335145354341513,23.075779736236527,81.04391900899931,74.908474034996345,950.53285552082048,950.00459014795956
2019,3,PR,135.41666666666666,22.980678140882745,21.733459511550805,79.662870551045117,73.807675045956728,941.28126677604212,940.77509589010708
2019,3,RS,119.95348837209299,21.626317896952489,20.384214776034046,79.559050311950926,73.990654619992426,975.98860317129856,975.48182278630111
2019,3,SC,142.47272727272727,21.011448524661922,19.940717686164234,84.69800664962699,79.704390845121424,941.24941145360719,940.78931493787013
2019,3,PI,178.12222222222215,26.904821498192039,25.735299800252889,81.5399925551765,75.663302883397634,980.02750771967476,979.39083267874616
2019,3,PE,126.22000000000001,26.977033556138295,25.732020346539013,72.390710422807629,66.459241746457451,962.63472299001808,962.05646357649414
2019,3,RO,336.6999999999997,26.340154569892483,25.300907258064516,85.193884408602187,79.957997311828024,983.65208333333317,982.97479838709717
2019,3,AP,130.19999999999996,27.000692913911706,25.844920022707544,83.078193526124821,78.612983926623457,1010.9325485874576,1010.3303507424479
2019,3,RR,6.9999999999999991,30.768817204301051,29.466129032258067,51.904569892473148,47.676075268817215,1002.0567204301066,1001.4006720430108
2019,3,MS,153.98974358974357,26.165824233642724,24.875285509329917,79.266294747434983,73.139255544582127,968.25080347752021,967.676799393503
2019,3,AC,331.91999999999967,26.143790562061454,25.06661103727118,88.477790150952714,83.991581750764368,988.2291839292418,987.50460596426979
2019,3,AM,216.43999999999991,27.684075238417556,26.599526561504643,83.543505674056021,78.2172252448995,1005.302194825444,1004.5868193559231
2019,3,PB,153.24999999999997,27.08105435907579,25.879669773348041,75.449240680877026,69.641857892904426,974.13942209547429,973.55013393563479
2019,3,RJ,281.2,24.585185843241746,23.445347644615946,84.289320265916587,78.45617049649573,973.80508494752223,973.21414362404551
2019,3,ES,101.61538461538458,26.548735262591617,25.237046213139458,79.610158092629,73.576204309723039,988.0402371828626,987.53247834040872
2019,3,CE,175.7538461538461,26.416366088031143,25.281627305813277,85.005235238439155,79.254286529963053,984.36532666743074,983.75728592795349
2019,3,RN,180.11428571428564,27.694700200749807,26.564030964254776,80.850672171624822,74.553676679513,1002.320692190401,1001.6976181051398
2019,3,GO,210.624,24.890648773658988,23.621042752880275,80.81998546104343,74.3558532911139,936.14531204555658,935.56339099503953
2019,3,PA,371.81481481481484,26.083283543457309,25.137056522126439,87.344194785417258,82.633017434309934,996.91767357849312,996.11117701622823
2019,3,AL,121.52000000000002,28.217397030069655,27.0045158886828,75.141797451143532,69.712127304606256,998.409461283532,997.846987449056
2019,3,DF,1130.0000000000014,22.65788336933047,21.3606101511879,83.262688984881,76.7680885529157,896.30912526997815,895.77216522678236
2019,4,CE,154.00000000000003,26.302899314845138,25.227200492767434,86.599101086122857,81.3402501547437,984.32179955943172,983.74327319191923
2019,4,MT,150.875,26.022575947681862,24.810851364341811,81.958068182357053,76.230291018870645,966.05325171039408,965.35409647381732
2019,4,MG,98.1375,23.9949299372391,22.621178201563115,79.008267411292238,72.735276117729285,932.07723660375473,931.59432734065865
2019,4,SP,122.17714285714285,23.60898940694063,22.368605803092663,79.146347371621218,73.241361580291468,950.15496278521584,949.69327110692427
2019,4,ES,59.738461538461557,25.822253058880992,24.587255397382521,82.461793825435961,76.81281386915272,987.99525761174868,987.51453098822867
2019,4,AP,221.44999999999976,25.873091861660821,25.023136997213896,91.282290748127281,87.1037364232042,1007.9992532633963,1007.3955415728384
2019,4,PB,118.51428571428572,26.800245510662176,25.664901795735126,78.160773758254379,72.378057708871623,974.06655443322109,973.51331369248021
2019,4,PI,180.94444444444446,26.836543638867049,25.691721457951278,81.988486613914176,76.3762891576105,979.85130384513729,979.24877218042081
2019,4,MA,291.96923076923076,27.037903049548341,25.966169654434577,83.068268991483151,76.3543678867787,996.74653926199562,996.11510258646513
2019,4,AC,149.95999999999998,26.585632917193081,25.41138129810081,86.43025340010503,81.491928518751109,988.15241856562284,987.45830972282386
2019,4,AL,69.28,27.612340269441106,26.479485127384283,77.331038771440817,72.279805509774562,998.46316626650673,997.94344904628508
2019,4,DF,1136.0000000000009,22.550986933555738,21.143842090631054,83.2541006394218,76.443425076452641,896.36055045871512,895.8526271893254
2019,4,MS,102.32432432432435,25.362974264829436,24.091897089885105,80.174922314273516,74.098066322083739,968.11756121013309,967.59084665272837
2019,4,BA,84.480952380952374,26.462159272199102,25.230919466828109,78.5457380399891,72.836966052329444,971.11613013815827,970.59133790275519
2019,4,AM,271.58749999999986,27.290503496950162,26.306846211757389,86.031792575216443,81.283822221604908,1005.2366449943248,1004.45783807272
2019,4,PA,336.92142857142852,26.348035087022666,25.414317560723305,87.1754064624849,82.506045496802528,996.57994087882116,995.78524725890441
2019,4,TO,157.51578947368418,26.762663331955213,25.507040788539207,83.954087936522157,77.892114138844562,977.34246508268177,976.72647333556074
2019,4,GO,125.93333333333334,24.945788343062787,23.6365606766761,79.5279777384523,73.114587977260825,936.09957033944318,935.57604673264166
2019,4,RS,142.40952380952382,20.520669424752821,19.436204598795285,82.6814967080334,79.708743999139145,974.38136653138861,973.86782357335392
2019,4,PR,110.18400000000001,21.936703326329056,20.749110867664442,80.833105026607328,74.886362616847748,941.21792941712636,940.74984804833457
2019,4,SC,143.72727272727272,20.068480562141655,19.05262799753228,86.585000437208478,82.097061547876891,940.383906071488,939.92696576257
2019,4,RN,192.76666666666654,27.350698374730243,26.292835184131476,83.204303200117153,77.6743020499559,1002.0732355409118,1001.4924557210135
2019,4,PE,70.0181818181818,26.456431918596749,25.294378423414887,74.891352399460686,69.121563321560146,962.64343044836039,962.10832547044856
2019,4,RJ,173.29000000000005,24.003599845976328,22.859531805522522,83.2299119999361,77.78149301749059,975.54950739809624,975.00854384938793
2019,4,SE,75.800000000000026,27.312777777777782,26.196785714285721,81.10158673951166,75.438915868519246,991.91686507936515,991.41365079365085
2019,4,RO,237.6999999999999,26.287847222222219,25.250937500000017,85.2805555555556,80.170138888888886,983.56447916666684,982.92236111111106
2019,4,RR,13.199999999999998,30.690416666666664,29.414444444444431,54.425000000000054,49.866666666666625,1001.914027777778,1001.2361111111107
2019,5,MS,66.388888888888914,23.519499848310573,22.219779036569996,79.2569468884883,73.579817294189539,969.6957822647945,969.169690011674
2019,5,SE,87.633333333333354,26.496130706874,25.307948766056153,81.703249181860684,76.1406164429306,993.432835910381,992.95419225107639
2019,5,MA,100.19999999999996,27.399195769101627,26.287119063691048,79.789833291505389,74.475599022482669,996.5268092513179,995.97206017555118
2019,5,CE,87.7076923076923,26.386913841556098,25.192340192578435,81.551848982618054,75.836939112548265,979.88473641532482,979.371350003676
2019,5,GO,46.163636363636371,24.266673873717423,22.842616246255368,74.076143971494886,67.595450463555153,936.78375848782173,936.31738672050255
2019,5,RJ,185.37999999999994,22.251188268539767,21.16170952477772,84.655602461565991,79.421548797843386,976.87891949639436,976.32941714124456
2019,5,SC,270.70833333333314,17.833464892429959,17.033003423905416,90.135337996882555,86.691807009054131,944.28254781035048,943.74170364489351
2019,5,PR,173.73333333333332,19.696525761124679,18.696630152718068,83.38828971741404,78.636087803874943,942.23112357695254,941.7124816971691
2019,5,PI,49.8875,27.207046362590397,25.868775928784654,73.819118925264561,67.851114310693561,979.12479202498673,978.585331057564
2019,5,TO,59.5888888888889,27.293750362809423,25.855166413723577,78.007698162815046,71.365823165953273,976.51327930572211,975.99988677685883
2019,5,AL,63.066666666666634,26.954825534877642,25.762222656039633,76.562029799266,71.39409210625611,999.1915628069313,998.69138826487551
2019,5,PE,48.872727272727253,26.172469904916952,24.965371899689735,70.797223231693764,65.684311604554978,963.09790938857725,962.596929382438
2019,5,BA,53.524444444444448,26.014786780364791,24.741749881049262,75.73392641673783,70.172832332995085,971.06335267165628,970.56234746715529
2019,5,AC,90.600000000000037,26.525703643279666,25.232086255259468,84.9195202213387,79.7293042467258,988.82429080037014,988.24118142164139
2019,5,PB,92.25,26.20259397114236,25.068288070949357,77.818116503600379,72.239857368889631,974.47841581656121,973.97701727782385
2019,5,MG,44.26984126984128,22.531965558178292,21.143204176846268,76.986841545467,71.156675960601717,933.10485409568287,932.64077927278709
2019,5,MT,40.400000000000006,25.770723936921026,24.396368272218449,77.014478844383177,71.528616243970859,969.719667220497,969.09354851350668
2019,5,ES,111.99999999999999,24.103506777454509,22.94614555741331,84.042523428683864,79.036278259784922,989.32666006042052,988.859248731377
2019,5,RS,211.18536585365848,17.501707867546209,16.687995673901376,87.314724275035331,85.652476164266176,974.47172868047642,973.88874695005813
2019,5,PA,230.72592592592588,26.824821245334295,25.777820943592559,84.67659105686171,79.644270551149,996.23139065403973,995.46991921436256
2019,5,SP,93.617647058823522,21.658061873775235,20.433218596010082,79.251202752465161,73.73519223635904,951.40483222377645,950.92250151712744
2019,5,AM,304.04615384615363,26.835242924679335,25.894841196981567,85.121073382592471,80.706370777090768,1005.544450811749,1004.8845876314615
2019,5,RO,57.600000000000016,26.219119623655903,25.072043010752687,80.674731182795682,75.264448924731184,984.12043010752677,983.58598790322628
2019,5,RN,71.3,27.52212482468444,26.339822557797003,79.201456318542242,73.298512503502053,1002.1480791740925,1001.6320855610277
2019,5,AP,460.99999999999949,26.275806451612912,25.426299283154119,91.03942652329745,86.87589605734766,1007.5683691756277,1006.9707885304657
2019,5,DF,374.5999999999998,22.195967741935469,20.7093817204301,76.756989247311964,69.873924731182825,896.95459677419319,896.513333333332
2019,5,RR,448.19999999999936,26.802016129032253,25.750672043010745,81.866935483870947,76.932795698924679,1002.6625000000001,1002.0159946236548
2019,6,BA,74.854545454545487,23.842088607928815,22.585164079230928,75.723282159512,70.284489091865424,975.22491921738754,974.76462661596668
2019,6,PB,142.07500000000005,25.070576851577453,23.893353650355717,75.077073976519486,69.685590783995579,976.85711695185432,976.40464649319392
2019,6,RN,68.59999999999998,27.110569699499173,25.851091700453139,72.269667854713788,66.515290806547057,1004.428367020431,1003.9591592137689
2019,6,RJ,52.940000000000005,20.647480474235767,19.405705867007246,82.788425476576307,76.937380294688339,981.07716341628861,980.54179655530436
2019,6,TO,0.69333333333333336,26.581223977691291,24.901309158125883,64.925611695261225,57.871790434146781,977.54171379754371,977.06697985048982
2019,6,GO,0.21666666666666662,22.75548660537758,21.109243388372125,62.7726278482882,56.19688625432768,939.56447610895464,939.12473131034824
2019,6,PR,51.708333333333343,18.563273568493265,17.351700727211266,78.486748880340954,73.197273825090974,945.20295603041711,944.74459231522337
2019,6,RS,47.446511627906986,17.259009692766792,16.154565801035989,80.603717095054279,77.310571936418611,978.10729584053809,977.58093851175636
2019,6,PE,81.244444444444383,24.178649586798642,23.039352706916755,73.6387970896996,68.424885216757943,965.906574435978,965.45212896242174
2019,6,SP,36.570588235294125,20.203195849695735,18.771024115121438,72.811869810240353,66.944793208117289,955.51545160778187,955.06748711623243
2019,6,AC,39.233333333333348,26.081238905936345,24.737589637769343,84.478066770365317,78.675380091335668,991.095988543092,990.55992802895355
2019,6,CE,33.725,26.638526406895533,25.337214815821667,72.0529714681136,66.165832119070217,983.26389934950294,982.81263718688126
2019,6,RO,4.9,26.594934956964014,25.296704323161194,74.045789319248826,68.4032570422535,985.590787852113,985.1184438575898
2019,6,RR,530.00000000000034,26.688055555555557,25.562916666666652,82.987499999999912,77.801388888888781,1003.9615277777779,1003.3276388888889
2019,6,MG,9.110769230769229,20.544676309843286,18.977327417189311,71.126327197739244,64.999489297391165,936.76090988348255,936.32259273643683
2019,6,ES,43.683333333333344,22.181825048678856,20.971979971966981,83.27349848504943,77.895499664973741,993.98435528371738,993.55445383689391
2019,6,MT,0.65714285714285714,25.378671935937316,23.729679638467363,67.469334817555591,61.183375868159018,970.84492627171107,970.25553580606606
2019,6,MS,20.789473684210527,22.765406754621473,21.234960913093865,68.921212436949631,62.786632206788539,972.35608148929475,971.87515539584
2019,6,SC,44.966666666666676,16.973583293323053,15.889342525731138,84.1796571848041,79.561072488994384,946.62211485523756,946.17330326530737
2019,6,PI,2.1700000000000004,27.354912840454908,25.796351058732288,61.439900604211289,55.247928260799306,982.01030782832618,981.51747683209214
2019,6,PA,94.55999999999996,27.085205192142173,25.905067343250639,78.702158555760519,73.423096063586911,997.47322028538383,996.74989967054773
2019,6,MA,34.586666666666652,27.09429494897374,25.800882496273374,72.473831032044913,66.906151056177862,997.57991832931987,997.10577428047247
2019,6,AP,271.53333333333308,26.46773148148149,25.50092592592593,89.328703703703709,84.650462962962919,1009.0860185185184,1008.5374999999998
2019,6,AM,126.15384615384612,27.292605866355867,26.245293965293971,83.659020051520059,78.603891496391483,1006.7035838434771,1006.0769114302082
2019,6,AL,113.39999999999993,25.172807224841023,23.880505948587686,82.487507215613846,77.041547131334056,1002.1129543997415,1001.6493758422657
2019,6,DF,12.8,20.368713531536532,18.807252014448473,67.803000833565,61.225062517365991,899.581050291747,899.171353153654
2019,6,SE,235.13333333333321,24.264863852542192,23.204901558588009,86.4139441741609,83.776976667860126,997.19527600266872,996.76779772298858
2019,7,BA,65.140909090909091,23.10975550370387,21.79210253537957,72.3603522995516,66.587852672199773,974.30545802339952,973.83342004115673
2019,7,RR,419.59999999999957,26.553360215053754,25.238978494623627,82.721774193548356,76.6397849462365,1004.1206989247313,1003.4926075268814
2019,7,PI,7.4947368421052651,27.597883049892314,26.02453675739083,57.014193762071905,51.466808463790343,983.52778902753516,983.02319951245931
2019,7,GO,1.68,22.422503208097815,20.616308899840952,53.827411116869172,47.431279640554621,939.16178460275717,938.70422073573309
2019,7,TO,4.7473684210526317,26.136993475600867,24.277526081414489,60.303434766749518,52.908786422356926,978.92286045229014,978.43979463943344
2019,7,RS,130.5,13.050937392051521,12.005674468482233,80.937015229027,77.49556455073332,980.33397894023153,979.75335421361092
2019,7,SP,54.477777777777796,18.635046437124466,17.109786530312384,68.702150682399335,62.722662908638348,954.83453381629965,954.37305329686194
2019,7,AC,77.966666666666683,24.716738756402258,23.335046639453637,83.52098453498111,77.58938617429402,991.78221687086432,991.20482820814368
2019,7,MA,39.533333333333317,27.068243300904594,25.655072866201902,70.345455927982783,63.641598495525564,997.61690499166264,997.127766289863
2019,7,SC,70.7304347826087,14.107243847901074,13.081013295809225,82.519196199257976,77.92351101583219,943.04066777404159,942.54152825456288
2019,7,AL,116.35999999999991,24.255600207732368,23.241535133138388,85.464565381268841,80.164663608174166,1003.688383308814,1003.2422722723518
2019,7,PE,74.149999999999991,23.39754317594187,22.260207173282069,75.353962081738388,69.930211984636017,965.98915992776119,965.53042998364481
2019,7,CE,23.000000000000004,26.618675012298649,25.27106065178571,68.98704108877088,63.515312306771662,981.877220729387,981.39541578185526
2019,7,SE,248.76666666666645,23.61189516129032,22.489650537634407,88.874498792270487,83.720828463456428,999.55090455444315,999.1743702904073
2019,7,MS,28.173684210526314,20.623405326900034,18.992515159429868,65.63891475860521,59.362557437499241,972.51947994268232,972.01441460445312
2019,7,AM,96.824999999999974,27.1903083068175,26.056192547489623,81.33862406418659,75.85106354057838,1007.0808532089472,1006.5185901439157
2019,7,PB,125.49999999999996,24.3737058126744,23.216888906854944,77.5503730407805,72.499009661658249,977.03558260468674,976.57658991687424
2019,7,RJ,35.561904761904763,18.812089514571394,17.426400891327944,78.51008222048273,72.222515396931811,978.85667327666749,978.29341040415454
2019,7,MG,6.55076923076923,19.704649009993755,17.9792015290876,64.416785261931537,58.103403626029987,936.24314831693925,935.78956094900275
2019,7,ES,25.169230769230772,20.764904012485534,19.433039832781571,78.50752900917341,72.721040596302586,993.74409802459286,993.29164471249624
2019,7,MT,1.4105263157894739,25.011577920521241,23.1516655541875,57.4365473115774,52.372929906955029,970.71508876112875,970.10139957288436
2019,7,PA,62.750000000000007,27.063795579894659,25.774955776257894,74.622027297447744,68.771304175960239,996.6914568448824,995.9940290383098
2019,7,PR,35.504347826086956,16.407396257942136,15.047885899087083,73.1952103749042,67.424148562636532,943.49629802794152,943.02891011215956
2019,7,AP,180.8666666666665,26.696774193548368,25.627374551971322,87.733870967741964,82.65322580645163,1008.6454301075269,1008.0985663082436
2019,7,RO,0.25,27.211879032258061,25.598526881720424,62.441572580645172,56.223588709677394,985.83011290322588,985.32283333333294
2019,7,DF,0.2,20.090295698924766,18.392083786724697,58.20645161290328,51.740322580645177,899.15731182795685,898.72545698924648
2019,7,RN,39.885714285714272,26.665693247846118,25.393342182595333,72.468494920443234,66.727392072894972,1004.7146939491086,1004.2438005075803
2019,8,MG,11.290625,21.29537035693118,19.678297656903329,63.366575639814052,57.54705697895276,937.0093042353667,936.52733308865436
2019,8,BA,65.879069767441862,23.547565784817692,22.196088426131709,71.371162977207064,65.627658663758282,975.33322764390323,974.82988938290191
2019,8,AM,72.685714285714269,27.789589978042745,26.560692199876634,77.708532706185139,71.864516282445578,1007.2449369218909,1006.6457635360277
2019,8,TO,0.14736842105263159,27.555362188656126,25.55249158931322,51.531009711546012,44.350524742588952,979.247448535074,978.72372684568
2019,8,CE,4.1749999999999989,27.419417656538204,25.952213497849357,60.206408800153717,54.771259424512145,984.08358840472158,983.554690537929
2019,8,PE,42.133333333333333,23.426115733491617,22.21720730259371,71.02786624313454,65.95185711137691,967.39881468577209,966.91613385731864
2019,8,MT,6.1764705882352944,26.566044523560507,24.716747595739854,53.311540289467871,47.090412853137074,970.63721596265736,969.97810118533528
2019,8,PR,25.956521739130441,18.572045293249293,17.128280522142,66.704392974742589,60.730586894935435,947.72512513637935,947.0813534245658
2019,8,SC,32.736363636363642,14.804475557649424,13.651263549560493,78.803999227539549,73.584080573233621,941.69846791149041,941.17874511446473
2019,8,SE,56.771428571428594,23.315209450147623,22.177572116505136,84.708575233009668,79.211906304722532,1001.5016867038681,1001.0620785941977
2019,8,PA,35.979310344827596,27.782564503287478,26.408916934844083,69.295067419225433,63.590184001092425,997.11780101071679,996.38449728917419
2019,8,SP,26.637837837837839,20.3855940304066,18.904707486519335,66.889556586407451,61.317687840771143,955.55737146736067,955.05048931885938
2019,8,MA,1.3733333333333335,27.992608699894586,26.44715739717623,60.687155989480594,54.455844581939388,998.25238023488532,997.72428802494471
2019,8,DF,0.0,22.525970149253705,20.779945725915866,49.945183175033911,44.067842605156045,899.68572591587565,899.23061058344638
2019,8,MS,9.8842105263157887,23.653862888878404,21.886470219106865,56.496944563163581,50.289289354720886,972.77445641293968,972.229505294792
2019,8,AC,51.3,25.322055288613768,23.731795174777108,75.780225323704542,68.95710173722432,992.279032097509,991.69304746293449
2019,8,GO,1.36,25.05807676604601,23.271692368091053,46.479789464321009,40.630023192439353,939.51575220375594,939.027579885066
2019,8,RS,80.550000000000011,14.29074872791097,13.084598747817443,77.496805192995609,72.184803398382172,982.02275525328071,981.38678786576259
2019,8,RN,13.400000000000006,27.284891760572343,25.942344499655903,64.688769758807325,59.15760735081863,1005.8974440761714,1005.3741016259665
2019,8,RJ,85.390476190476178,19.268289866451351,18.094526905246262,79.780818872671873,74.410738943031845,982.89672200237771,982.33496664515087
2019,8,ES,50.969230769230791,20.973760450636028,19.828144218744296,79.525316567985271,74.394885549429617,995.64896720421973,995.17685784941739
2019,8,AL,146.94999999999993,23.971619030279268,22.884535237416916,84.216661532646441,77.715119610051,1008.1333532003332,1007.6823107211342
2019,8,PB,39.475000000000016,24.516665419332519,23.262993951985347,72.4320854505712,67.174620665982019,978.43756605280839,977.95387496494334
2019,8,PI,0.51000000000000012,28.642266775444234,26.984629815071763,47.460534516856185,42.344222538076387,982.76740485203516,982.21789500216323
2019,8,RO,16.550000000000004,28.023982835592829,26.373289849599047,56.496631071758287,50.424552821138555,986.32994883761171,985.75994961155357
2019,8,RR,295.7999999999999,26.816263440860212,25.520698924731185,81.4986559139785,75.690860215053817,1004.6004032258068,1003.9705645161292
2019,8,AP,73.9,28.05030091068684,26.884167489576484,79.40128373930213,73.591153719552409,1008.2372939982444,1007.6777734803602
2019,9,BA,42.25,25.252929437068936,23.84607126894538,67.261248577873189,61.925057604257184,973.09486540418675,972.56978728489867
2019,9,MA,7.9333333333333318,29.255407575934843,27.785405456646988,58.450360674002233,53.27785430747651,996.11008193730027,995.53501088115922
2019,9,AL,47.920000000000023,26.033986990656352,24.806481017674553,76.297931546654553,70.0100843109296,1007.7090198981972,1007.2108873587662
2019,9,MT,40.441176470588239,29.392288554016883,27.581192865109312,56.020785714311579,49.744916672783077,967.11471108964179,966.38509391975276
2019,9,TO,23.31111111111111,29.788226332695039,27.801158767364889,49.844711161911547,42.974680288272346,975.65242200638215,975.064779839388
2019,9,PR,65.234782608695667,21.617618039053443,20.309076987344632,68.7534068586413,63.015519976466287,945.91805861405885,945.21785992127536
2019,9,SC,69.504347826086956,17.523699800884934,16.500163932226922,78.598875899350375,73.948241898670048,941.5358958098268,940.99336469420575
2019,9,RS,73.5318181818182,16.270969574273934,15.072761588843761,75.3249678105148,69.512247294991283,978.30767760845538,977.65981207052926
2019,9,PA,46.45,28.417062644745034,27.082597965455403,71.686131256070809,66.2165607257657,995.357409984128,994.75501656471863
2019,9,MS,22.912820512820513,27.482045594499798,25.729827138077045,55.246177111077273,49.476501646088046,968.504271270734,967.95281961214846
2019,9,CE,3.5374999999999992,28.326987603197637,26.83270460535023,58.69918601380752,53.335800065312384,982.48663297737744,981.94025960825741
2019,9,SP,64.379487179487185,23.256288232363797,21.818171691499344,67.436010370227038,61.98824580271161,953.74740448154307,953.19331523612743
2019,9,AC,88.828571428571422,27.451917090460771,25.954473532131303,79.792038449684071,72.981593851132743,989.89283597379074,989.17831052000065
2019,9,RN,8.8571428571428612,28.06601190476189,26.753472222222232,63.530050505050475,58.250808913308887,1004.0386507936504,1003.5005555555554
2019,9,RO,15.7,29.944442108057366,28.386057154828965,63.77878028528054,57.037918575264548,984.14601394812109,983.43903887287411
2019,9,PE,13.784615384615389,25.380224058435175,24.074513782978986,64.509750726477023,59.631687812308556,965.18852013175024,964.68036941198864
2019,9,PI,3.97,30.219700771741248,28.449141854046854,45.632832439365885,40.164748179736563,980.12186375103772,979.54672727290506
2019,9,RJ,128.2285714285714,21.540561984373692,20.45317274221804,80.467392618943308,75.522392342416282,978.75295046474537,978.1452639300885
2019,9,MG,37.190625000000004,24.445385800997947,22.7870199292617,57.625439021719039,52.044330299624768,933.63675581348275,933.1261327423332
2019,9,ES,53.600000000000016,23.0247612158864,21.857769226472094,76.915492175643848,71.777116496398861,991.92353799151772,991.42554545551423
2019,9,AM,105.39999999999999,28.427571017396296,27.171090069430647,78.901926791254056,71.993928858082938,1005.0693868523304,1004.393791476257
2019,9,GO,16.808,28.839256005778854,26.948494691899342,39.562211410382979,34.193593933853109,936.17254961842229,935.63030233391851
2019,9,PB,14.733333333333336,26.195030864197534,24.846126543209877,66.9417438271605,61.608796296296312,976.407739197531,975.89722993827149
2019,9,AP,23.500000000000007,28.778263888888898,27.579097222222234,74.599999999999966,68.99375,1006.644305555556,1006.0904166666667
2019,9,SE,40.228571428571428,24.675355337281516,23.435159412265065,82.360008489645963,76.78650103503719,998.74421595582066,998.30881833872252
2019,9,DF,22.0,25.557561383928554,23.729045758928581,42.544076361594605,37.134475014037093,896.98423549106849,896.49380580357126
2019,9,RR,127.80000000000008,28.209861111111103,26.820277777777751,76.601388888888877,70.208333333333314,1002.5056944444444,1001.8390277777784
2019,10,MG,67.2125,25.196599966888815,23.627630823193279,61.846737115906294,55.622390339503582,931.5152908698368,930.97631459543913
2019,10,PR,95.236363636363649,24.0643864286794,22.613880491350596,67.68570008595195,60.729649288561866,944.36419787643956,943.62953078495036
2019,10,MA,41.300000000000004,28.773745744180246,27.5099202356783,67.530056665146958,62.382484883189669,995.43489261711989,994.83261040094408
2019,10,AC,149.06666666666661,26.399066053330024,25.080980480932833,84.898332747330457,78.7798863661971,989.25851061584115,988.51544094826716
2019,10,CE,4.2799999999999994,29.019882555555469,27.482853357803407,56.960764377073055,51.432554394664706,980.25888561097565,979.58358934269711
2019,10,RJ,93.361904761904768,23.13955491482545,21.97450305083321,79.653455825811434,74.225677558237919,974.57638365786784,973.99561596314948
2019,10,SC,159.45,20.243836413181604,19.115613576634534,80.9565692706377,75.717960418059846,942.892835937166,942.28292724801463
2019,10,SP,66.2923076923077,25.071836925771709,23.55259598953981,67.481827102455142,61.183181003247213,949.45399964356,948.89920329143092
2019,10,MS,56.74285714285714,28.389090556592304,26.654400872212126,62.027541872964711,55.227325867669968,967.13318176378914,966.5251629868693
2019,10,RS,284.65714285714273,19.850629537381803,18.745201886650673,77.289545847754624,72.240852066917341,976.019038420656,975.25801332221556
2019,10,RN,15.028571428571428,28.650164835035824,27.320092391434915,61.604530074607332,56.215005395065667,1002.2289845383646,1001.6409782371147
2019,10,PA,117.81739130434781,27.81292650119121,26.552075426636517,75.99487155710564,70.319621824467035,994.32979734173534,993.69552175626757
2019,10,PE,6.3538461538461561,26.851323124735174,25.440969418969097,59.123019597705841,54.068200216539921,963.13143204766141,962.58469087473338
2019,10,PI,20.505263157894738,30.6507514948181,29.024881607034857,48.628376338300491,43.095001662881828,977.56007914887982,976.93904970023493
2019,10,ES,56.815384615384616,24.36577217770586,23.099483303077481,76.638979261591643,71.048270009685083,989.40108908968068,988.88536338883125
2019,10,AL,13.239999999999997,27.042647217688451,25.7657922205412,69.168790746389462,63.637521383764849,1005.7504951338703,1005.2112858765673
2019,10,RO,222.7,28.028380053739326,26.635910010757513,73.156652049957259,66.396916019045136,977.51013515632178,976.73579972213736
2019,10,BA,43.381395348837209,26.718451662778911,25.303392743469491,64.522215662261019,59.027697481650904,970.01129109478859,969.45547284744
2019,10,AM,163.84999999999997,27.168074295476032,26.016842370432776,83.01666498297682,77.6634952551791,1004.1251889666798,1003.3989288181666
2019,10,TO,100.69473684210526,27.79350259538468,26.33507592924876,72.180453539340618,65.341167014155545,976.08829983599276,975.44325180197245
2019,10,RR,50.600000000000009,28.529435483870962,27.207661290322612,72.481182795698871,66.475806451612925,1001.18252688172,1000.5271505376342
2019,10,MT,147.33076923076919,27.078470822836707,25.655292762872691,74.469974766853525,68.17260471763376,968.01984363226552,967.20818241854408
2019,10,GO,79.791304347826085,27.866534227898331,26.169669077577879,56.220561924247278,49.051874478129648,934.80408031993375,934.19761290160181
2019,10,SE,23.2,26.063000324703719,24.746949502329141,73.887073696103911,68.531941689962764,996.5776932566888,996.04368527394752
2019,10,PB,13.2,27.430726215744674,26.063773883688992,61.440778709258666,56.267747744572944,977.34676940327563,976.78783593489356
2019,10,DF,360.99999999999977,25.355567567567554,23.6131621621622,56.247696476964755,49.181571815718158,895.14089189189178,894.60521621621581
2019,10,AP,58.800000000000018,28.962298387096773,27.742137096774186,73.184811827956992,67.533602150537632,1005.1581989247313,1004.5886424731181
2019,11,PR,140.14545454545456,23.727488021871622,22.441130136116435,72.924698218590592,67.259556064975385,939.70285039611611,939.0321802634262
2019,11,AM,175.51111111111106,27.426071211029225,26.38264101321537,83.275517143294863,78.397961291487618,1002.8695390337896,1002.1548537511912
2019,11,PE,20.815384615384612,28.262624233096773,26.733361295637742,54.795991640208861,49.4543399643904,961.46547082052371,960.92049215984321
2019,11,MG,182.09206349206346,24.891151168072057,23.537662012744242,71.7957669812398,65.6834839975422,929.924568278814,929.375292833454
2019,11,RS,136.08292682926827,21.856341779348664,20.669134098216247,75.641615372943008,70.461513455566021,974.10483897093,973.51434927792911
2019,11,SC,163.78181818181815,20.637868227624541,19.522083707645436,81.0723769165144,75.821703189217132,941.29107741538246,940.77091255811365
2019,11,PB,0.51111111111111107,28.162739655012174,26.749544260481137,60.374849403646216,55.099820495835139,972.865972156558,972.31577902524839
2019,11,PI,24.231578947368423,30.677959627311292,29.078722903004259,54.038743716865227,48.217127727406563,977.53908884627538,976.93075077823767
2019,11,TO,158.24444444444441,27.085816066569031,25.762919871915194,79.150751079559342,72.594832065230335,975.24170190639268,974.59859484761023
2019,11,DF,1038.6000000000006,23.793605138229566,22.248980731639179,74.0103583426651,66.429731243001,894.17478358000471,893.61616866797033
2019,11,RR,218.39999999999995,28.585416666666667,27.253611111111145,73.2152777777778,67.7194444444444,1000.1176388888882,999.47027777777782
2019,11,MS,116.46470588235294,27.956257247066834,26.481027759966405,69.085746380504574,62.673558150183013,965.38435243854292,964.76771544540793
2019,11,BA,45.404761904761905,27.844454639374138,26.393870674320176,62.969364236235542,57.377455205211916,968.05189594428259,967.49732796620879
2019,11,AC,302.95999999999975,26.772509137596252,25.474289005530235,85.689686761938788,79.604169252276762,987.67414385003781,986.95709919781041
2019,11,RO,279.93333333333322,26.234718869287118,25.138678427731339,83.132781388630974,77.623599504797269,975.67804278861024,975.01360466315907
2019,11,GO,170.26956521739129,26.480348359846047,24.973204209710818,70.013808262879181,62.398332178658769,933.85115351281729,933.22365569474653
2019,11,SP,148.11351351351357,24.33391251582993,23.040925624372971,75.465404723811645,69.622803255057008,948.08578254203246,947.52224300982493
2019,11,PA,119.83478260869562,27.762578600493956,26.62115815933436,77.43029977533827,72.121754627387261,993.18758199969113,992.55800359291641
2019,11,MA,43.906666666666666,28.715532358237947,27.517216743544875,70.135230568732538,65.050580921646926,994.31864754838966,993.72645986889427
2019,11,AL,5.2666666666666675,27.990442465225627,26.649377148267451,66.573570596260424,61.478141808216726,999.817037502841,999.2763739633383
2019,11,CE,7.8533333333333335,29.431886647768245,27.946515105883613,59.199422013385359,53.837603741455595,981.33139984106015,980.59859312468575
2019,11,RJ,219.25714285714281,22.810020169640406,21.830240287878997,83.727280568898891,79.029999571304771,974.76252508008963,974.21411964746164
2019,11,MT,166.04285714285714,26.359192394589115,25.096178872466833,81.189691024079352,75.362875190598771,965.02469128581674,964.24293005331629
2019,11,ES,279.15384615384596,24.575246889376778,23.498862869076795,80.747099362583668,75.694304313823949,987.12151621080864,986.60541021118138
2019,11,SE,13.828571428571426,27.331041249830932,25.946949403534255,71.72007459293728,65.907017707646929,991.08815927330886,990.582380564293
2019,11,RN,0.51428571428571423,29.138443429212817,27.837328404581417,61.719502024044793,56.514407309668059,1000.8316426155478,1000.2625534585817
2019,11,AP,101.59999999999994,28.712083333333318,27.545347222222233,75.822222222222138,70.4756944444444,1004.0292361111108,1003.4622916666665
2019,12,PR,187.03846153846155,23.336043657151066,22.076115746394329,78.945805448598364,72.936376547622032,940.04183889102524,939.36475076978707
2019,12,AM,281.39999999999981,26.981065893426898,25.955383386713649,85.5082328500108,80.944884469378238,1003.1698781643136,1002.4965626194678
2019,12,PB,12.600000000000001,28.48937813045675,27.086290466179573,59.975216990158565,54.595403654770067,970.12313849781287,969.59658681884434
2019,12,PI,29.08,30.237045074020038,28.679405045680767,57.100292257071729,51.002744915742213,977.811297730861,977.22749141895054
2019,12,CE,23.026666666666664,29.461528172557333,27.983977362151858,59.377079092873217,53.842117323497547,979.342628654079,978.75010257966028
2019,12,MT,222.47999999999993,26.178799961951796,24.957141292045812,81.396836491624953,75.992035662958557,966.55229445994325,965.89014907538808
2019,12,GO,227.17142857142849,26.180969039356096,24.780964917807697,73.901386600696739,66.710331186311777,934.54549439468633,933.94428739578223
2019,12,MG,195.61269841269839,24.607160467932552,23.270828362515093,75.426202912924083,69.006650527707848,930.55186911858982,930.02529577961707
2019,12,MS,242.2529411764705,26.179039076768746,24.881806294709925,79.519835740497086,72.907241291879714,966.19339700812361,965.57189617082088
2019,12,MA,89.2,28.650263667376677,27.486562309234959,71.805688163825749,66.531589493155451,994.65023006193348,994.07000588468838
2019,12,PE,13.030769230769229,28.221563850428641,26.711792186996796,56.13997448347564,50.65802677702019,959.05392539647153,958.53640644787322
2019,12,AP,173.19999999999982,27.705617668621692,26.636549975562076,82.491156524926708,77.512310606060566,1004.5817280669596,1004.0006315676934
2019,12,DF,1230.4000000000015,23.468346325166994,22.071436525612494,77.64866369710451,70.436925647451929,895.06233296213838,894.5183184855232
2019,12,RO,304.93333333333305,26.178225806451628,25.152688172043007,84.133064516129068,78.898297491039386,976.30712365591421,975.6462813620069
2019,12,BA,51.041860465116279,27.852909840534597,26.391480893510305,64.888983392386407,58.936566380062445,969.24234244628929,968.70749741386987
2019,12,SE,11.966666666666667,27.78713606095441,26.382512084943261,69.733944241926764,63.692252454554641,990.68627532251185,990.20112375278961
2019,12,TO,153.96470588235289,27.218646345306503,25.909660905032084,80.165128872428639,73.436069958498379,975.62962094547788,975.00241528498555
2019,12,RJ,225.44999999999996,23.848402070455798,22.722377230551036,83.460589710855444,78.14041459480903,972.68885627288046,972.135393260536
2019,12,RS,65.300000000000011,23.735663875339753,22.2278538187711,67.350778552375033,60.273107133754984,973.38150476635246,972.7999485515337
2019,12,SC,99.5818181818182,21.974288198458503,20.624871205392825,78.316766246695863,72.052770925393361,940.78301546360228,940.28256549298874
2019,12,PA,181.22399999999993,27.472485965420208,26.353803745256759,78.154788666712321,73.007347335489968,995.70202429320909,994.89266384942471
2019,12,SP,199.06666666666663,24.528172255994271,23.280622852075517,78.9696405736871,72.744951282768085,948.45765442222194,947.92461345341678
2019,12,AC,366.06666666666632,25.936581670696075,24.890178825792045,89.153755280414487,84.3594868395824,988.1413003765191,987.4570465798
2019,12,AL,17.3,28.488366188195794,27.145537180672374,66.3480970381963,61.060583434752843,1000.0109432264121,999.50229320125311
2019,12,ES,143.25,25.303867392457718,24.101845996191315,78.142065895159632,74.767068127271315,985.63449449467441,985.14529056445815
2019,12,RN,4.0857142857142863,29.632737245907858,28.336549836946716,61.947140067632134,56.729389347038151,1000.9742181633377,1000.436060619829
2019,12,RR,63.0,28.029569892473109,26.758467741935455,74.719086021505376,69.1962365591397,1000.9423387096775,1000.3235215053764
2020,1,MS,181.03999999999996,27.225454720681761,25.921621953896903,79.250103061926183,72.799180401948675,965.27225905141574,964.71456348095865
2020,1,SC,156.99166666666665,22.683470451401217,21.477391178148665,82.138758742732136,76.253771717061866,940.03788562933448,939.56172933113623
2020,1,RS,140.34545454545452,24.087855827333797,22.777275836983019,76.4861238196622,70.403724427139082,973.05237239409144,972.5165595635666
2020,1,MT,202.37999999999997,26.49170646350543,25.256549862578645,83.350740339272136,77.880768316185254,966.65502030602863,966.01069688952907
2020,1,PI,172.03999999999994,27.045939612380359,25.911989241365895,79.302148134785867,73.573104424167838,979.73672868863048,979.1434357804518
2020,1,RO,331.19999999999959,26.452867383512569,25.355062724014342,83.98387096774195,78.47267025089603,976.88682795698924,976.22764336917555
2020,1,RJ,247.38095238095218,24.836204791904773,23.711776099944057,84.05129154881844,78.554309094877553,972.83378653030013,972.27536142903932
2020,1,PR,137.94615384615378,24.117034234876108,22.830421968801485,80.700416070562923,74.771229619678,939.21710130215536,938.58713425069459
2020,1,PB,46.200000000000031,28.024013890673857,26.788297615987666,68.299732183051773,62.502642635285376,970.72610040428424,970.18792915502479
2020,1,PA,305.16296296296281,26.418745582127521,25.434953610628991,84.185429803638158,79.193780335838682,997.44186428690011,996.65754647639562
2020,1,MA,275.93333333333311,26.996763443711064,26.020164172458873,82.532080117580293,77.561468308943574,996.41016508309008,995.78089221141988
2020,1,RN,97.399999999999991,29.163989005386686,28.023143716354923,71.967778419001874,66.665075766099122,1004.2335485853799,1003.6929468364392
2020,1,RR,7.0,28.491935483871,27.239247311827967,64.744623655913969,59.75134408602149,1002.4252688172043,1001.8322580645162
2020,1,AC,213.79999999999995,26.695370966529406,25.568171927820693,86.72276028101524,81.4169858643619,989.50541420523757,988.822567519558
2020,1,SP,237.0114285714285,25.295416955600221,23.980381974469484,78.803140606044636,72.37945035818808,947.44480916249472,946.90904659128557
2020,1,GO,295.83478260869555,25.837378630685553,24.489643077156149,78.009756941339845,71.163239133999141,934.44468264223849,933.84675545915809
2020,1,AL,22.333333333333329,28.730934434535957,27.501613258322955,68.0197327037226,63.129569107035415,1000.1641125453267,999.64701711336988
2020,1,PE,51.18181818181818,27.94443422081536,26.565497885243943,62.824659475623889,56.970499452218569,962.26004923111668,961.73281066022787
2020,1,CE,143.21538461538464,27.390580340765879,26.2566936823887,75.770221291780061,70.269475583939226,978.2877280929896,977.7231760743598
2020,1,BA,145.11904761904759,26.6805840434863,25.443218861591898,74.718320334626029,69.0647685249622,969.84690926263545,969.31441247401
2020,1,SE,33.266666666666666,28.085053217513853,26.789065686636427,70.9046627573535,65.1965751678962,990.769300423853,990.26672594447734
2020,1,MG,326.76825396825387,24.654906774827236,23.399192689556088,80.270279817560493,74.132031452402444,929.73338762176616,929.20380824422887
2020,1,TO,313.322222222222,26.283113045496879,25.146432167647966,85.596613830433341,79.616882471958064,977.07463969851892,976.44788015269216
2020,1,AM,128.71249999999998,27.755976338147288,26.629786561785366,81.864130755894436,76.550750540035125,1004.2577920877928,1003.5817208266493
2020,1,DF,1972.2000000000048,23.091523143164657,21.79499461786866,82.438912809472583,75.994079655543587,894.76595801937469,894.23581808396068
2020,1,AP,228.99999999999983,26.462660684482557,25.489651232335316,85.883460560824659,81.2731161373491,1006.4036080005812,1005.8214899962422
2020,1,ES,254.58461538461529,25.991979323474425,24.871441642377427,75.636416867172642,70.544748500862383,985.7640771286334,985.26711600016631
2020,2,SP,322.52727272727265,24.138637308955509,22.986079632718045,83.7199324858597,78.077904216906958,947.75874067649386,947.23928909936217
2020,2,MT,277.24827586206885,26.041724013219127,24.874160429697163,85.852560470559027,80.671568336280544,966.77877909745757,966.14135491521392
2020,2,PE,99.044444444444437,27.416529430339768,26.130570333880677,69.0716472400019,62.82590733783821,962.454059071197,961.90976948339
2020,2,PI,188.44285714285709,26.955470731954893,25.769814422667341,81.169126255042471,75.14722298892508,979.944858973473,979.32776913798807
2020,2,SE,75.833333333333357,28.254429627865832,26.959649993608455,74.5788729554314,68.240026452976451,990.942888981301,990.43196202914419
2020,2,GO,324.8272727272726,25.449103802820574,24.124763397284934,80.179531338208776,73.460677829460309,935.608460372074,935.00557317247728
2020,2,TO,278.4235294117646,26.351914551354717,25.152496765004933,85.597088955477858,79.370028181286258,977.44213215209243,976.80380631879837
2020,2,RS,63.9909090909091,23.427851864530041,22.037188043893458,74.042940609358126,67.838173864750075,975.25096812787126,974.74480768940407
2020,2,RJ,366.63,24.314962577343053,23.316960071812698,86.489643375125,81.573477777601511,974.94822409369215,974.40310169452823
2020,2,AC,213.49999999999991,26.205416550889279,25.176696928654025,88.7545272616251,83.85172224041294,989.91220627205473,989.2420260892967
2020,2,MA,203.076923076923,26.943075176854624,25.961643238933913,83.4979808181418,78.563386152880653,996.5326533667328,995.89266629054907
2020,2,AP,196.59999999999991,26.42797233603,25.475867808409433,85.886010902399192,81.368290163536031,1006.5450503020722,1005.9648082965869
2020,2,PA,351.66399999999982,26.307643540441312,25.340404407364332,85.852337808440168,81.068760679870252,997.65076087580474,996.84695564415563
2020,2,DF,1647.8000000000036,22.618179199078064,21.292365312590025,84.674157303370819,77.946413137424415,895.91028522039585,895.37677902621624
2020,2,MG,276.31935483870956,24.202898029046821,22.99012412969261,82.129413133501714,76.056760929121552,931.00118882130209,930.47282016386555
2020,2,MS,156.40714285714284,26.678218423977,25.4066904151432,80.09968689505078,73.905129899584637,966.62878468553458,966.06674497692381
2020,2,SC,136.90909090909091,21.755504174994414,20.563144373128793,81.778243965357291,76.066761498342686,942.18068622438489,941.7137424859734
2020,2,BA,65.422222222222217,27.052797121422465,25.753378943940231,75.763814031231291,69.726056584195788,970.2794067276028,969.74869822487278
2020,2,PB,87.428571428571431,27.558932536572623,26.400119187565302,74.963117163009372,69.066810344827559,970.96644298589376,970.42076639237177
2020,2,AL,47.25,28.884219742196116,27.685160635611528,71.596958755108645,66.6006626961508,1000.2585533551137,999.73416462277146
2020,2,AM,148.85999999999999,27.668977721793411,26.580159422867922,82.292969353293188,77.0452124109645,1004.391058825155,1003.7238914446318
2020,2,PR,120.75999999999998,23.975136492523237,22.637329101114172,77.5237819461383,71.673799715899349,942.84616631157166,942.19386441937718
2020,2,RN,125.32,28.650775537423232,27.531647363264717,76.63224656649237,71.0369759207882,1004.2057272143504,1003.641184482883
2020,2,ES,129.96923076923073,26.377776794671352,25.145437094443718,75.233992748923072,69.163745040539553,987.5947900187731,987.08073644184992
2020,2,CE,138.27692307692303,26.56066525749538,25.452929459873463,83.084860670733363,78.093852152072117,978.58025597446976,978.01200686133063
2020,2,RO,391.06666666666638,26.039990421455943,25.064032567049804,85.350574712643663,80.524425287356408,977.38333333333333,976.73793103448224
2020,2,RR,1.8,29.242672413793109,27.96637931034482,57.830459770114921,53.347701149425319,1002.612068965517,1002.007471264368
2020,3,MG,202.95483870967732,23.183831656901763,21.977064673041603,81.81587412906849,76.023989570729555,931.40043547407106,930.89906920416684
2020,3,SE,142.16000000000003,28.008775440458766,26.769103603106469,76.260477171133118,70.23230354854384,990.38645652120147,989.81006519467246
2020,3,PA,398.38260869565204,26.410316568567229,25.432777152690083,85.119869423845429,80.120174640764489,997.36213145638794,996.5522197269155
2020,3,MA,332.93846153846135,26.739890596434808,25.816778237817189,84.5732983554965,79.76137847892204,996.11178392060845,995.47666987713944
2020,3,RN,234.35999999999993,27.919313667093537,26.861100667389124,81.038643545634841,75.379788924800764,1004.1352561630415,1003.543279038007
2020,3,AP,235.69999999999982,26.578081602890606,25.67876262461364,86.090094575769456,81.63656349310007,1006.3231843955415,1005.7013704779938
2020,3,ES,185.83333333333323,25.049805204345414,23.858678834587835,76.212958165004167,70.569074318369985,988.36206760130415,987.88100484363281
2020,3,PB,225.59999999999994,26.682381383388233,25.583487027233353,80.9751925744155,75.441652651153476,970.64640488239456,970.05835051429676
2020,3,RO,283.19999999999993,26.084184587813603,25.091263440860228,85.621415770609374,80.681451612903246,977.06070788530417,976.409901433692
2020,3,RJ,264.14999999999992,23.166061273382461,22.08139497694274,85.3943988777214,80.186499878656463,976.5368983899989,975.98235616813
2020,3,MS,63.13333333333334,27.226105493523846,25.664234720124526,68.2050544483095,61.349565235252705,968.84094871825255,968.32919486442768
2020,3,SP,91.491428571428585,24.037860100470496,22.632810350302197,74.954239512397365,68.475988536857045,948.89156664528457,948.40508750256413
2020,3,TO,303.54117647058808,26.066961852317071,24.997890968320828,87.149109656014,81.544166232156059,977.31302888612959,976.69564428742251
2020,3,DF,1656.2000000000044,22.5817447045708,21.293673355629892,83.909420289855177,77.613154960981021,895.5360925306569,895.01360089186267
2020,3,GO,191.59166666666661,25.395835459930087,24.059658063967362,78.459919844151955,71.724574882579077,935.48358614310416,934.91937759362827
2020,3,PR,42.291666666666671,23.841302963459768,22.296196927519848,69.659735464653082,63.34450243550404,944.3076887776383,943.67288397569473
2020,3,RS,33.009090909090908,24.050488271013148,22.610341134458036,69.457831122686315,64.095108791034392,976.41734290684713,975.938014942257
2020,3,BA,210.67058823529402,26.013550646232979,24.889553592933161,80.092017566506513,74.400766524747624,970.1683841399348,969.61115557656979
2020,3,AL,124.45000000000003,28.623854394074915,27.400184599709085,73.48175091528762,68.0258918958375,999.80388779303041,999.22421476334262
2020,3,MT,187.47407407407405,26.7343592195641,25.427167735863748,82.25580035570762,76.416542402491487,966.72544993139331,966.099177196243
2020,3,PE,221.93333333333322,26.668774158346469,25.453297553281985,74.671807575380868,68.6136727068542,962.23223035579088,961.64589432382184
2020,3,PI,326.44615384615372,26.523616735769355,25.444495046764565,84.278327219432057,78.736169646435044,979.96036782067677,979.32934538472591
2020,3,AM,247.75555555555553,27.816859196597434,26.758062981256629,82.127211660003454,77.1131903946637,1004.0773943057001,1003.3765585447043
2020,3,SC,47.2909090909091,21.729626770335944,20.446253323921873,77.568150571785665,71.630283720430867,943.69486911699778,943.27465857299831
2020,3,AC,165.17142857142852,26.345540331760652,25.240407527242876,88.736711288249,83.679794359159359,988.816145059311,988.106555600896
2020,3,CE,228.43636363636352,26.58099335647761,25.500502360930337,83.79523633423814,78.64281523264485,981.41471858150442,980.809312548927
2020,3,RR,5.6000000000000005,30.391397849462358,29.059274193548365,55.606182795698913,51.211021505376451,1001.8690860215057,1001.1986559139784
2020,4,RJ,60.673684210526325,22.180031047706159,21.117731631328773,82.7012250089505,76.809721783914057,984.18870943916306,983.6442720402556
2020,4,MS,68.3,24.401856762963888,22.84099602766377,68.313954243573107,61.598043566469983,971.42304292359722,970.93057027111081
2020,4,GO,111.55833333333334,25.007446260169047,23.550928406344667,77.860534946215211,70.610890026061284,936.92617006708542,936.41353268315208
2020,4,RS,44.845454545454551,19.306576430697813,17.926906228236689,71.006643141213729,65.35102078734657,978.427761026321,977.930931091539
2020,4,MG,58.280000000000015,22.3684239934475,21.101053864559187,79.576391655535446,73.8459808941429,932.13280112921268,931.66829250275316
2020,4,BA,180.84516129032252,25.438260072449726,24.37180644944279,80.885614081885677,75.842373595669613,971.3849708984651,970.86788654331929
2020,4,AL,154.73333333333329,27.868214322215998,26.716757782194708,77.911998723442082,72.49328235803813,1000.8503337280605,1000.3290065772793
2020,4,TO,234.37647058823521,26.526037570024879,25.350696005570182,84.629413541628708,78.694453577375953,977.99760002033429,977.40702510441133
2020,4,AM,290.34999999999985,27.047594795563064,26.058318691784923,84.802090157089751,80.20713934591808,1005.2331484690375,1004.5465804483777
2020,4,SC,55.645454545454562,18.106471537466575,16.800278137032091,76.85303775016321,70.924461313147731,944.682806500379,944.23686096541576
2020,4,PB,146.31428571428569,26.494126866097748,25.422482247414976,81.409035282830132,75.971427097608085,971.3165121577523,970.78445195814811
2020,4,AC,128.39999999999998,26.62124870307489,25.378397079167456,84.283046830786589,78.630296956549074,989.39942255392032,988.71847568068915
2020,4,DF,1075.6000000000006,22.276079086605407,20.992509050403804,82.229741019214643,76.005847953216318,897.0473962684481,896.56571985519338
2020,4,SP,27.450000000000003,22.406311207879185,20.950414039886944,72.6810018836331,66.264409920921125,950.38802854624339,949.93175296814923
2020,4,PR,36.116666666666667,20.884113546083075,19.302824218976959,68.663188273284888,62.381391684193616,945.74940136444116,945.13424531509986
2020,4,PE,113.48888888888889,26.227971100049963,25.007590136080527,75.613419397655107,69.717947448586628,963.107547874474,962.57843574427716
2020,4,RN,143.31999999999994,28.10822106296084,26.952144006213665,81.309969532083116,75.4087351827946,1004.5023192904363,1003.9392522470271
2020,4,PA,341.381818181818,26.456609161877335,25.495783299108389,84.753728199021339,79.881449596693813,997.63325877419663,996.72645232246975
2020,4,MT,109.74814814814815,26.545595756077002,25.25849915039689,80.418545238471864,74.590068888044044,968.35764093337684,967.78506966448128
2020,4,MA,275.61666666666656,26.923910006870823,25.909774624895061,83.856139878089664,78.7365350273112,995.4651463493293,994.82713787901889
2020,4,ES,29.769230769230784,24.706522249856157,23.451715147122986,74.351316697777165,66.78086768619491,989.73367312161042,989.23678622971261
2020,4,AP,416.89999999999975,26.525712962962984,25.6076111111111,88.043703703703756,83.7267129629629,1006.7305324074068,1006.1029537037034
2020,4,PI,165.78461538461536,26.993191742693032,25.81679368771545,81.442370831275042,75.55353901794291,980.51481238143117,979.9170047802786
2020,4,RO,147.86666666666665,26.513080350224719,25.431301332713485,82.204827212149411,76.894884162405063,978.49383929955047,977.89365624515744
2020,4,SE,155.44999999999985,26.979163256741167,25.874671007764142,81.9469838491279,76.904039809024326,991.69601117406364,991.19282440195161
2020,4,CE,134.11111111111106,26.909642988679657,25.789674386018778,76.358848334951716,76.450459036008979,984.76127274207226,984.19491776693087
2020,4,RR,104.8,29.526805555555558,28.213194444444436,64.712500000000048,59.537499999999966,1002.7130555555564,1002.0376388888881
2020,5,MS,89.617391304347819,20.573660673706829,19.043456789590117,71.9888641263996,65.637385703305327,972.95839828415421,972.47118655000736
2020,5,SP,27.836363636363636,19.615912138492064,18.071208432293972,69.932050315639358,63.548518984390142,953.41831965155848,952.94054708290992
2020,5,TO,45.922222222222224,26.63982679477013,25.351596221231155,79.732491176057849,73.54784500552374,978.8658649382503,978.37335786612084
2020,5,SC,65.436363636363623,15.637090976543458,14.355746904084661,78.538214280746047,72.798321282542631,946.07787635799446,945.59066331339147
2020,5,PE,100.37499999999999,25.349462526820489,24.174146945864198,76.111556115867316,70.8949078231316,964.36455692870459,963.87748006366633
2020,5,PA,202.01818181818166,27.063708588010222,25.994569367848623,82.202191372616284,76.945790782459881,997.4562042320872,996.62801641858334
2020,5,RO,107.4666666666667,25.237099064866467,24.105659646427924,78.558391947610957,73.2344395936077,979.80393746462948,979.29098566308232
2020,5,MT,56.292307692307688,24.55256610824841,23.205921827476583,76.63414314938089,70.881286288928337,969.39704930916162,968.90967031136006
2020,5,AC,78.15000000000002,26.88693740637909,25.153876229594225,82.417258159925964,76.221693476829728,990.88177163179421,990.26457900888261
2020,5,AM,255.19999999999982,26.9406434147596,25.949308563762784,85.957709184084649,81.56045297931945,1005.8050235112665,1005.1495616226858
2020,5,MA,56.449999999999982,27.818179786449814,26.66826199597212,77.56516548079847,72.613814657953014,994.99471778054328,994.45786459215458
2020,5,RJ,122.54117647058824,20.029134893299773,18.805960151212428,81.342501962073328,75.156920161020849,983.3415260308775,982.77205390359438
2020,5,DF,123.60000000000005,20.35585266030014,18.91885402455657,76.48867667121425,69.957980900409339,898.11798090040872,897.68436562073543
2020,5,MG,40.793103448275872,19.79221028437718,18.391930510340796,77.253128408692064,71.326580398032476,933.54672270891251,933.08565644148223
2020,5,PI,36.338461538461544,27.252277133618747,25.950751084091202,75.131457223029841,68.90545853273818,980.61706733910023,980.10189729897934
2020,5,BA,104.53124999999999,24.234426856464165,23.189730227181741,81.344669175712838,76.548686483845728,973.00839609726813,972.5340509511658
2020,5,SE,188.13333333333333,25.529064534110109,24.497014780450957,87.011136284628634,82.334043785937254,993.87143992519862,993.41638283525731
2020,5,RS,152.97142857142853,15.90951507045734,14.641154146095539,75.118377016317254,69.6374883089803,978.26559166379775,977.70647073041721
2020,5,GO,21.383333333333336,22.525839347371438,21.068339616601573,71.1267717110573,64.637183617187361,938.43246067026,937.97429414423164
2020,5,PR,88.391666666666652,17.636743354944393,16.124293862756179,71.153804424970289,65.368526922523429,946.74437182169254,946.07158524680858
2020,5,ES,45.822222222222223,23.146327472092889,21.70872010423609,73.217886295202135,64.255754795772319,990.62637014339589,990.11588073728171
2020,5,CE,101.82857142857142,26.56396691703209,25.413209254113667,80.512238721106783,75.146028512046385,985.76930494652606,985.27448041939829
2020,5,AL,158.1333333333333,26.432549363957538,25.348994055194066,66.6999051678127,61.341045663302211,1001.9275709338035,1001.4356535387301
2020,5,PB,159.13333333333333,25.432129748088574,24.40321269739734,82.10130742418508,77.2752982989778,971.414691387841,970.93245219818732
2020,5,RN,129.19999999999987,27.695123642891176,26.558432600961222,79.833243475710489,74.31453654273416,1004.5414188861278,1004.0281992306254
2020,5,AP,297.39999999999975,27.21934762393381,26.204678247718007,86.498427446076221,81.561018298809358,1007.088633387845,1006.483663208919
2020,5,RR,289.39999999999986,27.466666666666651,26.294623655913945,80.306451612903217,75.012096774193552,1003.6146505376346,1002.9599462365589
2020,6,MG,8.2163934426229535,20.220362057580147,18.67906070039713,74.595532163578326,68.48195541053606,934.19447973874048,933.74704531123984
2020,6,MS,62.060869565217409,21.586846913878347,20.332231358640392,76.585939994011,71.594984476343086,971.91041157262646,971.40559805531177
2020,6,GO,0.675,23.267723872931594,21.613030508900721,63.451282937047736,56.989141233279753,939.22568107688346,938.76951998471009
2020,6,PA,69.0909090909091,27.06366324867361,25.851540606596341,76.80808020078311,71.262547443848078,996.59475262197611,995.80024263414055
2020,6,MT,1.2235294117647055,25.449329930222017,23.859346203156409,69.088797556678031,62.944373394721062,969.02887871370376,968.55935872320731
2020,6,RJ,21.258823529411764,20.712309080253881,19.457533319100303,81.2221422532667,74.969458426947284,986.204128877567,985.642660780324
2020,6,BA,83.981250000000017,23.191892246565445,22.031693943374,81.4555650476441,76.117458952533354,974.42537579182317,973.980208264791
2020,6,PE,81.3333333333333,24.093759236684878,22.832351085769915,75.8121025657754,70.171890851645955,965.14967671940576,964.70012240187191
2020,6,PI,11.423529411764708,27.160299946029983,25.707123706533626,66.387371515328724,60.365795186991562,979.74234201732088,979.24937600250792
2020,6,ES,37.960000000000008,22.906420791068605,21.44295757601655,75.121573153778357,65.455872716241842,990.32911074256538,989.85379712288557
2020,6,RN,118.59999999999995,27.550138989302233,26.2500784324483,74.123247087676447,68.348992167511156,1005.0361508332562,1004.5407297784112
2020,6,AP,268.5999999999998,26.713333333333342,25.689236111111093,87.120833333333366,82.336111111111165,1006.9922222222224,1006.4238194444449
2020,6,AC,44.333333333333329,27.493942858900159,25.354628108766263,84.915024392779614,78.201681014400023,990.36799637523745,989.80132157945934
2020,6,DF,0.0,20.222361111111116,18.615194444444437,69.866944444444357,63.065555555555562,898.92908333333514,898.51138888888738
2020,6,SP,71.882758620689643,21.222734005706332,19.791567692138916,73.087744794898867,67.26594772028109,953.59842188386881,953.08592539109213
2020,6,SC,173.03809523809514,15.661403796369459,14.748232836290169,86.843171549371533,82.999156601705863,946.48657425381873,945.93075013468092
2020,6,PR,125.03333333333337,18.594011057589242,17.467193848180862,79.997567742249018,75.652153899738167,946.19494107908258,945.5502192446454
2020,6,RS,186.50731707317078,15.417521333391877,14.475148286894033,82.564009093737909,78.829151909285144,977.72926080667378,977.10774053889509
2020,6,SE,213.46666666666653,24.39587256418606,23.299983249480114,87.461845099902391,82.09921380967775,994.96384899638235,994.54114771640377
2020,6,CE,22.275,26.369963668845696,25.074554252356855,74.055410937447164,68.527514163443229,986.16306623254241,985.70323280613979
2020,6,PB,81.028571428571411,24.322165568559182,23.22437106622564,80.5909268512933,75.540309150142534,971.95728263367494,971.52018965421871
2020,6,MA,9.8222222222222211,27.294211699592118,26.016091527839205,71.8920241780923,66.807009128212727,996.45424756130524,995.97342940070735
2020,6,TO,1.1473684210526314,26.004622605904654,24.408672847807406,71.702138582355246,64.798410548497543,978.95428312034,978.49272087874772
2020,6,AL,126.59999999999982,25.387242249565826,24.225228993459712,68.402946995537945,61.619770883394033,1002.9734589199278,1002.5107070077228
2020,6,AM,136.62222222222221,27.401210784495749,26.237755933528828,83.009584521903378,77.723605908781508,1005.7886353908196,1005.2117823489194
2020,6,RO,7.3999999999999986,27.16791666666667,25.751952495974251,71.647061191626392,64.959983896940443,979.36206723027374,978.840563607085
2020,6,RR,379.59999999999974,26.641250000000007,25.434999999999988,81.647222222222325,76.106944444444437,1003.5706944444453,1002.9363888888889
2020,7,SP,11.103703703703703,20.935221229253919,19.291128622689552,65.7828282563696,59.407788964928322,953.94256980606428,953.45778559386019
2020,7,SC,120.60952380952381,13.903434851403368,12.86002456784621,82.9450949707462,77.6579548454177,946.6462866415477,946.08967659833252
2020,7,RO,0.99999999999999989,28.39379661919984,26.700331783396305,56.539039039039025,49.947847040588975,979.03365906228782,978.51121403661682
2020,7,MT,1.1,25.8619466946703,23.9976748486906,57.399453965154805,50.82191905907144,968.71198838186444,968.22893712962286
2020,7,BA,66.117647058823508,22.660512954584764,21.362824544005615,76.136359304447993,71.875842631932827,974.62500398517534,974.17095423646765
2020,7,RJ,44.847058823529416,20.499635397337723,19.22330236721222,77.945260711657653,71.649450976209408,986.32297292613953,985.78317279492467
2020,7,RR,268.2,26.824580152671736,25.402748091603044,82.374045801526776,75.82137404580152,1003.0048484848488,1002.3639393939393
2020,7,MG,6.3540983606557369,20.275435424980536,18.610136698655722,69.363439925592289,62.819797314709604,934.01668420486919,933.58014746993217
2020,7,MS,5.1466666666666674,21.259775289047006,19.678079453557586,65.90799289797728,59.824499576871794,971.644014665121,971.14619338759189
2020,7,RS,161.98536585365846,13.102257257299282,12.012539449294765,79.846125684603749,75.0575704895971,978.17397418336316,977.55549447833141
2020,7,SE,67.466666666666782,23.802676871894224,22.555420912995871,84.0153861042438,77.850619216776238,995.44676717482241,995.00661872876867
2020,7,PI,1.5529411764705878,27.53621170893101,25.88555788270752,56.027581966534136,50.261088506753822,979.46825364200879,978.9557569586583
2020,7,PR,30.558333333333337,17.353760872154322,16.008571585693772,74.671921980859821,69.3220908599628,946.42708485965159,945.80256224993718
2020,7,TO,0.058823529411764719,26.240792629121035,24.330229831118597,60.7549692468772,53.04857374295365,981.40496969747778,980.9254404796884
2020,7,AM,57.599999999999987,28.181586112267738,26.869039902823545,77.485872316819069,71.330986327893186,1005.3954811447633,1004.8286860240305
2020,7,PA,30.190476190476186,27.476641443553607,26.04628887751975,69.394906573153634,63.368186870120191,996.61056809093486,996.10045251902216
2020,7,GO,0.0,23.462315355058671,21.651180595529539,52.907970245346483,46.581007914619157,938.659733556163,938.19480410199833
2020,7,PB,80.366666666666674,24.02326268770398,22.778232082753561,74.5582111050121,69.313173638680738,972.13810502487115,971.69343695614259
2020,7,MA,2.0222222222222217,27.231287710174804,25.75544961920199,64.63370427657641,59.169285936450294,996.185169987309,995.69241973560361
2020,7,CE,21.488888888888894,27.125045856366476,25.563403569845821,63.978365446159167,57.960811066425904,986.0761234459917,985.58684988221034
2020,7,PE,44.311111111111096,23.511466216405406,22.185336935955931,71.576765313630958,66.05718025518442,965.39322767748513,964.93507348181413
2020,7,RN,78.09999999999998,28.070150532346386,26.527476729397939,65.610802572952139,59.547645728743852,1005.0293987957273,1004.5157567613348
2020,7,AL,103.26666666666665,24.669132595199759,23.367831173834265,70.646790173950265,63.671284416016078,1003.4208390295075,1002.9574165685543
2020,7,AC,72.13333333333334,27.124876066912343,24.875222489537016,84.2582558268042,77.3957994603156,990.26353756746926,989.68735576477479
2020,7,AP,119.49999999999994,27.182795698924743,26.045967741935481,83.491263440860109,77.89381720430103,1006.5754704301077,1006.0418010752689
2020,7,ES,76.685714285714312,22.897791595052347,21.49851969302037,72.824777839629164,63.85618476714086,991.75148954518556,991.2633021213976
2020,7,DF,0.0,20.186958859908597,18.4652594783544,59.299811777359487,52.692928206507112,898.6946490992201,898.27381016402251
2020,8,MS,64.928571428571431,22.514122177912324,20.864635606559013,57.381213649061387,51.571848881344039,972.51736860597759,971.94812860037655
2020,8,SP,51.02222222222224,21.027668754617252,19.378525409090475,63.349669871454623,57.370893707943445,954.78498259213154,954.22051901408145
2020,8,TO,0.45882352941176469,28.247460525343925,26.191866987579683,52.973537413970135,45.332506902076439,980.57115550578862,980.040053891879
2020,8,MT,0.8875,27.805817214551375,25.854312610815818,46.798351095399738,40.735469511409462,967.84921811670529,967.28935279086625
2020,8,SE,83.699999999999989,24.158641439205955,22.77954921422662,80.780108466801977,74.247741371531717,996.13211607389019,995.66226495726471
2020,8,BA,58.369696969696982,23.107255488546926,21.771743967835448,72.138358818919357,66.203814077765088,974.2992160730754,973.79757455759488
2020,8,PI,1.2625,28.756308185452298,26.971891655682882,49.2049852874787,43.707581032949392,978.33403789424665,977.75511728700326
2020,8,AM,41.133333333333347,28.801794275109426,27.474556783060798,72.4452408840553,66.43412886159274,1005.6228443686331,1005.0468577941375
2020,8,SC,104.40000000000003,15.677246415290409,14.54901342795579,78.923488669681021,73.852866771291332,946.55381119102572,946.00075862071549
2020,8,RN,7.0800000000000027,29.800185328514083,28.018295405257394,55.2792835170019,49.298707101870718,1005.1475574015736,1004.5499702622286
2020,8,PB,14.333333333333336,24.892482923162408,23.552258391345557,67.296661437395855,61.796072327352341,972.44375445305116,971.94145006046313
2020,8,ES,35.025000000000027,22.729261223823094,21.286714082072958,76.466978785120332,70.112810490661388,993.33605044786157,992.81418284120764
2020,8,RR,192.0,27.0375,25.719220430107519,81.596774193548271,75.529569892473049,1002.7254032258069,1002.067204301076
2020,8,CE,2.2444444444444445,27.635247437212669,26.072951802880045,58.020964904176516,52.342207506912644,984.85519225865573,984.32410203824043
2020,8,AP,102.29999999999998,28.137701612903236,27.006518817204302,79.61491935483869,73.959005376344052,1006.4009408602155,1005.8428091397843
2020,8,RO,1.0666666666666669,29.667211594565313,27.947600441777109,47.681368258731375,41.741758356255744,978.722255563891,978.15087417687732
2020,8,MG,10.843333333333334,20.722548525400157,19.077902095365946,64.128333532462676,57.971837859418351,934.0125772718726,933.52707499376766
2020,8,GO,0.069565217391304349,25.005290475113323,23.117019258877761,45.759642153252052,39.973643311393637,938.06201769608845,937.53898493108829
2020,8,RS,79.899999999999991,15.780871810375999,14.525999532802741,74.427961511074358,69.167790564063779,978.98557115724168,978.36565662833414
2020,8,PR,124.8521739130435,18.386870733663532,17.026232096006954,69.900754247345617,64.627644839642414,947.33888845268427,946.60920566456616
2020,8,MA,0.8666666666666667,28.178383166118241,26.662629818929585,59.36524449352514,53.917580709616395,995.8226104501847,995.28448817974765
2020,8,RJ,75.035294117647055,20.245735173756565,18.899338362002133,77.243555096426448,70.759576275408634,987.40285463757493,986.80927210542563
2020,8,PE,23.04000000000002,24.12272181223506,22.764701132031167,66.870030114493758,61.992334310221054,965.60402220100082,965.09241710240872
2020,8,PA,24.238095238095241,28.440396473769177,26.922108592615754,65.002840576350877,58.876776595747913,997.00775693951152,996.41610850549819
2020,8,AC,25.25,28.674364507935969,26.279300104108405,72.989714704851977,65.866133658513164,989.68894047810772,989.08068247150823
2020,8,AL,62.3333333333333,25.095182609165409,23.696338054407164,76.612364233372844,70.330539634849046,1003.84068164512,1003.3201384420167
2020,8,DF,0.0,21.560591814159281,19.886061946902668,52.925331858407105,47.223727876106217,898.1985896017693,897.72331305309592
2020,9,MG,11.842622950819672,24.779080880026417,22.935079107838881,53.580357833320562,47.421657025672019,932.66589169601627,932.13720632129252
2020,9,SP,16.682758620689654,25.635768407973,23.856104780566405,56.388668285856333,50.335588682199607,951.52391372613931,950.96564090663878
2020,9,BA,27.100000000000005,24.882376359963963,23.387598302477631,68.32777497521397,61.965918822074393,973.15349366214048,972.603389292275
2020,9,PB,25.633333333333336,25.706793112725315,24.353379069141781,65.83582189938123,60.42839655636265,971.82595574387938,971.28277912294868
2020,9,ES,53.359999999999985,24.180829821653944,22.690755147430369,73.745327107297243,65.0703063596328,994.23018526427859,993.70678628348412
2020,9,RJ,122.12941176470588,23.380786630083687,22.068729244128832,76.901329336961084,70.425102116033159,982.92873916703661,982.28274669276516
2020,9,CE,1.2444444444444445,27.277742070676226,25.90090488158048,62.341955767290962,57.431263120406911,979.12983561325916,978.553927211109
2020,9,AM,72.177777777777791,29.126916139919068,27.797484438814642,74.157525091743793,68.036557889672309,1004.6733644928206,1003.6360568407405
2020,9,TO,7.3875,29.965631346654497,27.903458309162804,48.381837057239395,41.127378022900167,979.45371499124553,978.85146600695771
2020,9,MT,11.846666666666666,30.372429116890643,28.361843555297813,44.195091579604984,37.958377055374015,966.00942535952845,965.39946931554857
2020,9,AL,18.333333333333343,25.846227067639447,24.326889267549852,69.904844880995469,63.149241312416009,1003.4424439851572,1002.9017665945736
2020,9,PI,0.45714285714285713,30.168596238122664,28.426946050941133,44.8177138190253,39.645983426987904,977.33540489146822,976.71354514894267
2020,9,RO,14.499999999999998,29.183055555555541,27.603472222222216,53.972916666666691,47.9951388888889,967.81541666666658,967.19763888888929
2020,9,DF,158.40000000000003,24.509382853951404,22.69246020664621,44.249858996051849,38.375070501974086,897.2791957553743,896.77070650656287
2020,9,MS,13.446153846153846,27.021506304175119,25.181545122187188,54.600262529862192,48.36773822939432,968.81844314167893,968.27169652367752
2020,9,GO,13.076190476190476,28.367435668272897,26.394897984862524,37.783032826369244,32.251757503676451,936.90800489249091,934.87758142575422
2020,9,PR,24.285714285714285,22.585080845629744,21.075914186862793,66.296170330358777,60.276811579014364,944.23007189346413,943.5095190208574
2020,9,RS,124.57619047619048,17.034019763359339,15.92263900241807,78.885884245483751,74.301518527703891,977.14608028733755,976.42463475942714
2020,9,SC,86.381818181818176,18.182174924570685,17.169058714858373,81.5784757520514,76.730004816636352,944.56848935027438,943.98884650141713
2020,9,SE,42.000000000000007,24.326180555555553,22.940868055555541,76.939407343987824,70.8773687214612,989.94437499999981,989.45392361111135
2020,9,RN,8.0800000000000054,30.365485897535294,28.5416117990518,55.063804416604341,48.733540013739457,1004.9158264612521,1004.2792647250384
2020,9,PA,33.510000000000005,28.916326293609451,27.425678620715708,65.128497840484854,59.256861664756649,996.22053270124081,995.53733635626043
2020,9,MA,4.3111111111111118,29.496596598807475,28.029753733182091,55.686814792470479,50.448491255986376,995.01624730904189,994.41231528553988
2020,9,AC,89.75,30.457413274449557,28.280647241423452,72.415990285701213,64.262489578936453,988.32848822324615,987.49560883896584
2020,9,PE,13.420000000000007,25.31883787859535,23.881521228871975,62.151077989033361,56.8908672416225,964.97859113500908,964.4287543965155
2020,9,AP,51.800000000000011,28.538644525801942,27.37818485588102,76.753280450953042,71.295905973965574,1006.0931842747558,1005.5167965481176
2020,9,RR,71.200000000000017,27.963171355498716,26.444501278772361,73.250639386189278,63.984654731457823,1002.0820971867012,1001.406649616368
2020,10,MG,114.59016393442624,25.214305536619857,23.769908744907795,66.060519948584627,60.353485808403946,930.06192065294761,929.48007693527768
2020,10,MS,97.858333333333348,27.801509870122196,26.241135289793622,63.0690397686526,57.063479056318982,967.00660997027558,966.37895049293331
2020,10,GO,135.62,28.193121383825318,26.548509653293642,55.394905373069037,49.046768466389132,932.90276432151393,932.26861693519254
2020,10,PE,6.1999999999999993,27.868256078195053,26.293697410351061,55.97178355960812,50.38791514609963,962.93063640079367,962.34087121124412
2020,10,PI,27.928571428571431,31.142722550797,29.369253840293446,47.634283857641655,41.926135636326094,978.02924734078556,977.38079780124247
2020,10,PA,77.35555555555554,29.136469955943614,27.676675210918614,67.697388134375757,61.48511880976023,995.22051440111034,994.4614548666915
2020,10,MT,84.352380952380955,29.230174582746532,27.58288471100181,62.998656932089169,56.38777304056093,964.05441432663315,963.34431647941858
2020,10,CE,3.0444444444444434,28.530284708691159,27.035862690737929,61.426156225766242,55.703085009799963,977.558952641629,976.96283432898292
2020,10,PB,6.7666666666666657,27.259547959523022,25.900818130710896,63.602011972065227,58.178624875291,969.9964244144619,969.42819215481325
2020,10,ES,174.25999999999996,24.598347524413704,23.4444494046936,78.403351593242988,69.993944118176117,990.79819956627455,990.22330014103125
2020,10,AP,17.8,29.219537250384029,27.985576254238769,72.668769744659883,67.153167840477636,1005.2660777686004,1004.6737044604824
2020,10,SP,73.376923076923092,25.668778397599294,24.055785044003809,64.046266941315466,57.921768097924158,948.90863351454755,948.31025049549385
2020,10,TO,93.173333333333332,29.734831321005821,28.068214852833606,62.916810029697537,55.839655457680024,978.10003909460011,977.42369611713923
2020,10,SC,63.371428571428574,19.848469744192784,18.649683274414095,77.824117869101087,72.057851553322067,942.39686625630623,941.8250193254438
2020,10,PR,83.164705882352976,23.126203033644508,21.616224638322208,68.034289858499392,61.598486215695246,938.63388590588443,938.04476533552531
2020,10,RS,63.317948717948738,19.874825367592916,18.559907485394316,72.869057880832159,66.987399538128884,975.3224147053636,974.68727244836919
2020,10,SE,15.3,26.537600806451611,25.117137096774179,72.320931335775114,66.715613646058586,987.40053763440824,986.840423387097
2020,10,RN,8.04,31.232771653339043,29.420664283984753,56.848802051383615,50.334294863581825,1003.5101656594749,1002.8487300710799
2020,10,MA,27.93333333333333,29.501738185175181,28.236707576834071,62.528681923624383,57.560003337629809,994.01075038820284,993.37686022375806
2020,10,BA,60.812903225806458,27.052523869632608,25.601949372221352,66.229434484430854,60.324931604829736,970.846521052527,970.24435050850582
2020,10,AM,86.857142857142861,28.333787487897091,26.890876410945125,78.33533806032878,63.811978980283669,1002.92822121712,1002.1871223433687
2020,10,RJ,154.34117647058827,23.395458574237665,22.274519207139182,79.097165387281123,73.0871806924006,980.1470249663156,979.46531659113339
2020,10,AL,,28.341601458532956,26.770042851059291,66.5098612935085,60.140373847495049,993.21252661556468,992.60208799105715
2020,10,RR,,,,,,,
2020,10,RO,72.2,27.41021505376343,26.036693548387106,69.115591397849457,62.911290322580683,967.3249999999997,966.61102150537613
2020,10,AC,142.50000000000003,29.407982910906295,27.284696620583713,80.058769848226788,71.752812353903693,989.2825268817204,988.54904953917048
2020,10,DF,777.80000000000064,24.727124724061792,23.2156456953642,63.188430216231367,56.922493681550236,895.18667218543146,894.61752207505526
2020,11,MG,134.6,23.609009025863813,22.242011671064535,74.91117902490754,68.36305651944609,929.531000722177,928.9510244470988
2020,11,RS,72.544444444444437,21.5029179810274,20.071786106554068,70.395162784672891,64.364475083817638,975.81164353920872,975.225298653495
2020,11,PI,83.600000000000009,28.440809772072754,27.11357912808327,67.715624559456984,61.503622225188742,978.22667604532842,977.63959509929441
2020,11,PA,227.44285714285698,27.70935493516054,26.513800053638779,76.7877324892612,70.888610263882271,994.42564265361659,993.73751262445273
2020,11,MS,58.504347826086956,26.980689490713885,25.346684896563385,62.169611091815575,55.55050505717756,967.44046614347371,966.84158364869813
2020,11,RJ,228.38749999999996,22.914780155064175,21.812073202879851,82.43548430759401,76.341348568261509,980.297098176433,979.684079364197
2020,11,SE,29.849999999999994,26.404114474339803,25.087799078226212,73.63940747921427,67.444844576446769,987.451562531141,986.92570204284982
2020,11,TO,112.07142857142856,28.039427678332586,26.655806610934615,74.7179845445539,67.674185984158129,980.06501926416183,979.43428650263866
2020,11,PR,88.047058823529412,22.974560217287991,21.392469875533088,67.137912615584142,60.27668949828778,938.92089684462258,938.3469107205799
2020,11,MA,163.95999999999998,28.039645110346342,27.050743873361036,74.164212663216063,69.509618302478316,993.89763993492625,993.29916414041168
2020,11,RO,236.99999999999997,27.530486111111106,26.242638888888884,71.407638888888926,65.284722222222257,966.75687499999992,966.09673611111089
2020,11,RN,8.72,31.705065739671891,29.879551714169629,57.078041804050628,50.542635639786987,1002.723592945614,1002.0964495302539
2020,11,AC,111.79999999999993,29.116441197691202,27.158041125541121,80.310551651815317,72.87940444591905,988.62437815656563,987.92898674242429
2020,11,AP,308.19999999999993,27.555564537938505,26.518918250656803,83.1749092103229,78.329907471797327,1004.8693665971256,1004.2586724424356
2020,11,DF,874.4,22.657334092851048,21.332070635146717,77.86442608943311,70.95413105413094,895.00552549131328,894.45912845343116
2020,11,SP,86.818181818181813,24.851163330630879,23.189116435617422,64.877670770930592,57.929309211537849,949.333941254648,948.77490329149316
2020,11,GO,120.34736842105264,25.297180978882622,24.754081229159151,64.953567618237386,57.277424841682837,933.51509431356646,932.89860849902823
2020,11,MT,99.070588235294125,28.448581997078065,26.882260269487865,67.047898380700417,60.036481802413981,964.06666410192088,963.3994158465199
2020,11,SC,139.90999999999997,19.827987469418318,18.587297445505531,78.084832424563515,72.021862663856183,939.39211711825146,938.85210319353735
2020,11,BA,139.42962962962963,25.605501979603734,24.369726913858532,74.7875679653783,70.51971213016644,970.06016261604748,969.50933452051436
2020,11,PB,27.6666666666667,27.250884006018772,25.972955464093925,66.522413996577569,61.027895055172,969.5277409718534,968.99107688676486
2020,11,PE,61.822222222222237,27.715437676340514,26.171124346446877,60.552631659272713,54.586949858148778,962.3511871124598,961.79592256699982
2020,11,RR,,,,,,,
2020,11,CE,26.575,28.272644078786374,26.947305676774459,65.630414489406633,60.330534325190513,976.95915093322617,976.39778135407653
2020,11,ES,88.92000000000003,24.316515715005728,23.151052782406119,81.919946874978621,75.958160473343,990.80943347797916,990.28843406255635
2020,11,AM,181.56666666666661,28.593632833655704,27.295881842720149,79.074590416320618,72.856169651192914,1002.5656978151986,1001.7988569781155
2020,11,AL,3.7,27.659374011715048,26.221411963526741,72.159077945309122,65.588156256386171,997.20019969107329,996.67132787766991
2020,12,TO,121.33333333333331,27.446593168352088,26.019134838621518,78.624321127285128,71.350261526992583,981.30676238480362,980.67291606544893
2020,12,SC,183.6434782608695,21.741798694091369,20.607899129422059,82.975820502370524,77.2654545125921,937.45168278679262,936.91892277900934
2020,12,CE,23.822222222222223,28.183577751108473,26.878856549113369,63.950251829299567,58.779242565564033,976.9885020895407,976.45626037523471
2020,12,MA,63.259999999999977,27.805072588003156,26.760652015419748,76.414323865136737,71.653633966962545,993.85556165320679,993.26699300211135
2020,12,MT,115.52499999999998,26.940716305276048,25.545657561349216,77.108146385772827,70.553738095663974,963.51706530794866,962.85010101610351
2020,12,ES,128.56666666666663,26.650364574333476,25.198591673604291,76.771410780310219,70.624972656734059,989.53154273072118,989.02987522389776
2020,12,RJ,344.32941176470575,24.861592331659693,23.740324203869523,84.118079634322669,77.764031673614,978.43461504701384,977.868645926903
2020,12,PI,26.630769230769239,28.399341433993715,26.949558146862103,67.900607031992465,61.424834827680982,978.0223421273945,977.44618721619327
2020,12,BA,13.866666666666669,26.960199658826554,25.455254612466874,67.060637727109793,60.871592470761826,969.337753506966,968.82026584664141
2020,12,AL,9.6666666666666625,28.2796742045177,26.739834912562127,70.722582665412077,64.21302116583324,996.83398941329983,996.33729681869193
2020,12,GO,167.65833333333333,26.303863974674456,24.833638494448326,72.446473240196823,64.916501478486,934.84172695281427,934.2349445191029
2020,12,RR,1.0,29.213186813186816,27.745054945054939,69.230769230769226,63.164835164835175,1000.2978021978022,999.57362637362633
2020,12,PB,9.7142857142857117,27.37593179028784,26.044779195516757,64.907317887440286,59.281990791129239,969.56098734841657,969.04550218450163
2020,12,MG,211.88888888888883,24.292751922094524,22.93823013708349,77.791406585004353,71.071579377815141,929.69120261870432,929.15199302017925
2020,12,SP,149.92727272727271,25.387525883339038,23.965931096247292,77.998772589399408,70.966233191650289,948.21942810836833,947.63910804458385
2020,12,PR,138.84210526315789,23.749752229061915,22.363780128098767,78.510943650364553,71.801294757548362,937.59354714693222,937.01924472855512
2020,12,RS,96.395000000000024,23.38753897758421,22.00524527357279,73.199268389900723,66.961220986515585,973.24900141961234,972.65860703638191
2020,12,SE,2.6399999999999997,27.041008752862073,25.614183911543922,69.025752352674786,62.929023870632236,987.19774345709061,986.71300227516463
2020,12,PE,15.015384615384619,28.1549038514338,26.565199604208061,56.205020218963035,50.461633663101857,962.26459997954248,961.73763167256106
2020,12,PA,132.65263157894736,27.292371752660483,26.119790482377852,79.380234292168382,73.583583242459966,993.843825247716,992.92607117067894
2020,12,RO,173.8,25.987029569892471,24.838440860215066,80.180779569892451,74.856182795698913,966.91008064516132,966.2551075268816
2020,12,MS,92.793333333333322,27.27943294635174,25.839607939285173,74.859755114598286,68.390575079391311,967.46827383312484,966.86326602145982
2020,12,AM,153.26666666666662,27.293085596251775,26.23337549164858,83.909144743421422,78.967037452412029,1004.2577746185372,1003.5592182516159
2020,12,RN,5.0399999999999974,31.96390001725031,30.092417158300272,55.325130067276184,48.729865332643328,1002.8976820251855,1002.2790887068026
2020,12,AC,217.39999999999986,25.860573859632993,24.674079052170445,88.518536703643065,83.208114606696213,987.44987937689586,986.79030266825964
2020,12,AP,75.400000000000034,27.569496671232685,26.475614754098359,81.577077165539919,76.3886501553915,1004.9151506782732,1004.3275033876834
2020,12,DF,1089.8000000000006,23.370002757099567,21.915384615384621,75.593103448276082,68.191999999999965,894.84616657473828,894.31745725317023
2021,1,MG,123.66440677966101,24.845359225946186,23.352905374593149,73.17636699016775,66.114468706969575,930.83299918240516,930.32769901076745
2021,1,BA,68.018181818181787,27.097968457816179,25.586267335967339,67.974848248672245,61.63041989614463,968.930346374252,968.42127191486145
2021,1,SE,50.95,26.235182131847225,25.143970623849661,75.343322003254144,69.82913972449137,987.34006090768185,986.91563716942744
2021,1,RN,25.099999999999994,31.380905312254665,29.559071380413418,58.227194216300283,52.057971853448684,1000.8686455690938,1000.2955717735415
2021,1,MT,166.43333333333328,26.256105593446382,24.923998488255052,80.046190885436474,74.020575114884139,960.62126344876333,959.97785084479892
2021,1,AP,203.1,26.531506879418188,25.48162126651615,86.703407787112738,81.872501758022111,1004.9173214913579,1004.3403476488766
2021,1,PR,243.39999999999989,23.717249279038551,22.544579769050472,83.62416931986327,77.849730754399488,937.7747184550509,937.2113148196571
2021,1,SC,272.58181818181794,21.917800622466416,20.941771530884697,87.406426419763022,82.583147861454989,937.63244100898032,937.14482392705372
2021,1,GO,194.29411764705878,26.25334163114908,24.716363306457872,72.080550539854769,64.292234764256037,933.6854492931385,933.11365613745761
2021,1,AL,55.333333333333343,28.013630721266445,26.521218436202446,71.623969368205337,64.814552798115841,994.78827253581642,994.300753633757
2021,1,ES,33.230769230769241,26.807497068758437,25.119701294291602,72.08161249024306,64.76738792983933,987.88204169278583,987.409449211837
2021,1,CE,68.350000000000009,27.530519361838575,26.387823813882139,69.0325197619437,64.154910805356181,976.68920821356255,976.17145049690566
2021,1,AM,280.71999999999986,26.759877250037039,25.735543525192597,84.855658155012009,80.0801230193533,1004.1670295204109,1003.4669185048951
2021,1,RO,199.0,25.614314516129042,24.496236559139781,81.334677419354833,75.93682795698922,967.07614247311756,966.44375000000025
2021,1,AC,304.89999999999981,25.95951604105624,24.88560041755435,88.074335196023867,82.681585351368724,987.92122454536627,987.21588081730624
2021,1,RR,24.2,29.583412322274878,27.700000000000006,66.052132701421854,58.18009478672986,1001.9146919431278,1001.2080568720379
2021,1,PI,79.774999999999977,28.22862585248167,26.829481376422979,70.477297742117,64.341534551969147,976.22064655749523,975.63372645722666
2021,1,TO,95.035294117647027,27.510493677470752,26.026052288035505,79.054515933493818,71.554735702098213,978.68502404657966,978.03797862929707
2021,1,RJ,126.0190476190476,26.115795531094875,24.743482864257704,76.187558197334766,69.200195512221043,972.49036336067479,971.96177164188919
2021,1,PB,18.120000000000008,27.578423472066088,26.313762340208516,65.502031159212152,60.15554703998037,969.01685047612591,968.51852718621319
2021,1,PE,27.311111111111114,27.448868840642081,26.017022844536772,64.4298803291542,58.2115850563309,961.98078276110436,961.500011231887
2021,1,RS,198.67179487179484,23.756193907338982,22.5137552871445,78.485857205945422,73.0419093440695,972.04989516318312,971.47420762114245
2021,1,MA,132.88000000000002,27.122938486432737,26.12146581118332,79.425423266758486,75.008766012363111,993.90758166172941,993.30543788027614
2021,1,SP,163.33043478260868,26.029089948451514,24.628987796801351,77.786751992210768,70.683980929642914,948.46484093643789,947.93769305725368
2021,1,MS,260.17999999999984,26.107701801210368,24.900988370143228,83.871778591498767,78.2140639789675,968.33895778250644,967.73536051032852
2021,1,PA,250.12222222222218,26.703148235697022,25.57324367167211,84.167281220166714,78.585369079458616,993.06874805438076,992.08622899250781
2021,1,DF,778.2,23.194154193730565,21.651341428974959,75.95227336910456,68.099406947190261,894.776949152542,894.26491525423683
2021,2,MG,266.35806451612893,23.680258046540036,22.424557135362818,81.428966950239484,75.36787867230295,929.98015983100368,929.4323961370842
2021,2,BA,61.659259259259265,26.832119890884677,25.439012046518343,71.75570833208846,65.595145755950412,966.42626116289762,965.84417860383985
2021,2,SE,8.53333333333333,27.588033121902598,26.559578485240255,67.513840382983147,60.981101350933656,986.13812904007716,985.602731496445
2021,2,RJ,199.2190476190475,24.609026322531832,23.406321485364636,82.878498957127,76.2601752208935,973.11783809105361,972.53624472125148
2021,2,AL,0.2,29.110681905959133,27.480595186388665,67.339579378985064,60.120698128439031,994.19352143865706,993.64332470805573
2021,2,MT,232.090909090909,26.056617789015256,24.777069763114522,80.415621728014941,74.454321618830861,961.17096576868528,960.51397167308733
2021,2,SC,91.8952380952381,21.920449355757526,20.616334985286798,80.622821221183784,73.99063786658408,937.488955319758,937.02750630162734
2021,2,MA,309.64999999999992,26.991853992913118,26.080561286283476,80.679875428667913,76.588458577502351,994.636873016023,994.00360084630518
2021,2,TO,217.93749999999991,26.118951342483264,24.901734181989127,87.226670525218381,80.905591876206856,978.00467180737007,977.32641599517024
2021,2,AM,166.1333333333333,27.62270238633155,26.540901880134466,82.099435075410483,76.922201326933475,1004.5841289091599,1003.8702863403273
2021,2,AC,466.99999999999977,25.914853182652362,24.890965330097565,89.842971586902621,84.885904966623116,990.70051652892607,989.9644572756788
2021,2,SP,103.73571428571427,25.293502944679716,23.794192278049231,75.1881372985071,67.797505710286231,945.570665727159,945.03696281944428
2021,2,MS,67.876190476190487,26.500315331151114,24.985582827847313,74.225936681209063,67.346678449701415,968.325799663674,967.7800266797268
2021,2,PR,61.011764705882364,23.294325892968018,21.714932872276371,75.267907509314782,67.7364605554683,937.71824598055855,937.20387828446337
2021,2,PA,345.13684210526304,26.294332588075353,25.245820569183252,87.182533703863186,81.96271236056856,993.33336411370487,992.36784555699694
2021,2,RS,104.08000000000001,22.708093097802344,21.384179408872914,79.616677565255173,73.418837411349884,972.49188746315565,971.98338552980965
2021,2,PB,112.15999999999997,27.023479168347183,25.79733586418757,70.943949477024,65.435240716840084,968.98221123726182,968.4297664421498
2021,2,DF,2640.3999999999969,21.88842073355567,20.645559260381933,87.061230675962463,80.837526523188643,894.35147014246809,893.79778720824231
2021,2,RR,,,,,,,
2021,2,ES,183.10769230769216,25.757942273920303,24.429506785416816,79.919025212442079,73.630600324592351,986.24520714444907,985.71158854962471
2021,2,CE,114.44999999999999,27.297134755518744,26.082724312420353,74.096618911155318,68.5613759039347,976.77117399092344,976.21758994659615
2021,2,PI,169.71999999999997,26.66006778961744,25.491419050213516,80.105362168275988,74.110788119897052,976.54428553890864,975.92940505832939
2021,2,GO,242.32499999999987,25.300077587963369,23.878564769780432,78.197101618511653,70.743803799099467,932.63949537883479,932.01793918941223
2021,2,PE,50.833333333333343,28.967045279162843,27.366402326980776,60.662769871378536,54.430570716229916,964.87885361666861,964.310813507364
2021,2,AP,304.09999999999968,25.755733648881236,24.857230708548482,88.871217010900722,84.646326376936258,1005.4647222819854,1004.8530488023521
2021,2,RN,15.733333333333333,31.170799195090108,29.370655012027932,62.382516848356317,55.870160475598979,1000.7256203266513,1000.0978019823631
2021,2,RO,246.0,25.523437499999986,24.481175595238092,83.671130952380963,78.680059523809518,966.92492559523782,966.27440476190475
2021,3,MG,87.864406779661024,24.166771883294391,22.666620950440723,75.475820256118652,68.176743391968159,931.35149277032656,930.84899499454411
2021,3,GO,100.52727272727272,26.032106411711904,24.458114727407164,70.762821657838089,63.016163920364242,935.57454643183632,934.98635684208136
2021,3,RJ,129.40952380952382,25.140382321937111,23.849667418641925,80.992229986848216,74.0859508443864,974.38418096846692,973.81156648427918
2021,3,SP,102.272,25.576148413831284,24.088735322629333,76.158012086863636,68.703850970293544,947.715733413048,947.19235142046216
2021,3,PB,106.15000000000002,26.4415180941237,25.271005572808075,76.131886660535841,70.322582204360174,969.42370859235075,968.87955339736311
2021,3,MT,149.39999999999998,25.740266217838258,24.491232194248024,81.293976531822082,75.652780211641456,963.73696731791392,963.10213718138448
2021,3,RO,220.10000000000008,25.237163978494628,24.143077956989252,82.528225806451573,77.4186827956989,967.67466397849466,967.02802419354794
2021,3,RS,130.955,22.169550552768985,20.966027556762345,81.4266890426413,76.186312477005941,973.34859378222143,972.83617091472684
2021,3,PR,121.0857142857143,23.492670531650834,22.045618526643025,79.322668913498248,72.4534198005291,935.86080745368838,935.33627746108448
2021,3,AM,228.83333333333326,26.945296557370579,25.886986879033717,80.966184002702889,73.194715332745872,1005.3415556960682,1004.5620320796374
2021,3,SC,136.71428571428572,21.815614120021834,20.681895086325227,84.265756193863268,78.806109074486926,938.15348225604782,937.6716700149691
2021,3,MS,81.529999999999973,27.010566545597079,25.468913213445564,73.533987895546844,66.757624741042576,969.34760178053637,968.79403997449731
2021,3,PI,132.45999999999998,27.245830384284343,25.971599818396403,76.311790608530686,70.096466759339393,977.67817348735525,977.01072841852385
2021,3,BA,19.808695652173917,27.654298889968743,26.011999991598636,66.184713876684668,59.059152617870794,965.27736426813863,964.69726764742506
2021,3,ES,141.23636363636362,26.389725686795732,24.814576467783208,77.910606373184038,70.461876826164726,987.40288611087158,986.88502430097992
2021,3,CE,205.17142857142849,26.613918012706691,25.572405721325364,78.747073012139623,73.797503813881391,982.64706174139428,982.06738235284149
2021,3,PA,329.92941176470572,25.736287624013983,24.748244442748515,89.033615057874982,84.193063729010561,995.07313533546107,994.14015962182339
2021,3,AC,265.69999999999993,25.703930888448369,24.6349984231393,88.997561589889131,83.813184968098454,991.19786035021343,990.4846676578361
2021,3,PE,56.35,27.992420807120777,26.456095589728612,66.036979795777526,59.239345262993773,965.43236412143312,964.84553973542415
2021,3,AL,33.533333333333346,28.50936655448368,26.947287091167397,71.044868921060527,63.339230831028047,994.47314601996572,993.93209222507608
2021,3,MA,286.99999999999983,26.778703796859418,25.735305798173833,83.210922892231849,78.623324078360611,996.25402522773209,995.579388109906
2021,3,TO,109.17499999999998,27.234979743643667,25.804066727205281,78.767155565122977,74.965435203344683,978.669101038514,977.9986489755172
2021,3,RN,17.333333333333339,30.083634429284942,28.409519710730429,68.875548241594927,62.1139786891974,1000.8503822329276,1000.2146580259561
2021,3,AP,382.89999999999975,25.857218075179958,24.952151093041849,87.91170132409141,83.607665733582138,1005.7169110459436,1005.081790411446
2021,3,SE,47.266666666666666,27.088695721099235,26.121311057684835,69.086456376100088,62.266519282568943,986.68476028196642,986.16308116645678
2021,3,RR,,,,,,,
2021,3,DF,539.19999999999982,22.633975054229939,21.171936008676738,76.1404555314532,68.870932754881025,895.54888828633443,895.051220173534
2021,4,BA,81.284615384615392,26.464706920334542,25.054235030651,73.666041786347989,67.031513931362866,965.31272326732824,964.73861795146672
2021,4,GO,66.252173913043492,25.440284494774602,23.855377636340684,67.026719754861745,59.637494280348847,936.55690237852957,936.00170943686282
2021,4,SP,31.048000000000002,23.013027768753879,21.468889770819832,69.630150977372168,62.76425735499442,949.74930101241785,949.27409959095746
2021,4,PB,94.399999999999977,26.640185558542409,25.4225543234767,77.081108124253291,71.206319071087208,969.800851441159,969.26114807347653
2021,4,AL,35.066666666666677,27.610937709059819,26.228507352847977,78.768522062628151,71.287705293293328,994.946694913198,994.40808240903834
2021,4,PE,110.93999999999996,26.990562014977066,25.589430221608037,72.636047515510555,66.128757428057355,965.97139638293811,965.40845586917294
2021,4,AC,74.599999999999966,27.33445436507936,25.897698412698418,83.470039682539692,76.582440476190456,992.23829365079359,991.45564484126965
2021,4,AP,236.10000000000002,26.351127944876794,25.459248532206519,87.9155718820669,83.699366168023943,1005.5076245633778,1004.862782384356
2021,4,MS,18.177777777777788,25.274754613376921,23.692689398739589,66.962118070642362,60.498134385814545,970.530763210328,970.00240794777881
2021,4,MG,36.549152542372894,22.525987296152625,21.049298848703589,73.702582242686518,67.179520784910522,932.280814040905,931.80871452763824
2021,4,PI,70.36,27.795805765597294,26.420261539191245,73.4668974680134,66.764714166538752,977.75229446262392,977.145273625082
2021,4,TO,79.585714285714275,27.71882807958778,26.144654319684427,81.738067547312852,75.370006267445177,978.45684867835814,977.8131977551252
2021,4,ES,51.7,24.636686001448954,23.12591614373131,76.282262375260828,68.507597969172153,988.93556994716641,988.44133596519168
2021,4,RJ,108.98000000000002,22.058462415052183,20.7806543581892,80.8557223778757,74.071258321148036,975.23315171205707,974.685309255397
2021,4,MT,70.672727272727258,26.33028361633448,24.990102004039461,76.69462937771695,71.022059384233415,963.36968364066536,962.75926281175509
2021,4,RS,40.405,19.918292833387682,18.689605216668657,77.531471106395941,72.06066977470104,976.34928767205622,975.87667830124451
2021,4,SC,40.647058823529413,18.602573463339045,17.400919512030914,79.652069572656913,73.988368471422589,937.17460052748,936.76160280458907
2021,4,AM,136.82857142857139,27.542371369644947,26.457130998840306,76.795811665375055,70.631673720400627,1005.2217040484675,1004.4570078846987
2021,4,MA,132.20000000000002,27.445615974064253,26.341760702180959,81.390626381520775,76.414159666961439,996.1177647914825,995.48523702291516
2021,4,PR,19.816666666666677,20.135378901961946,18.615377005665035,74.787562447710656,68.249176620606278,935.92283942238146,935.46608151637656
2021,4,RN,37.13333333333334,29.999010036702153,28.356245272688934,70.49246001953135,63.304961574684725,1000.8648335349818,1000.2443078946574
2021,4,CE,155.0333333333333,26.583902270802934,25.507562734648392,78.742222795074255,73.762606734005686,982.88131019472678,982.34050805320192
2021,4,PA,221.25333333333322,26.786210074951022,25.668142905248484,87.3453905702463,81.72995434236833,996.43498951634911,995.48808460055682
2021,4,SE,124.26666666666665,26.895110278710458,25.37539441625362,78.752450548374469,72.255333186447345,987.18039006280537,986.65858801918068
2021,4,DF,497.79999999999939,21.817838288413487,20.370352875798826,76.5573770491802,69.476799110864008,895.99897193664833,895.5197277021399
2021,4,RR,,,,,,,
2021,4,RO,114.20000000000022,25.662777777777769,24.516736111111108,80.336111111111023,75.088888888888974,968.29236111111049,967.67013888888891
2021,5,MS,19.826086956521738,22.732380853137194,21.175561829397353,68.479744512475619,62.420225084076719,974.56968578051669,974.06838402285268
2021,5,MG,12.529999999999998,21.605917741730778,19.985273370918488,70.293735463450858,63.664107817132745,934.2794509105405,933.79359740524717
2021,5,GO,6.4239999999999986,24.559417402297402,22.832013982771333,61.874924441702589,54.529831680096436,936.63639506282,936.13827308560974
2021,5,RJ,88.1578947368421,20.63466390210866,19.418972536802183,82.677556454644559,76.559913736678084,974.45333647948087,973.87847316220029
2021,5,CE,88.300000000000011,25.530107196184879,24.481672974804145,79.77001792801245,75.19981328189543,984.44329297903141,983.94177965756523
2021,5,MT,30.400000000000002,25.2373313128327,23.82464197741259,72.36603887378412,66.726420738939169,965.31692419580838,964.77901267099151
2021,5,MA,77.279999999999987,27.648288756954528,26.465689923237509,76.911864699527683,71.681088526963933,997.51701359959247,996.98108797311352
2021,5,PA,129.0714285714285,27.036079552428308,25.870224650166119,84.673872261040529,78.803680498169243,997.45834077496909,996.57638520748367
2021,5,PR,63.271428571428586,18.183947512968491,16.65305466292293,74.223989204626349,67.708049161279561,939.671142269925,939.16114672248455
2021,5,DF,7.0000000000000009,21.164301075268831,19.499919354838742,69.726344086021527,62.484946236559111,897.80368279569791,897.36569892473028
2021,5,ES,25.616666666666667,23.68535759041664,22.192131406776451,75.408934008331087,68.50099636219413,990.87402259545388,990.36487084053579
2021,5,AL,102.20000000000006,25.545089288492772,24.467074937658069,85.058703114745811,78.408210914230921,999.15185622610284,998.67914304726548
2021,5,PE,81.739999999999952,25.39467789341175,24.070431453603543,74.400404347550761,68.652762943278859,967.841903208007,967.33329850900122
2021,5,AM,119.87999999999997,27.664382775406825,26.651876751080664,82.966374145655848,78.309157061669637,1005.9874713247463,1005.30340253796
2021,5,RS,139.6,14.608588744616849,13.371202079410166,79.195324082465859,73.683764773854151,976.50421303162057,975.93950247548139
2021,5,RN,81.1333333333333,29.1920443235142,27.713598603951496,70.251211852904916,64.180433180048382,1002.6135019667782,1002.0441047468038
2021,5,BA,32.409523809523819,25.012721935026949,23.584192072010033,71.285311060783457,65.234161353743943,968.9946836990398,968.4574042480109
2021,5,SP,24.946153846153845,21.635502212255272,20.060027886734925,67.42953700475897,60.903867971066106,952.10128504575528,951.590853836968
2021,5,PI,52.91999999999998,28.243161875440858,26.6365385695348,65.497666379323476,58.912375032298357,979.34204754238874,978.76779789654506
2021,5,RO,10.799999999999999,26.788185134757725,25.365232683982693,69.596555997765591,63.502757994693496,969.93731933389176,969.39506092026272
2021,5,SE,149.33333333333337,24.558907998683331,23.522542242703523,68.539010622071672,61.659094595847193,991.11753936251932,990.66087475312759
2021,5,TO,5.8266666666666662,27.894344210956707,26.045719557459645,72.707507990613266,65.01739273943268,979.14927508256744,978.62165204235623
2021,5,PB,158.90000000000003,24.514701934399838,23.486179901858154,81.782522555225938,77.021447633468256,968.8427489278497,968.36373817033507
2021,5,SC,102.30000000000001,15.505667433766513,14.331981976327363,81.0874782696168,75.127027986136653,940.88562400459932,940.38723636647273
2021,5,AC,58.500000000000007,26.967060117302054,25.540654936461387,82.217998533724256,75.4982038123168,993.79123655914009,993.13461143694985
2021,5,AP,261.69999999999982,27.69978846764274,26.392704737531243,84.437061064159053,77.852396044121747,1006.7174847736383,1006.1023814129269
2021,5,RR,,,,,,,
2021,6,MG,9.2,20.443708225080272,18.85386427763201,70.320367922351267,63.991054890633443,935.55436164380149,935.091060685013
2021,6,AL,30.700000000000003,24.838453181003583,23.72754414184147,85.010778626674167,78.471752185122313,1000.0956903497564,999.64537423247532
2021,6,ES,35.583333333333343,21.9394722498222,20.533850082509417,77.729929198083141,71.27528873942461,992.47182682879816,991.98552189977772
2021,6,PB,31.266666666666666,24.213167828106855,22.975200348432061,73.73512146728612,68.3821767324816,959.5612329413475,959.10435963511418
2021,6,RN,1.9333333333333336,29.772506366125771,28.107370792032615,61.841395991806813,55.875917325715292,1003.1828679705279,1002.6378643413252
2021,6,MA,37.800000000000011,27.528704403767083,26.11644031534885,75.014142693819835,69.31552290899117,999.04243037452386,998.51744707227613
2021,6,SP,28.319999999999997,19.919246626546368,18.471356722833328,72.149811659326886,66.1773403231612,952.81818056963527,952.33594862229666
2021,6,DF,88.40000000000002,20.556555555555498,18.893111111111139,63.842222222222063,56.9891666666667,898.34447222222263,897.91633333333391
2021,6,RJ,41.32,19.427422734680643,18.257679478846718,83.08723042787534,77.085694647263722,977.79686219333462,977.24956115950124
2021,6,PR,68.6923076923077,16.193976929831003,14.908909018312196,79.318239784075132,73.37788750691044,941.73467246135476,941.21514117039226
2021,6,AC,16.4,26.525926272455095,24.964495351402448,81.171382563819748,73.7172973132682,994.3198678301294,993.70070073668467
2021,6,MS,26.565217391304351,20.810700756927996,19.423677900629023,73.399106313072878,67.848994522734031,975.58705625054745,975.07280612927741
2021,6,BA,37.00952380952382,24.810481614617608,23.327240637052363,70.632418836336228,64.3581174603789,969.5186129911051,968.98614063206833
2021,6,GO,5.975,23.370853843066762,21.624339635088951,58.758005140167512,51.837108593819863,936.92609200941752,936.45748172430035
2021,6,MT,4.8666666666666663,24.596167734969921,23.109037416271008,67.770346104355241,61.9445928653319,964.66829915535266,964.21563559451135
2021,6,RO,1.4000000000000001,27.043680555555561,25.311803315412178,62.237612007168437,55.649887992831552,970.79921594982045,970.24127688172052
2021,6,RS,140.5128205128205,13.244122811117077,12.295990277530695,84.834883211847043,80.760438620260118,977.91745212908825,977.34858021353773
2021,6,PA,46.642857142857146,27.281308292501979,25.955614464837879,80.931896699808846,74.441115740538237,997.18395620305716,996.2733442390653
2021,6,SC,170.3111111111111,13.480127177677998,12.579783077927157,87.326798013722666,82.729846619505452,934.41220849660965,933.92014729169239
2021,6,TO,2.8,27.173686574699445,25.320486860235587,66.2155014454799,58.520136185301396,982.3528557121025,981.84612499759953
2021,6,PE,35.28,24.929358645051579,23.568603228787683,71.87514347681018,66.204987803393365,968.63983476111252,968.15241753654425
2021,6,CE,19.640000000000004,26.953454643234764,25.66600765502962,67.276575581440611,61.952362797261237,994.0883930533563,993.61272819396731
2021,6,PI,15.200000000000001,28.650054157280479,26.91453912206028,60.185523102160644,53.921290539817022,980.82714376062086,980.25031372194758
2021,6,AM,72.8,27.660647731054251,26.574441072684397,82.502558730310554,76.958539908819773,1007.2695486038488,1006.608290187691
2021,6,AP,34.599999999999994,28.337179276315787,26.940337171052633,81.306167763157916,74.10773026315789,1007.0108881578942,1006.4251069078946
2021,6,SE,78.266666666666765,23.872089557703568,22.815726542667463,83.067561983471066,77.8765304560759,992.04353062146083,991.61406176772141
2021,6,RR,,,,,,,
2021,7,MS,4.4666666666666686,19.717748710784836,17.77931647848159,51.491131986759385,45.008446462535176,977.73576432351069,977.21704796212373
2021,7,BA,56.070000000000022,24.257210943311378,22.746824962802631,69.007718696350366,62.625169305209951,970.8038826002587,970.24730548868172
2021,7,RJ,19.18095238095238,17.83479215352758,16.411430078097851,77.818143996871513,71.112031245117223,982.4473675032807,981.90277365441
2021,7,AL,37.000000000000028,24.59271312686883,23.414082002993915,84.040108059028341,77.088211482837693,1001.7685603501967,1001.3174042134285
2021,7,RO,0.0,27.88494222436206,25.943153185684487,41.816783020381948,35.9251123415182,972.01392533301237,971.47736017493162
2021,7,MA,23.840000000000003,27.766139998057259,26.2568104349557,69.558909684598589,63.562692126773875,1000.0208912448578,999.48205161398039
2021,7,AC,17.100000000000005,25.23564308989841,23.36985975337037,74.444715992588385,66.058350904095562,996.746099290781,996.17529550827453
2021,7,TO,0.028571428571428567,27.705108737296094,25.622068080475945,55.107143740108846,47.402507461886415,983.71925084874374,983.18043429227464
2021,7,PA,66.892307692307668,27.410156349726687,25.996183118364286,74.004967737947013,67.446890781217817,998.62725633639127,997.68027208675085
2021,7,PE,46.340000000000011,24.702964390992356,23.31438226797102,72.337458768772066,66.312379937537031,970.13620954263411,969.64425112321692
2021,7,AP,2.0,30.102830188679242,28.278301886792452,73.283018867924511,64.188679245283026,1004.4792452830188,1003.8188679245285
2021,7,RR,,,,,,,
2021,7,DF,0.0,19.79766129032263,17.976370967741982,53.344623655914013,46.876881720430077,899.55389784946362,899.11134408602038
2021,7,MG,2.2310344827586208,19.434021294183239,17.611163486483907,60.274656881623166,53.875488441085,937.6727275209588,937.19277722336869
2021,7,PB,36.440000000000026,25.552485325696772,24.1979848516592,71.254702459020422,65.86224516812409,973.58374744927562,973.08679918328164
2021,7,SE,166.86666666666662,23.2105183617702,22.189138563049866,86.478675149544046,80.58900688895875,993.69186961254786,993.25943565049306
2021,7,GO,0.0,22.792957616625394,20.833427444484517,44.972165471652339,38.474047848691704,937.83510899536168,937.33704108942584
2021,7,ES,5.1166666666666671,21.10897601591336,19.600976267472259,72.582509256421716,66.093229577007008,994.61684432189884,994.13129494744658
2021,7,PI,18.088888888888889,28.762626583743092,27.078435894672211,55.476051931016563,49.654514740886206,982.11408588567724,981.52553033413778
2021,7,CE,18.06666666666667,27.695978943333312,26.309201814470693,61.014964490466888,55.680937776514959,994.36587530641634,993.855162294138
2021,7,MT,0.0,24.82805790078006,23.02579088863083,48.245954639920484,42.581275187494356,966.42825002181587,965.913188651771
2021,7,RS,34.994594594594595,13.284172030915911,11.997125915621821,76.50017829162438,70.910145092844829,978.39552358752462,977.85363875913129
2021,7,AM,91.749999999999986,28.273294239641324,27.067564045197791,74.022602208038663,68.074001330737573,1007.7839303194314,1007.1277313122619
2021,7,PR,25.145454545454545,15.268283701999289,13.609128921085386,67.504837320323148,60.659236199509635,939.89793910690128,939.41382241173937
2021,7,SP,9.9999999999999982,18.500122184518169,16.690609174019887,57.681080293857413,51.097544645785781,954.72222587934687,954.22252705727124
2021,7,SC,36.688888888888883,12.457083749225076,11.191043193835112,76.544640694396449,70.418675800127687,942.00571952577332,941.5330288972782
2021,7,RN,4.5333333333333332,29.595685773042824,27.929445783322222,60.497111646184734,54.694556194454449,1004.5110436119278,1003.9635715714535
2021,8,RJ,67.114285714285714,20.032380675390094,18.666791386938026,79.003867302422321,72.570891594792826,981.89401147787976,981.31885003414152
2021,8,PB,47.700000000000045,25.835895310633209,24.373730585424134,67.045213560334517,61.946184289127856,969.8133766427718,969.26375522700118
2021,8,MT,1.6666666666666667,27.705666619572728,25.943492530905822,43.627361737160939,38.764767041161477,965.166108008428,964.60825820756781
2021,8,AM,74.4,29.943306857053297,28.669690045836806,70.237113493236137,63.932396952363334,1006.1580351987568,1005.4393885272675
2021,8,PR,51.163636363636371,19.299663849936337,17.855559881450894,67.300868189094246,61.857719679843072,938.4237740708,937.90952447951406
2021,8,SP,8.68695652173913,22.718706145134004,20.976753917905278,56.145429277711045,50.378421052193694,952.22562646058077,951.6784219945738
2021,8,PA,51.061538461538454,28.395323829212273,26.897395270521358,66.921631409021572,60.506637393928969,997.23778483620242,996.26038124624608
2021,8,AL,45.666666666666679,24.403460541729611,23.231746056642187,79.901107424856932,72.920918976496608,1001.6920834532245,1001.2047470431114
2021,8,DF,23.2,22.047819063004809,20.349057619816925,47.409911123081123,42.089684890923742,898.57666846070993,898.10201829924722
2021,8,MS,13.304761904761905,23.90374747584984,22.131957475854826,52.848303087647452,47.451842694721179,971.38572743259442,970.80720958211714
2021,8,MG,7.329824561403508,21.664040383028908,19.933180259219348,58.787374474967827,52.835071740976943,936.98510635309867,936.47527233341941
2021,8,SE,30.333333333333343,23.178268004501124,22.030623280820205,82.11752433747904,76.233611377098924,993.64599352963239,993.18194236058991
2021,8,TO,4.1285714285714281,29.757265745775328,27.612390956616185,45.579036365176712,38.674471411296523,982.40166982826611,981.80478770092509
2021,8,GO,0.82608695652173914,26.078350039384787,24.169688869378696,39.913473949644306,34.36499475355879,937.02484413671448,936.48811084403974
2021,8,CE,0.46666666666666662,28.904183660157884,27.37320189684738,52.96720478064281,47.721381635245017,994.12240857948075,993.544281995185
2021,8,RN,2.0,29.964931097058642,28.232830929072804,55.981484093876404,50.323637877348304,1004.0499757340222,1003.4655451048268
2021,8,AP,0.8,30.887804878048779,29.112195121951224,69.804878048780481,61.121951219512205,1004.3292682926829,1003.7243902439023
2021,8,MA,7.0,28.649055332657369,27.073398637795048,61.874793478250439,55.921422250843037,999.04443587465869,998.48216575869856
2021,8,AC,12.799999999999999,25.770295698924752,24.040725806451597,79.727150537634373,73.127688172043008,992.09502688171949,991.45779569892409
2021,8,SC,39.541176470588255,16.426198376689563,15.347610062872842,77.519307162001681,72.422286342229938,930.99030595844636,930.50480324654643
2021,8,RS,80.963157894736838,15.923441494218096,14.761357366382104,80.183677184443127,75.154511659419612,977.78355108978371,977.17214607102744
2021,8,BA,34.3578947368421,24.2441747375783,22.6568214432049,64.017979619296909,56.972069986670441,971.28920801777736,970.68796714558209
2021,8,ES,45.699999999999996,21.834514498531419,20.358650796411442,75.141373333998331,68.617383721903551,994.77891283780468,994.27308510012062
2021,8,PI,2.5555555555555554,28.994542189524751,27.278335680475017,50.758409524000314,45.251950851524043,981.19486319994394,980.59270645401375
2021,8,RO,0.0,27.348252688172021,25.756989247311814,43.905913978494553,39.284946236559129,948.043682795699,947.54059139785033
2021,8,PE,45.44,25.104753224834305,23.613188147424371,66.927179677320311,61.162977633103111,969.73065994855574,969.17754206724226
2021,8,RR,,,,,,,
2021,9,MS,19.333333333333336,28.583630216950279,26.785088596923266,50.5256075464852,44.575138660160064,967.95991082621435,967.365243759645
2021,9,MG,12.505263157894735,25.735360725153736,23.915685302227235,53.104629207942189,47.135630499950892,933.99811050798155,933.43639629098482
2021,9,PE,13.100000000000003,28.122565103223589,26.430197606019945,59.222377820603633,52.899470430772041,973.2927337591417,972.68108744314463
2021,9,AL,49.53333333333336,26.066359015221753,24.834015235818427,72.382229835666237,65.207564364070947,1000.2851418283666,999.76376239243609
2021,9,MT,29.1,29.582572834908362,27.848698900950595,53.830562281028634,47.780031134965007,959.71235113392891,959.10403463303646
2021,9,PR,63.781818181818196,21.98017016617742,20.486472905289993,67.47197982207031,61.363394434598156,935.378777437775,934.78977284899622
2021,9,RO,32.2,27.148787446505,25.764336661911567,64.306704707560627,58.095577746076991,947.07731811697522,946.48516405135535
2021,9,PA,95.436363636363637,28.679989733107064,27.235929359870777,74.79093490089744,68.389989366681917,997.48824276961113,996.47874677062657
2021,9,SP,18.304347826086957,25.567510889347265,23.85383342673293,57.441476652202596,51.330337538550886,948.95729740680429,948.365077221911
2021,9,RJ,41.88000000000001,22.610055736475982,21.414132782927965,78.692494016398967,72.499379335002331,985.3670285335786,984.70397787478532
2021,9,ES,27.036363636363639,24.293841613095122,22.87738210277702,71.5741531961129,65.461721471274643,989.12193485997136,988.55680382834521
2021,9,RN,1.8666666666666667,31.019894243615688,29.263867351593944,55.255577407682651,49.732750049676596,1003.1052517646684,1002.4693758238856
2021,9,PB,7.160000000000001,27.552216124661253,26.097334010840104,64.701415989159912,59.129098915989189,977.09187330623308,976.49615040650417
2021,9,AC,115.40000000000003,26.52444444444442,24.977500000000006,84.634722222222052,78.338888888888746,991.47930555555467,990.73611111111052
2021,9,SC,144.30588235294115,17.876916629617931,16.800829845298971,81.097939985431552,75.734618797859156,925.50531324159067,924.87350720473717
2021,9,AP,0.0,31.8,30.2,59.0,51.0,1003.4,1002.7
2021,9,MA,42.100000000000016,30.295892712836327,28.775279202085308,65.789652955614258,59.868500316938892,1001.5975994039126,1000.9293573665059
2021,9,RR,,,,,,,
2021,9,BA,10.372727272727275,26.930780524285684,25.226849228347508,55.846932925775164,49.469233204117081,965.37936091342135,964.74434663330226
2021,9,TO,25.414285714285715,30.426889134536506,28.472693473369883,54.914109172109427,47.709489811499012,979.76470096929279,978.81176342532979
2021,9,CE,6.76,28.958623963089817,27.504161861093326,57.186687950824719,51.972029358826127,985.90097833358027,985.32824142613867
2021,9,RS,171.51351351351343,17.576519151594969,16.531151467924783,82.711518528586964,77.881958017118208,977.50155871439881,976.80754051900362
2021,9,AM,57.000000000000007,28.294925946834816,27.006692006505702,79.308313890303864,73.451540412529226,1005.8178999387019,1005.0502262528921
2021,9,SE,33.599999999999994,25.17695214661029,23.974785734723312,72.418606807974186,66.986810428231962,992.051168050801,991.54087246369681
2021,9,GO,19.504347826086953,29.504061552475644,27.520082997924433,39.115113616864456,33.560875562813955,936.43243274329132,935.82544898765423
2021,9,DF,63.6,25.919409635199138,23.977081592871045,40.650496453900686,34.68822695035459,896.44241158451666,895.93592314118678
2021,9,PI,6.8923076923076936,31.256329187250557,29.452650729937591,44.080791941523465,38.960651615352255,978.37243305855964,977.72585416691015
2021,10,PR,160.03999999999994,21.31303523363038,19.970586007928006,76.851244507423033,70.356686935898352,942.92798041820663,942.2464012531243
2021,10,ES,159.74999999999994,23.890525868667591,22.766204266805396,80.081494591424416,74.6649489546073,989.53878518620377,988.98781636885417
2021,10,PB,10.700000000000001,28.665631362537383,27.057546168161856,61.2929033848699,55.4986181364128,967.14695552586386,966.50439631450035
2021,10,RN,0.06666666666666668,31.854025971661866,30.02849935562546,53.294869301444052,47.707517975761043,1001.6447522820071,1000.9764029813523
2021,10,MT,70.225,28.260368603893113,26.837205865143684,69.8410447965738,63.837603814837365,958.40352053591653,957.61715132942459
2021,10,AM,132.93333333333331,29.258683485007552,28.061418865426376,76.825456687694782,70.415017964645813,1005.0093606668894,1004.2347548220864
2021,10,MA,37.95,29.88253396431573,28.495092364123632,70.482497751534439,64.404048080948712,1000.0328032027135,999.2827594378598
2021,10,MS,119.91999999999997,26.028455571288617,24.682646190152287,70.796033553242552,65.027662423313529,966.00921359123231,965.32101523057975
2021,10,RS,106.23243243243245,18.680568163469172,17.426793420604092,75.860336140568066,69.826690138700272,974.82835691505466,974.20047106452341
2021,10,RJ,242.43809523809509,21.211277575313073,20.34340381567613,85.95254960431059,80.66856576391163,975.16211973501481,974.53514874558709
2021,10,AC,292.0,26.270833333333329,24.90793010752687,87.961021505376337,82.251344086021561,990.04126344086092,989.30994623655931
2021,10,DF,777.80000000000086,24.144582299421028,22.660104769782233,69.754618141714985,62.805900192996965,895.190074441686,894.6073338847533
2021,10,RO,,26.317741935483863,25.112499999999983,73.286290322580641,67.690860215053775,945.88252688172008,945.24583333333442
2021,10,AP,,,,,,,
2021,10,RR,,,,,,,
2021,10,MG,160.83636363636361,24.36658442183052,23.025354286201605,71.296244987734383,65.4530319496537,932.9667524288725,932.36400787129719
2021,10,BA,71.569230769230771,27.3008430622635,25.8818613475713,62.098773455781107,56.156676446730849,966.5301158138584,965.93175298685912
2021,10,TO,92.357142857142861,28.909054261511024,27.308363109200023,71.385166261218544,63.983764670738481,978.9205080197537,977.97953467711341
2021,10,PE,22.525000000000002,29.747213242109488,27.931709006538863,53.523624655899539,46.865051080293007,968.02159290389091,967.37026627152648
2021,10,AL,12.4,27.748549199914315,26.394168289966494,66.5537050360939,59.729735870018061,998.1592328276032,997.59526126556989
2021,10,PI,48.46153846153846,31.012049809528264,29.336979031656689,53.392872625174441,47.722466963118578,977.01913628990314,976.34421667273841
2021,10,SC,211.36249999999995,17.239282265317591,16.259531021964854,83.951724201194367,78.850102207320333,928.5312144522145,927.88187578251825
2021,10,PA,95.92,28.717544365652813,27.297057244548526,75.602191961622836,68.234409375928735,996.19434623545067,995.05640301261474
2021,10,SP,117.92173913043474,23.352098336371636,21.974468478615197,74.774381221073654,68.829541844838275,946.23425964109924,945.6076103773878
2021,10,CE,3.4499999999999997,30.685341593523017,29.164369382886985,53.409477672387069,47.956666792093962,995.451127461497,994.80894550218693
2021,10,SE,30.866666666666671,26.512724635485789,25.293221201935097,69.070736457699326,63.429444968553462,989.8358780800969,989.29322961750063
2021,10,GO,156.40869565217389,26.39496837467674,24.953651197651013,68.551232456461648,61.871959091247248,934.71479079305868,934.08573248055245
2021,11,MG,203.56491228070172,23.490281997426116,22.208498136587355,77.013838379432812,70.733958491331251,930.67365426866218,930.12515593701619
2021,11,BA,181.87857142857141,25.635420655716842,24.461347321606357,75.1587943903856,68.735367004458254,965.45774052568333,964.87248758319288
2021,11,TO,179.83076923076919,26.998090801849703,25.668450687029171,82.427151903096359,75.353123689046427,978.75668608612511,977.85326989451971
2021,11,SP,92.75,25.005628130846027,23.468265733456782,67.447924263242655,60.721327234997069,943.69172265135626,943.16721558825918
2021,11,PI,133.36363636363632,28.35189131312703,26.976780153171006,71.300587704209732,65.03449606667462,974.53165504618664,973.8845681896
2021,11,AC,283.39999999999986,25.952222222222222,24.712222222222202,90.919444444444522,85.605555555555554,989.09472222222155,988.3483333333329
2021,11,MA,89.1333333333333,29.786962246254514,28.51734153020293,71.921695976191558,66.587778447617652,1000.9987620626039,1000.2920647363076
2021,11,ES,171.99999999999994,23.453939156510039,22.3589645836321,81.217936909427578,75.416384214512661,986.63625868429392,986.103334195652
2021,11,RO,,24.317500000000013,23.285694444444452,84.113888888888809,79.529166666666711,944.866111111111,944.22263888888858
2021,11,AP,,,,,,,
2021,11,RR,,,,,,,
2021,11,MS,88.223529411764716,26.875276186132133,25.426219587229692,70.655596748040807,64.43655741258172,964.28372482070722,963.67266842029642
2021,11,PR,47.026666666666671,23.716897754548967,22.198806335348625,69.416723489726266,62.393705143375342,940.62740865849639,940.09919787280842
2021,11,RN,0.66666666666666674,30.708285565570314,29.046626541745738,60.294985008165369,54.865875228927138,1000.2300194694815,999.6092850977758
2021,11,RJ,198.60952380952378,21.697902632424544,20.62201452682034,83.019303309534365,77.267634761972147,974.17310101637918,973.60630524205033
2021,11,PE,13.1,30.477644457388493,28.667219805588086,53.611662987733162,47.150381492380269,966.514192600558,965.87778731373032
2021,11,CE,4.6,30.91779179159375,29.371015301987224,55.156644659270661,49.2740489514548,994.52699374907377,993.88854353846261
2021,11,AL,29.400000000000006,29.092437990054307,27.712357067493592,61.000212983050481,54.608308320207612,996.386420376215,995.80804556369367
2021,11,PA,128.45454545454541,27.84896168746242,26.698113164935481,78.352476739738449,72.3454989219827,997.76275153534061,996.68105020346752
2021,11,RS,63.216216216216225,21.691630846567531,20.335693351207034,71.705256028661026,65.785201612618323,971.45134629955521,970.89941989842009
2021,11,GO,274.26666666666654,24.814921832889194,23.627838044710845,80.396337492254972,74.377101254066716,933.6953541841084,933.09830284436543
2021,11,PB,4.633333333333332,28.7772012626693,27.33389267747112,57.8187086510843,55.31878445779693,977.64960223554328,977.086620703183
2021,11,MT,111.17142857142855,26.273900160149182,24.75641893021848,81.542418764676,75.803204954244492,955.94648297209721,955.194920026799
2021,11,SC,103.40000000000003,20.295770873424381,19.039117662231476,77.8159126004508,71.419480950263264,926.65227049005512,926.17526433925684
2021,11,AM,158.59999999999997,27.772237226153223,26.617886520554851,82.954858855023218,77.742262553592624,1004.0159938750629,1003.2437147999195
2021,11,SE,43.600000000000009,27.196313905216524,26.134691645610058,74.05879174560981,68.444430327500854,992.52289744271445,991.95663223111058
2021,11,DF,1187.6000000000024,22.324300144300203,21.158326118326144,81.8554112554112,75.9702741702742,894.10135642135378,893.54712842712831
2021,12,PR,56.028571428571425,25.059823093588992,23.37128401151238,65.274703894605054,58.284726493457143,941.11175554210365,940.59012927405672
2021,12,BA,248.18571428571417,25.39736728787242,24.321636035819104,79.3976741993737,73.3941481492892,965.47059882345513,964.92609376134385
2021,12,RJ,320.44761904761884,23.058004657652614,21.966389655220379,85.368012323754058,79.556849128184339,973.16381345649233,972.59353534312527
2021,12,MS,70.544444444444437,27.791830945704923,26.319203689958275,67.077517188051729,60.340113717944085,961.87049999716828,961.31880000929777
2021,12,RS,43.736842105263172,23.624200563093879,22.122205149175983,69.0321786495477,62.651091350318673,969.92093177928257,969.40706962997081
2021,12,MA,184.06666666666655,29.668636869895213,28.456434837609667,73.530420344856026,68.322248576850072,1000.4424030925347,999.77010855286107
2021,12,ES,213.48333333333326,24.217580264649886,23.140031781505861,83.296290643332213,77.451791104499321,985.80722843430135,985.2886856800344
2021,12,PA,194.35555555555553,26.936472793792088,25.877390685133243,84.925084792261643,79.1674850674931,989.64033515137953,988.77938167661273
2021,12,TO,266.69230769230751,26.850834478789469,25.625353782780298,84.879685550519326,78.470830344797562,978.11089904315531,977.25964799491464
2021,12,RO,,24.522177419354836,23.575000000000003,85.836021505376422,81.651881720429955,944.18440860215094,943.54677419354857
2021,12,RN,5.3999999999999995,31.343118670947845,29.2290888744536,64.66012796018228,55.525671440674024,999.84738921992425,999.28064397669823
2021,12,SE,58.050000000000004,27.855245773079012,26.7008678507487,72.273013050983621,65.98288887015508,991.88301501204137,991.34496758503133
2021,12,RR,,,,,,,
2021,12,MT,106.99999999999996,27.026319494794617,25.738218340511956,82.108589665439013,76.2739301200144,958.93013965890123,958.25223022380271
2021,12,MG,307.01694915254222,23.167148112198742,21.997238012448115,82.279174668637566,76.4005699968919,929.65540139303266,929.12037117022
2021,12,AL,76.799999999999983,27.843941030362448,26.693481616606533,62.227308577682209,56.572268764859054,990.81968306170336,990.27326059650215
2021,12,GO,287.72499999999991,24.714937562366075,23.518611541186662,82.175235779078,76.133072098194077,932.85364367081206,932.29380417971811
2021,12,PB,47.250000000000007,28.185322040189604,26.875385401279718,66.1991808783678,60.729411687711952,971.83339511130146,971.28369212227472
2021,12,PI,172.03333333333325,27.908406079840816,26.682266062372264,75.432820080775187,69.6790252655146,976.17477697412869,975.57308576438118
2021,12,AM,255.47999999999985,27.302809209485005,26.271495686355667,85.573031423585419,81.082611506307359,1003.6076369697473,1002.8911672530347
2021,12,SP,104.19090909090909,25.267881834153211,23.712352222297117,70.497474441335811,63.57207809556229,940.96376168764925,940.44771765602422
2021,12,PE,44.142857142857146,30.249569871635625,28.376927042811268,56.442937438905176,49.560506054205661,959.706250760483,959.100672873521
2021,12,SC,63.162499999999966,21.421570477474283,20.056495782419784,75.004829990203916,68.392333453395523,925.24225732337027,924.78294102251186
2021,12,CE,48.45000000000001,30.287233183314047,28.912643538654983,59.206370447598019,53.701916287860669,994.01086503696945,993.41258451578642
2021,12,AC,358.39999999999964,26.083602150537644,24.868951612903224,92.479838709677409,87.2486559139784,988.52499999999975,987.803897849462
2021,12,AP,,,,,,,
2021,12,DF,1959.2000000000073,22.161259279626062,20.966730822106168,85.643937310970841,79.591421501237264,893.14604754007735,892.60771144278579
2022,1,RS,98.210000000000008,26.127781901436066,24.568738867645841,69.63580357671475,63.105707851875131,970.84375419870639,970.26167648935734
2022,1,PR,146.4941176470588,25.351560070480524,23.768928797079191,76.218891530705918,69.001269678447983,941.00809040584954,940.4657011194945
2022,1,GO,284.59090909090895,24.591776876038178,23.310793055284488,80.709952100202244,74.3133668628499,934.9684681559404,934.39739475824251
2022,1,SC,150.61052631578943,23.089363148795996,21.835539082200004,79.651527360377116,73.65618058648738,935.76769763134075,935.26689920783576
2022,1,RJ,268.77142857142837,25.195313982788125,24.117070425415704,84.09973158545,78.51761407708959,978.06079993216918,977.58262690776928
2022,1,RN,18.2,30.9719507904055,29.146560124894439,66.172801637187789,58.862588775875437,1002.755204885324,1002.1689349107523
2022,1,RR,,,,,,,
2022,1,AC,301.99999999999972,26.20527027027024,24.935945945945949,90.3472972972974,85.085135135135076,989.45905405405449,988.73918918918866
2022,1,PE,32.333333333333343,28.630744922479082,26.879233830952522,65.966142853572563,58.122582669420574,962.08792487908988,961.51393932322333
2022,1,RO,313.19999999999976,25.633238896447082,24.589037144972643,83.410354562331946,78.271215017014981,972.89411239053334,972.23382895221607
2022,1,SE,21.6,27.390042795213805,25.884596750995446,69.5190498121116,62.548476535645385,980.9777654135944,980.45773404894214
2022,1,MG,300.04745762711855,24.012594144277973,22.729897001994633,80.7725560688502,74.451473792577616,931.1059152968835,930.58586288901665
2022,1,MT,57.839999999999989,27.113897220664548,25.60505059714491,78.714737055346887,71.221073427953826,959.17509052716412,958.521291433706
2022,1,BA,91.11666666666666,25.728457034695886,24.437360100703518,75.3320479991364,68.465548180011581,965.91315112533221,965.38770287540638
2022,1,TO,185.22857142857134,27.205259976021498,25.711238160539786,81.3787530839692,74.037963577968384,979.68722219596179,978.78325181325681
2022,1,AM,180.28,27.361256457862176,26.248951022204029,82.459685452004436,77.711754703913741,1004.8910111148451,1004.1961426161604
2022,1,PB,112.15,27.015943628442372,25.791391546162405,73.170468196986576,66.951370401937709,972.98105863838589,972.43970752435348
2022,1,AL,10.466666666666663,28.5777614537358,27.288532114892813,71.5901408853301,64.512400267264056,996.78768233737071,996.290450330614
2022,1,SP,162.6,26.102422579410273,24.639696817335771,76.3599741516183,69.409479221669372,946.19654432516643,945.66208356521679
2022,1,MA,151.13333333333333,28.082824791186276,26.8394406088246,79.048321192251265,73.4281159846137,1002.3690469259112,1001.707698747092
2022,1,PA,251.1866666666665,26.149303114523875,25.044791106826331,85.847032058817419,80.0713898481022,990.68265370471647,989.76192690200446
2022,1,PI,142.49999999999994,26.9460916052805,25.65542580921224,79.957233794874611,73.79545054713401,977.83328956619528,977.2343997385359
2022,1,MS,71.857142857142875,28.000684810608913,26.420888833841651,72.105340605349241,65.172404373273324,962.38399641171827,961.77457529757044
2022,1,ES,127.78333333333335,26.114073905875575,24.834497839623129,78.769087877543157,72.44126054418237,986.81048415039743,986.32646396902021
2022,1,CE,139.23999999999998,27.781328199496237,26.566818211819271,74.039422318605688,67.8096391236065,995.57016190091349,995.00157858359228
2022,1,AP,0.0,,,,,,
2022,1,DF,969.80000000000166,22.3536827956989,21.002688172043,80.125806451612888,73.685215053763528,894.79841397849407,894.2809677419358
2022,2,PR,77.8,25.283432622504947,23.728181640859567,72.7412990035209,65.418219585795043,943.01007184563252,942.48478955433291
2022,2,RS,90.03414634146344,24.579803939898405,23.064025937851788,70.347969249535481,63.769191681206642,971.675841972001,971.13112623343989
2022,2,MG,232.08275862068953,23.735199068172683,22.505516245770337,82.930543465301241,76.790545849731558,931.32692459501175,930.80426606827439
2022,2,SC,83.863157894736844,22.770014486590082,21.438187246876634,77.9381040854564,71.500595110645321,936.2628612400049,935.792187515238
2022,2,BA,71.890909090909091,26.434420045154582,25.061444657714052,74.709595347266884,67.7224728733802,965.89763450837711,965.35758066335791
2022,2,TO,140.87142857142854,27.567420938045633,26.073600757192008,82.561982768903064,75.30079561740807,983.007164510876,982.119321818191
2022,2,PE,13.666666666666666,29.684895770878775,27.721043524426456,59.848832352529492,52.45641781466405,961.7373474889705,961.10757778694745
2022,2,SE,5.6,30.197023809523813,28.276388888888896,54.390052541891521,45.900525418915095,985.29384920634948,984.73660714285711
2022,2,MA,153.13333333333338,28.26391293480814,26.961670923009077,80.100694926915821,74.32636164718997,1001.8064083681169,1001.1545971000403
2022,2,AL,26.133333333333336,29.419914910169361,27.983722575734493,67.355782801612392,60.162250195847093,996.83473878173049,996.35529459505324
2022,2,ES,231.07272727272718,25.608425698497175,24.393611006090755,83.475468400506145,77.121667070761447,986.83312544719888,986.334122314906
2022,2,AC,532.39999999999986,25.290476190476202,24.155059523809513,92.526785714285808,87.671130952381063,989.93452380952419,989.20535714285666
2022,2,DF,1063.6000000000008,22.247791044776122,20.990328358208945,82.7155223880597,76.291343283581952,895.120776119402,894.58617910447765
2022,2,MT,49.509090909090872,27.726012760682497,26.151087635285837,79.783399229559947,72.349887127442841,961.93136841065518,961.21531068476588
2022,2,RO,494.49999999999994,25.216664331091188,24.26468242846466,85.55227685244509,80.962814301729622,972.96704803277862,972.28564321748922
2022,2,GO,237.54545454545442,24.665129740925142,23.4255231313159,81.6136139387686,75.219642320716716,935.329921957619,934.75531574705633
2022,2,MS,36.057142857142871,28.213124493539716,26.745043223786194,67.744124782184542,61.109207522459911,963.01311811113555,962.426666682544
2022,2,PB,23.875,27.657066973725559,26.383391317254262,70.110802902158625,63.818527584176969,972.44579008010874,971.91772961673394
2022,2,PI,84.94,27.974197219008524,26.561779666911935,77.012627509670935,70.683701433029384,977.16713348208418,976.55282572071349
2022,2,SP,75.393548387096772,25.717649885620652,24.167556023676472,75.843109509525078,68.373283553975511,943.24543066973558,942.726615267625
2022,2,PA,197.69999999999993,26.644694905399692,25.49118528648486,85.510527676775666,79.865806404357812,990.15880421205725,989.17827463333015
2022,2,AP,,,,,,,
2022,2,RJ,263.19999999999982,24.547598448876442,23.500996636937362,86.293138310401858,80.7309523488208,978.87554923750872,978.40551824400359
2022,2,AM,223.71999999999989,26.705041087821591,25.685297176015144,84.6118463819486,80.682167851591345,1004.7961229873657,1004.0545773762539
2022,2,RN,5.0666666666666664,31.208570618296019,29.451522409703184,66.039996870660474,58.77183692229459,1002.3871523150133,1001.7845857676524
2022,2,CE,46.533333333333324,27.732831487135449,26.471876132057044,74.173500395933033,68.254590023435853,983.84724683481033,983.31052898650012
2022,2,RR,,,,,,,
2022,3,PR,175.19999999999996,23.943781727615903,22.619205557843728,80.56297386983897,74.2414381588733,942.28146467514489,941.737761359419
2022,3,RS,155.2820512820513,21.587820941514195,20.40896137656739,80.304886518831623,74.834403920909637,973.75670475439892,973.17834796153363
2022,3,RO,405.99999999999955,25.263037091708995,24.292136011374986,85.262037077237039,82.347144133779082,973.10380079668312,972.431214634076
2022,3,GO,150.54999999999998,25.367719012453929,23.988111869369938,76.200623168172967,69.395928084805064,935.04146571308434,934.47571870518357
2022,3,MS,91.542857142857144,27.152352276162596,25.797025080986575,74.105926068814455,67.949727567012815,963.35813050866727,962.75647180053488
2022,3,RJ,122.47619047619044,25.60847615880585,24.321017372504311,79.703524081275262,73.3565141773972,979.48402155193946,979.00399423180488
2022,3,BA,100.4,26.153180856767108,24.811547153457663,74.681895879267344,67.952673131955436,965.55282721293293,965.02520988625679
2022,3,TO,141.81428571428566,27.55519303105639,26.099518046836753,82.20029237795579,74.876224773450787,982.54610157064,981.588489515892
2022,3,AM,174.28571428571422,26.557612245234452,25.554587461663363,86.21429892895739,82.322658260509741,1005.1911218115156,1004.4461075436901
2022,3,CE,208.51999999999992,27.435420131098009,26.110739606194766,79.205656566989731,72.8294330478286,983.39239649633066,982.75764351097735
2022,3,PB,186.25714285714284,26.968211543652721,25.769275892041392,76.614423719517319,70.662861387490508,971.962704335575,971.398821502175
2022,3,MA,212.35,27.019136527706671,25.871793533541123,84.160037905761754,79.274529830167324,1002.3366846819314,1001.6505653258555
2022,3,PA,344.23076923076894,26.115141371707971,25.03008018348519,87.861058530098219,82.56382190518184,990.13619414257,989.16980263836433
2022,3,SP,126.91515151515151,25.637391082529291,24.184943926060505,76.470705952808956,69.1870105346056,946.21711817758228,945.67008334134323
2022,3,RR,0.0,28.128444444444444,26.99733333333333,,,1001.3399999999996,1000.6791111111113
2022,3,AL,198.39999999999989,27.264296334992441,26.137580234014873,73.181049149338293,66.156329516539444,991.40160173536788,990.87490870374813
2022,3,SC,233.63529411764694,21.041821006713302,19.968569542008645,85.782620988861339,80.9851651001454,938.40037127153255,937.86803108352217
2022,3,MG,47.613793103448273,24.764418702305662,23.252724388299718,73.643240520757615,66.682432581931664,931.94844706111633,931.44900390917223
2022,3,PE,17.428571428571427,27.266948430724828,25.51213708055538,71.570087672825409,63.59461171067688,952.72288016755658,952.13649883133121
2022,3,RN,11.2,30.443793087295756,28.722061668777606,72.527907293647587,65.146421006269549,1001.6480277208983,1001.0208419261548
2022,3,PI,136.91999999999996,27.442503610159502,26.166066693109087,79.140324405218323,73.215029872297052,977.026544320133,976.38985686021522
2022,3,MT,47.035294117647041,27.26042039999373,25.805761966134526,79.435533454408073,72.861482360025192,957.16781033747657,956.27476968789279
2022,3,AC,309.39999999999986,25.348521505376322,24.218682795698918,92.536290322580783,87.608870967741936,989.75954301075365,989.04556451612882
2022,3,AP,,,,,,,
2022,3,ES,32.54999999999999,26.560137747460875,25.056622080723557,76.3405159557642,69.083224844091,987.89371729872312,987.41640606585634
2022,3,DF,488.79999999999973,23.143682795698915,21.557096774193543,75.24139784946253,67.637096774193409,895.32145161290214,894.815779569893
2022,3,SE,28.700000000000017,26.818819188191885,25.647601476014742,32.705533596837938,51.373517786561251,999.89697798702082,999.39235271663006
2022,4,RO,131.30000000000004,26.242777777777782,25.08250000000001,78.703472222222231,75.1152777777778,973.6056249999998,973.00479166666628
2022,4,TO,59.573333333333345,27.948161124699574,26.541381391257055,79.764960817063866,72.958540305787153,982.46986110694922,981.59038395481991
2022,4,GO,52.158333333333346,25.345523848667135,23.839397697471654,70.100549025875807,63.217652358404592,935.61358954158754,935.12741736985106
2022,4,SP,51.061111111111117,23.606278534206183,22.182650619701729,74.046001805971116,67.732141787436746,948.439460257295,947.93490867421008
2022,4,PR,105.37647058823531,20.820252766551171,19.615806131447005,81.279145262604118,75.975115170945159,941.0539596254871,940.53938593037367
2022,4,SE,35.1,26.319868995633193,25.149781659388633,34.26144578313253,53.530120481927725,1000.8983525208415,1000.3979853116316
2022,4,AL,109.3,27.123214196954489,26.018900395738928,68.525743567550535,61.510809269021962,991.884568781436,991.3623348223
2022,4,MA,263.19999999999982,27.105642859466371,25.962642947738463,83.484752686087191,78.739680950374577,1000.4976800527114,999.85654811790369
2022,4,ES,33.783333333333339,25.020431337150914,23.656323316759497,77.785611681818366,71.1119470372501,988.48047570877031,987.99459824542419
2022,4,RS,185.01538461538462,18.859549124103058,17.752285489490294,82.087164715423626,77.027914801431308,973.36051105325794,972.78300079466635
2022,4,MS,30.500000000000004,26.597799840536883,25.091500285691325,68.668246029690437,62.142242066219907,966.31345322612185,965.75518771557961
2022,4,MG,34.814285714285724,23.754284138743778,22.266841263968868,73.633327793114375,67.120116107657083,934.02558385783107,933.54000587601263
2022,4,RJ,255.99047619047613,23.218994922566303,22.14601333410592,84.243826646507216,78.702530582801714,979.33804804806221,978.860626637312
2022,4,BA,100.38399999999997,26.026175485289105,24.625703566572525,71.694137242736772,67.165407723662938,963.728880916814,963.19246677383649
2022,4,PB,94.34999999999998,26.519875917507058,25.350413532513009,77.852380750122137,72.032089092575589,972.55018594288867,972.0115305195477
2022,4,PI,72.0,27.958729127909617,26.560470625508398,76.05608437584111,70.017710942361191,977.6479032274832,977.02839972734409
2022,4,PA,219.09999999999988,26.585904375118144,25.434172791247676,87.175192731674116,81.8758192653199,989.826104885285,988.88173170400148
2022,4,MT,8.3333333333333339,27.713463506542688,25.977503060038391,71.293819893366816,63.472988070950436,960.6409158736908,959.93911146014375
2022,4,DF,174.79999999999993,23.221972222222206,21.650611111111139,69.396111111111125,62.392499999999977,895.86244444444424,895.399638888889
2022,4,SC,116.23333333333335,18.461060978382225,17.492007956342917,84.367977042087517,79.759179104149567,939.99440703139055,939.48927943541048
2022,4,AM,221.09999999999994,27.10222247843377,26.015990376167078,84.336723806947077,78.75069302681031,1006.0344767999615,1005.3029929136312
2022,4,PE,15.72,28.130943875723,26.424537467881965,65.851270846506281,58.705103908167395,959.40071499159444,958.80836217356114
2022,4,CE,164.87999999999988,27.213306568953829,25.791255391679936,81.686734421642427,74.840061754818436,983.8308053689442,983.21121063492149
2022,4,AP,312.19999999999987,26.000149243289876,25.118655584473508,89.222782928705456,82.097968608740814,1007.5402532160712,1006.9182069096598
2022,4,AC,218.6,25.202638888888888,23.988611111111105,92.113888888888837,86.727777777777689,990.48027777777725,989.81125000000031
2022,4,RN,7.8666666666666671,29.897135306924078,28.339486795040489,74.037226170600533,67.299547571032519,1002.2446049848636,1001.6418869879491
2022,4,RR,,27.568333333333342,26.437083333333341,,,1001.6922222222225,1001.0009722222221
2022,5,SC,200.47777777777762,14.687108206555706,13.725848374740464,85.490394228959175,80.93750730234909,942.76172173715531,942.22670136295449
2022,5,MT,8.1,23.965897949705621,22.325934773660553,66.542409605902847,59.902087130314861,964.52694586392477,963.85478644497778
2022,5,TO,16.53846153846154,27.355755156990057,25.731898091091317,71.0871459481846,63.800373226981556,983.48035367215471,982.95075296600157
2022,5,SP,42.291891891891893,19.348775759681715,17.912954147961731,73.634641345198077,67.5693183122859,949.873665879821,949.38326034448426
2022,5,MG,26.575000000000003,20.150262159319482,18.628592725696194,71.968666595575712,65.697186196922047,935.00256339072428,934.52567553836923
2022,5,RJ,39.961904761904762,20.459098438408674,19.279613868095108,81.573252315703513,75.562278145707779,982.63113430793521,982.14462539894237
2022,5,AM,160.42,27.386415244406855,26.325641087765124,81.9901315119693,77.166446089235237,1007.5805653027306,1006.9388490909707
2022,5,PB,236.42857142857142,25.83430913558885,24.699277446476877,82.317362862663572,77.705884847412108,974.391445922356,973.86943041987706
2022,5,CE,109.99999999999991,26.196500839875188,25.088493377807424,82.084517172683974,76.460232363968061,986.28075993775974,985.73575832924121
2022,5,MA,188.35555555555558,27.294792286293081,26.153125186904312,80.378906991353816,75.635114186734342,1002.2111049185653,1001.6317881861044
2022,5,ES,35.283333333333331,22.241727895677126,20.961986040381248,78.112852916153457,71.717080523232852,990.83841427493144,990.35912729492145
2022,5,PI,37.899999999999991,28.174283511231629,26.658681364686768,70.200656041669518,64.084058806350157,980.29494399281441,979.7141567760865
2022,5,RO,29.400000000000002,25.343682795698918,24.084341397849478,69.516801075268887,65.7936827956989,975.72889784946187,975.21263440860173
2022,5,RR,,26.239247311827935,25.259005376344088,,,1003.4881720430109,1002.8610215053762
2022,5,DF,57.000000000000007,20.595133100295772,18.974428609841379,65.5627856950795,58.884377520838953,897.63951612903156,897.21147849462432
2022,5,RS,151.59,14.258763990312685,13.276443223847672,86.301205514278053,82.001491750406984,976.33763292980166,975.8056906619538
2022,5,GO,11.8,22.374862292286231,20.781304452687348,64.501550874832887,57.985437778106473,937.87654409128766,937.4148255652417
2022,5,BA,56.536363636363639,24.816041239561859,23.323143054918443,71.58994529171207,64.798492967712789,965.08112770542459,964.54863326055738
2022,5,RN,14.600000000000001,28.8605838416009,27.438952076116898,77.117253095607026,71.120243426811541,1004.0241305100661,1003.4414446300417
2022,5,MS,18.740000000000009,22.001470998089509,20.448591762820687,65.267348745984592,59.161732137783233,969.05161128610246,968.51078048627323
2022,5,PR,84.094117647058823,17.116123729921568,15.842538480468418,79.204828539954235,73.665246499196613,942.199917433569,941.71452284293389
2022,5,SE,83.800000000000068,25.178378378378387,24.063063063063055,62.921722113502952,56.336594911937333,991.7960360360363,991.31099099099072
2022,5,AC,185.59999999999997,24.433198924731183,23.136827956989258,90.741935483871018,85.26075268817209,992.77916666666715,992.18185483870968
2022,5,AL,366.0999999999998,25.448029797026791,24.589809032457755,79.943548387096726,74.983870967741851,994.19524191052426,993.69590184802473
2022,5,PE,11.333333333333334,26.857185300961326,25.27403712316115,69.712608531385513,63.088566138327657,961.40138197680346,960.83834409801557
2022,5,PA,145.77333333333326,26.799775099685078,24.836695293833824,82.858649220561176,76.907773428856515,991.75405822164623,990.90436713944939
2022,5,AP,404.06666666666655,25.974910394265226,25.066308243727612,89.373413089277392,82.483600782511147,1008.5121863799283,1007.9213261648748
2022,6,RS,137.92857142857142,12.224495594528838,11.259969354303413,85.0290821903968,81.106850412705072,978.69493755892449,978.10881079025546
2022,6,PR,78.706666666666649,16.701033129927978,15.480448236775317,80.3655377277601,75.007930341290617,939.24916346885607,938.74387014334707
2022,6,DF,0.0,20.712781328146722,18.973798277299238,60.501528202278408,53.961933870519587,897.73923312031036,897.328980272297
2022,6,ES,8.5333333333333332,20.794753441389389,19.487428779881839,78.896632958938824,72.666505141364382,991.67891676473732,991.22750013373309
2022,6,RJ,56.01904761904764,18.922582534664141,17.852761119464379,83.669199804126521,78.3583037894186,982.10552064424633,981.6466833828689
2022,6,MG,3.3864406779661023,19.432950526542871,17.834249911430774,70.532445193284232,64.3820812500047,935.1701717186744,934.727958487079
2022,6,MT,28.478260869565222,24.126304456823398,22.5003320949168,66.432253377248543,60.303335940763347,964.90242370402325,964.26187346389884
2022,6,TO,19.18181818181818,27.309988070399967,25.448386502164681,66.792151285628691,59.473279061491318,985.93599712103946,985.4243339355902
2022,6,AM,164.08333333333329,26.713791059849942,25.636481603094843,83.309669479091966,78.201762101163737,1007.1728692030046,1006.5866236140618
2022,6,AC,51.200000000000017,24.372817133443167,22.882537067545318,88.123558484349218,81.9654036243822,992.66919275123576,992.08583196046106
2022,6,PA,92.469999999999956,26.788771134713826,25.557895477675558,80.972914791769824,75.33585093314457,995.71138444634141,994.94176888063191
2022,6,PE,96.174999999999841,23.358226994147277,22.215676812274786,81.601992896480937,76.438626922612727,956.25030711755824,955.78011289165374
2022,6,PI,16.74545454545455,27.624444049312086,26.046087249801765,64.013526725358815,58.136911956908115,979.33950558734284,978.8024202720876
2022,6,MA,99.399999999999991,27.334694933035035,26.102584438614379,76.483632715303656,71.338298080925625,1002.0151917586223,1001.5119933540401
2022,6,AP,152.33333333333326,25.993671652421654,25.006367521367515,87.871296296296279,79.879166666666691,1007.7113924501423,1007.1465811965813
2022,6,RN,55.8666666666667,27.696930444321708,26.367300699622572,75.701135735984536,70.031926416889149,1004.4196209610601,1003.8875733376294
2022,6,SE,96.900000000000034,24.651386481802447,23.630502599653379,76.945144620967824,71.0039676669658,1003.5897226744133,1003.1696651576307
2022,6,AL,273.19999999999982,23.852585774548551,23.02057529659767,89.869391973953256,85.217846630034515,998.68579222089227,997.82339342511136
2022,6,RR,,26.156944444444438,25.008194444444445,,,1003.2180555555552,1002.5990277777785
2022,6,SC,150.85882352941175,13.67724202607422,12.680980728879897,84.754500249945366,80.076196952207013,944.68905328146047,944.119692793645
2022,6,GO,5.3249999999999993,22.649599281509243,21.019683678978961,61.662506913064334,55.437674746929019,937.86861326629833,937.42171184869744
2022,6,SP,38.548571428571435,18.792138899152373,17.476522225769532,76.817345255473569,71.23004409964075,950.21183354604659,949.7327451096512
2022,6,BA,28.954545454545467,23.543229637202465,22.009956255034734,69.986327013971518,63.275288264936549,964.17828101380451,963.63572600554551
2022,6,CE,57.750000000000007,26.405793609155531,25.116370323605835,74.4436826329546,68.174055582131345,985.38046731312966,984.87745881975366
2022,6,MS,18.86,22.485962584111405,20.945694008596234,68.540455263486209,62.461604700452661,968.6483277258551,968.10041359216177
2022,6,PB,133.62857142857141,24.403119037636614,23.309188945001498,83.911420359242186,79.536779068237536,974.64222581754007,974.17891868251183
2022,6,RO,30.5,25.051424642464234,23.995612623762376,75.373129812981261,72.195599559955951,975.19780665566532,974.70312775027492
2022,7,SC,44.975000000000009,16.404481708170632,15.262657090421271,79.307616464821535,73.5395051553934,947.81704943564478,947.23003684103833
2022,7,AM,83.200000000000017,27.528760424061833,26.3486006241322,80.405400899768679,74.93531606416488,1006.247282715947,1005.6941668111574
2022,7,CE,43.800000000000011,26.542461017836402,25.198449196228857,70.036367484209563,63.572459062507257,981.32218219843094,980.81579808472225
2022,7,PB,157.08571428571418,24.281818713696016,23.087947258803638,80.7902234495442,76.1509582451704,975.68323788539931,975.23622488083981
2022,7,SP,7.1764705882352944,20.543449080244518,18.909342912481076,64.92129521267394,58.79665374100108,950.22156165113017,949.76198156874534
2022,7,RS,126.34500000000001,16.091166570918691,15.048593168179266,83.3376781561152,78.831056858870639,975.68416722237475,975.085322126237
2022,7,RJ,22.628571428571433,20.215842231858794,18.8991390184746,79.376960460596408,73.426761572343068,981.58001465187044,981.12582969811933
2022,7,BA,46.183333333333337,23.296151540904898,21.799897411057234,70.468640225408549,63.863675075587,965.7031002292257,965.15950444809823
2022,7,PE,102.64999999999981,22.602214862510447,21.394512903016523,81.505445331575828,76.302732221908741,957.4162057897945,956.96435554978029
2022,7,RO,0.7,27.124063546624356,25.462706019742644,50.579301075268788,45.033602150537646,974.88783712321515,974.424963643575
2022,7,AC,2.0,26.47604327666151,24.754250386398766,84.8933539412673,78.2272024729521,991.62890262751171,991.02009273570422
2022,7,RR,,26.579301075268823,25.409946236559136,,,1003.3018817204302,1002.6810483870967
2022,7,AL,267.67999999999972,23.656010270926494,22.710562280701797,88.911422623876959,84.228395955071761,1003.3173345558245,1002.381157857269
2022,7,RN,179.19999999999996,28.014180345840003,26.561196030021097,69.713515055034435,64.064778273469074,1005.2327624145248,1004.7095684308188
2022,7,DF,0.0,20.398466092572669,18.669321851453198,54.884015069967653,48.946447793326179,898.81916038751319,898.3958288482246
2022,7,PR,11.557142857142857,20.112049690974995,18.605865437889232,66.226049699694258,60.038409041230679,942.78530652661425,942.29843419995973
2022,7,MT,0.14166666666666669,25.527834523958045,23.585029976147869,54.301038665501906,47.706393705175451,964.46880306050014,963.81344236664791
2022,7,GO,0.3,23.123759009646232,21.2763419662609,51.872156545905113,45.634041958335345,938.67618364215969,938.219158418519
2022,7,MS,1.4200000000000002,24.991771443890041,23.211268361628662,51.873968639675418,45.952521779549464,968.1473000506254,967.59403215110513
2022,7,ES,16.083333333333332,21.242219587452478,19.913425081691795,79.635920076009228,73.262431386121534,993.86318407332487,993.42268361437857
2022,7,MG,2.3968253968253959,20.210342334444483,18.512851942856532,65.247128330174974,59.085037452088891,936.0622616657954,935.6115113363328
2022,7,TO,0.026666666666666672,26.284300473171267,24.368214423153102,58.382258725672585,51.3304519840914,977.32994092207343,976.84386278680279
2022,7,PI,4.4833333333333334,28.101922733284376,26.392264305361337,55.154129737883665,49.43204699652172,979.9279302971986,979.38661736452548
2022,7,MA,32.415384615384617,27.625015626748468,26.128671005248048,68.563775998399237,62.932676723779643,998.24860404083768,997.7505394269532
2022,7,PA,37.644444444444431,27.249466568912716,25.963237718602951,74.715356982309657,69.080454140794245,993.10677059091074,992.32049621326144
2022,7,SE,154.50000000000003,24.023647325569421,22.962274768971795,76.512104573532184,69.913276554148212,1005.174248299495,1004.7643452196918
2022,7,AP,232.79999999999993,26.645697285601905,25.560894199667807,86.639522685549451,81.3938390593584,1006.9920671605912,1006.4436008392338
2022,8,SC,176.71249999999998,14.672693272485729,13.588257409225022,80.394030073767368,74.402037394413455,949.29765485192627,948.73066304961719
2022,8,MS,27.011764705882349,22.786907677543009,21.196362424758693,57.561680739861551,51.559810615330228,969.71016480458331,969.15912611688589
2022,8,MG,6.4593750000000005,21.06298159632717,19.4117915075127,59.64890428746638,53.776372647178064,935.395657812108,934.8910078131421
2022,8,AM,96.085714285714289,27.544208560477916,26.371601598265254,79.378012648639455,73.986121301137132,1006.1966429082267,1005.5826937973435
2022,8,PI,1.8823529411764706,28.491167295507974,26.746064848345238,50.451357495290807,44.801003953042382,980.816025527992,980.23250675369
2022,8,CE,6.8500000000000014,27.11001593038522,25.647356697363044,62.880040318517047,56.623803876780507,983.95033203828018,983.40582236134162
2022,8,SE,65.800000000000026,24.061212437033181,22.8878584891982,74.113236948523848,67.511067530177243,1004.858840573427,1004.4245447845312
2022,8,TO,0.12857142857142861,28.312127805734526,26.268760598607784,49.9235751188558,42.97514470128651,977.90525892424091,977.34159596022562
2022,8,RN,28.025000000000013,27.433506105899344,25.985784841060735,63.5508462946547,57.703638431043871,1005.2261166556659,1004.4897576599302
2022,8,AL,124.71999999999986,23.410317624309346,22.450272296762442,85.180211633129531,80.020895611178034,1000.7357847627642,999.8118436676009
2022,8,PB,51.057142857142885,24.467507346903847,23.157864174444818,75.395042028675093,70.2434344002988,976.04640116386827,975.54059905572774
2022,8,AP,74.000000000000028,27.676379686137736,26.530365809357725,81.760302237721547,76.041888259226965,1006.7728149520487,1006.2077375762863
2022,8,RR,,27.590591397849447,26.271774193548392,,,1002.9240591397848,1002.2829301075275
2022,8,RO,12.866666666666667,28.6372311827957,26.800044802867387,45.969086021505369,39.80846774193548,981.103270609319,980.51474014336941
2022,8,RS,99.687804878048809,14.056762998488358,12.934326403088388,81.971007459124039,76.818381086352119,980.10191429478516,979.48097313120627
2022,8,GO,2.0727272727272728,24.940113529561319,23.07462968032949,43.77810549539025,38.053706922772115,938.697320207215,938.17642544920454
2022,8,ES,16.138461538461534,21.342982518736733,20.032696795357829,73.85734961482855,67.855472500544764,993.5064380627216,993.00378845795217
2022,8,SP,43.62285714285715,19.91761735375276,18.45659378524498,66.582991843124773,60.867567646875976,950.443254085443,949.900681833685
2022,8,RJ,73.38095238095238,19.726908959339667,18.556812561044453,78.0559643783531,72.333756287141028,985.617975320882,985.11029332941621
2022,8,MT,20.133333333333333,25.567447108840643,23.706132430367319,51.90811475863643,45.518025322832223,964.57808854618077,963.86185347157618
2022,8,BA,32.162962962962972,23.785460643594412,22.20643268501766,64.094917439290654,59.176950198751037,968.76650849883538,968.17260269963026
2022,8,AC,32.2,24.736962365591395,23.091666666666669,83.29301075268819,76.919354838709722,992.56706989247323,991.90430107526845
2022,8,PA,41.858823529411758,27.853618772253526,26.462651859295409,71.817427851043988,65.83106688430135,992.2814528784661,991.72403267302627
2022,8,PR,60.55,17.72398593338713,16.324288880575292,70.726300726921622,64.58897767879013,944.95686249132177,944.41972434623426
2022,8,MA,13.94285714285714,27.99712381893022,26.4722120430415,62.303208393546583,56.682957777414693,996.6641748633516,996.11315214888384
2022,8,PE,42.563636363636391,23.352334855504555,22.045840060328786,72.357534028454722,66.901469208638744,961.93740458998752,961.41046602071981
2022,8,DF,0.2,22.347297660661482,20.568943264318367,45.890561979026678,40.493949986555464,898.00537778972739,897.525625168056
2022,9,SC,96.677777777777777,14.8433924388283,13.864400450451383,83.0855794042018,77.678784962629862,944.80325946995958,944.18417987700059
2022,9,MS,119.71111111111112,23.815475286007604,22.47111753384133,64.516540193433869,59.187852761077124,967.11924385879433,966.47172024283179
2022,9,MG,49.741935483870968,22.822229826163692,21.289999554011995,61.540577340408625,55.967776983707409,933.41428628180392,932.86035278758618
2022,9,TO,36.400000000000006,29.559733269406578,27.604661449569026,52.242566238461677,45.425994792935661,975.33545297564183,974.7083351703543
2022,9,AM,72.671428571428564,28.480197095445678,27.21193461869667,76.5068543459715,70.736865146385981,1004.4688389671956,1003.8073041422523
2022,9,PI,16.423529411764708,30.037427091056788,28.178185263410541,46.450139574937936,40.653419378402987,977.82404160981139,977.18688233212174
2022,9,PE,15.780000000000005,24.31668940821098,22.964973492558428,69.581616641470944,64.211047340435925,959.61999194852262,959.08066987137829
2022,9,MA,10.342857142857142,28.855416898792946,27.404644924172082,61.801553835017565,56.4574537667938,995.851895053131,995.24154915918689
2022,9,GO,40.790000000000006,26.856487486815912,25.13532149499968,50.0439608279276,44.288664463081481,934.41349013252807,933.83386990477129
2022,9,PR,181.55789473684206,17.378615546214483,16.224801457324684,76.821719317604888,71.177695732918139,940.93576847168765,940.22659599732083
2022,9,AC,12.699999999999998,27.384074770258984,25.851916771094409,73.669956140350834,66.9951649958229,991.3562745405178,990.67312082289027
2022,9,SE,16.849999999999998,24.072133540573354,22.913237802930894,74.338362335625717,68.571379384634014,992.42955745978293,991.91313676379423
2022,9,AP,40.4,28.577171664342163,27.359090539284033,76.823672129242254,71.056093096234235,1006.1911799744306,1005.612224837285
2022,9,AL,33.959999999999994,24.4225741280967,23.335635291900495,82.2256816907334,76.314372563349721,1001.6760014356075,1000.7336516199562
2022,9,RO,20.866666666666674,30.454423216130252,28.834670635792069,41.614035087719287,36.815789473684191,980.22346485127991,979.55376944912143
2022,9,DF,198.20000000000005,24.13406499429875,22.408095781071843,50.993443557582708,45.148517673888264,896.41413911060351,895.88982326111875
2022,9,MT,38.08695652173914,27.837021117661411,26.180385634283258,54.855398740642229,49.018013783967916,963.98774658637012,963.20245268665178
2022,9,RJ,156.08571428571426,19.829748915022488,18.791228935024158,78.614705704757554,73.793190310253124,983.77111096952922,983.21459729952437
2022,9,ES,33.95384615384615,21.726128430377258,20.587067880268503,74.578110068007888,69.269823733495741,991.65263826918067,991.11692743910976
2022,9,BA,35.357575757575766,25.050778418653071,23.548368350038864,64.8845883990516,58.608950096859651,969.42713628210572,968.83206681662989
2022,9,CE,2.8727272727272726,27.90521987829522,26.442604555532679,63.291740885661689,57.17944796386319,981.722114224094,981.15524990277163
2022,9,SP,112.95999999999998,20.201385112516927,18.90255987769763,72.360004019243291,67.090273840293037,949.26642652116993,948.62798573003511
2022,9,PA,41.55,28.565334138092819,27.187356959212671,70.961431993624032,65.020772747228847,991.13996022101435,990.51161464694849
2022,9,RS,67.733333333333348,15.130461957639046,13.991995763596162,79.954790124931748,74.5184063542092,978.45889249021218,977.82515790600087
2022,9,RN,5.9,28.312630786776197,26.8525312607167,63.322951102090229,57.873097300806236,1004.6328569277863,1003.8623160592824
2022,9,PB,14.825000000000001,25.940834119479611,24.52305282394185,69.725644626908675,64.326859521218125,975.30492687252,974.74059500204942
2022,9,RR,,28.272222222222243,26.840416666666695,,,1001.910138888889,1001.2215277777777
2022,10,SP,123.12222222222226,23.056428902336734,21.728923871936146,74.567777914571678,68.302796290134836,947.25905206574237,946.65718520104917
2022,10,SC,197.81739130434775,18.457282121512577,17.384712417178488,83.594889306673878,78.166307087079574,941.10363532024644,940.480783909915
2022,10,MT,116.26666666666665,27.1306270829759,25.69878147145084,72.8900726873887,66.249343359247376,964.94430702657189,964.14173152625028
2022,10,RS,116.41860465116281,17.842021396449894,16.665647869592778,78.750106648216942,73.125007060200076,975.43343785119987,974.80512077952631
2022,10,BA,46.3875,26.977118770290517,25.453689598879507,61.80052169364361,55.578403672782279,968.520510564788,967.85344676481839
2022,10,AL,19.533333333333339,26.094130226975992,24.942880986929151,78.095809279339676,72.294094438144825,1000.0713657395042,999.06343423885812
2022,10,MA,35.371428571428574,29.479374429434586,28.134480280701943,62.425422734159213,57.392593416945594,994.53003436860968,993.9021264442805
2022,10,TO,67.525,29.05981825621776,27.409274014165597,65.0509150679523,57.9912384553528,973.92435154400016,973.25636524376841
2022,10,SE,41.066666666666663,26.0703201956485,24.903506689517037,66.498040207054288,60.7296593817107,992.89236242997254,992.34971314457073
2022,10,PB,12.124999999999996,27.177307192239951,25.766348012741531,67.252737782749335,61.852873167878847,974.0045370027558,973.42382184315375
2022,10,RN,7.4,29.425491128240818,27.91249071972128,60.164232722514676,54.470222389386748,1002.6934663493577,1001.9273507328328
2022,10,CE,5.3,28.68382276682917,27.260029602225092,61.173086415535742,55.4197094789739,980.36599159306638,979.77071352361008
2022,10,AP,18.399999999999995,29.028761979897144,27.8205922744273,74.944600280504943,69.488451086956587,1005.0480320827489,1004.4423737727914
2022,10,RO,134.49999999999997,28.6880139671649,27.203663317814275,58.863636363636388,50.872727272727261,973.461749571183,972.700573388875
2022,10,RR,,28.480645161290312,27.136559139784964,,,1001.0564516129029,1000.3903225806444
2022,10,DF,207.4,24.73071192052986,23.096578366445915,56.655077262693212,50.009657836644557,895.56732891832132,894.99608167770486
2022,10,PR,254.10999999999999,21.030292374179982,19.65970066990927,76.123922163263273,69.537192856255885,938.51928692377362,937.87936067625969
2022,10,GO,81.678260869565236,26.548115213402316,25.011857685768277,61.316631260279962,54.540347615665979,933.3638176024931,932.74486462434663
2022,10,MS,99.733333333333334,25.347499614871097,23.971019967758206,70.336856098595732,63.894374985657876,966.29328999844643,965.6465291648941
2022,10,RJ,78.5809523809524,23.103286335738723,22.052577511807673,80.587297072538675,75.419362962313983,981.1074408054883,980.53319547069384
2022,10,MG,102.82903225806453,24.543612723235032,23.078078211829354,66.289099471296225,59.919155957176891,932.070452802742,931.480055237027
2022,10,PI,30.462500000000006,30.91069091933219,29.187655091223458,49.333759380644409,43.595752125856322,977.72328477822077,977.04997489455673
2022,10,PE,36.577777777777783,25.989566765791686,24.600594844682139,66.149786597850721,60.7868211177074,958.16411051706518,957.59974224800692
2022,10,PA,91.8,28.551963162277566,27.270425355201159,73.68208435831896,67.821898541169617,990.2407236993505,989.58543623963453
2022,10,ES,85.646153846153879,24.428903022139227,23.255127082422248,77.2294850078465,71.697927662313333,989.46673416904969,988.8863758374489
2022,10,AM,205.47142857142853,27.683612520703903,26.577048700977503,80.544997102960309,75.475328607050272,1003.9538083210474,1003.2550710106439
2022,10,AC,201.89999999999992,26.834408602150546,25.450134408602139,83.949596774193509,77.5,990.95349462365607,990.21471774193481
2022,11,RS,55.449999999999989,20.584995259559381,19.21610965677413,69.606319377510175,63.30070644228875,977.19801801998813,976.7135496362439
2022,11,GO,147.34545454545452,24.6562433646064,23.185435285168392,72.565220082911523,65.5896630734476,932.55700437564553,931.93694075813289
2022,11,PR,97.428571428571416,21.360606189011605,19.846192774739318,67.697876187113849,60.664623793951137,936.30077808907117,935.77472332987236
2022,11,SC,141.74166666666665,18.774785354481345,17.517897439665948,75.375436723469264,69.093419416146844,943.34874638655845,942.87343626570112
2022,11,BA,223.374193548387,25.265415349542259,24.069435717655288,76.497088313588947,70.386748492204646,967.05859662870409,966.43001527981983
2022,11,PI,114.89999999999999,27.846522827167846,26.600580358789546,72.890567817765955,67.032039075219643,977.97360022044393,977.36294931888278
2022,11,PA,176.34285714285707,27.723812706099288,26.537774168973112,79.264959079884449,73.485007930222849,993.69422848682746,993.037622366617
2022,11,AP,100.0,27.80349681303116,26.668483042178149,80.713072474032117,75.283164148567749,1004.9277844664772,1004.3294767075861
2022,11,CE,71.290909090909111,27.572704327040377,26.293202566900611,68.002030654117732,62.112054920673593,981.27406905561645,980.704110494285
2022,11,PE,143.17499999999998,26.007677757074074,24.774136117600712,73.371942870326691,67.61809920488,960.85088872822985,960.31275930247159
2022,11,DF,1582.2000000000016,21.976573634204254,20.536698337292172,79.256532066508314,72.147268408550886,894.25103919239973,893.66409266409278
2022,11,MG,211.90322580645156,22.546760580303932,21.249885535101143,76.940466462599645,70.514917467761279,930.63861094274341,930.0578290651689
2022,11,MT,120.44999999999999,26.408789860404315,24.685442926651955,71.606700090091621,64.985496562629137,964.84019956062662,964.105127250665
2022,11,ES,284.33846153846144,23.081658213833254,22.056557020701998,80.293189227248561,74.71746517163794,987.6561482704634,987.12407799666221
2022,11,RJ,280.49523809523794,21.950188690211366,20.891563965241108,82.297967723695692,77.052962444750875,980.3871836997929,979.85232966158526
2022,11,SE,136.30000000000004,26.3269377437329,25.22193297692553,77.720138286675109,71.556619574162781,988.153313140439,987.6074262546266
2022,11,TO,211.93749999999994,26.390107107457652,25.084564479326964,81.79920963892134,75.363968588212188,974.42142728799365,973.76461339323419
2022,11,AM,161.77142857142854,27.046805330707137,25.969018242622404,81.058588306110479,75.931673732053284,1003.9882194595709,1003.3200969705105
2022,11,AL,104.60000000000002,26.814552051749306,25.721817125230409,79.409718580861309,74.026459958208278,997.9054287766088,996.94424464073779
2022,11,PB,62.475000000000009,26.990968105967454,25.64507795213305,72.6774694762961,67.145617359787835,972.76469300214262,972.21673365456081
2022,11,SP,120.60540540540538,21.961605847474637,20.5303152207304,71.653473943455424,65.2688253805819,946.87797841366739,946.32774784794356
2022,11,MS,81.672727272727258,24.757338254119531,23.163354653816594,60.342966465299469,53.732485735655359,965.15846912173777,964.5844828766426
2022,11,MA,186.59999999999988,27.487034863657133,26.383000955450889,75.9086894022729,71.031851394749708,993.76050211729955,993.1332505176016
2022,11,RO,154.60000000000002,27.091340782122931,25.820670391061437,,,1000.2237430167603,999.56019553072667
2022,11,RN,9.82857142857143,29.31607801932844,27.860816072182956,64.244083460503845,58.41043277029879,1001.7701922897248,1001.0202108133988
2022,11,AC,180.69999999999996,26.05541666666667,24.645277777777778,82.138888888888943,75.449305555555554,991.13652777777747,990.434652777778
2022,11,RR,,27.577990430622002,26.431578947368415,,,1001.0910685805424,1000.4220095693776
2022,12,MT,273.81333333333322,25.294457582376626,24.175945836680018,84.570321392505633,79.212888116809552,964.34477658273272,963.60910083676674
2022,12,PR,134.32173913043474,23.745027928083402,22.325346380223365,78.2127964874381,71.2436760216843,938.0951940810445,937.55485237802759
2022,12,RS,73.893023255813958,23.681941065892115,22.256237999356742,70.964183449137181,64.62565820374698,973.09662901741967,972.59127517527611
2022,12,BA,186.66666666666657,25.454001429045011,24.260671729955302,80.2319847708123,74.165257996332315,968.3425092942781,967.74097412327046
2022,12,TO,250.37499999999983,25.9687977071892,24.745363739681547,85.7996196363445,79.502532847962371,974.31735094905855,973.69135862539929
2022,12,AM,330.0714285714285,26.766612140881232,25.721666842671972,84.8097960958067,79.91321417938515,1003.9193711726991,1003.2287038751047
2022,12,PI,110.2705882352941,27.694967784169719,26.443419759417182,74.642233475619861,68.52625598063149,977.30457785862768,976.71898660552665
2022,12,CE,37.290909090909096,27.780533167649622,26.461760473424761,67.356637352434177,61.321999714696958,981.11479075489444,980.56462236858067
2022,12,PE,86.825000000000017,26.17089834409963,24.794009019141072,72.609983387744748,66.143434643891325,960.71869219563916,960.21005156519266
2022,12,SP,249.59999999999994,23.59885588864595,22.358693210205075,81.1517562426728,74.931066405240117,944.68224576553587,944.1334402521087
2022,12,SE,22.35,26.47177506633151,25.382617192055591,72.71663002311638,66.829969366021729,988.00835864404394,987.49992494065043
2022,12,RN,10.571428571428573,29.3616508192815,27.871164587828396,64.402412900614053,58.286942054379331,1002.9423909791279,1002.1906653375015
2022,12,AL,41.400000000000013,27.426395459513738,26.245977703799266,77.876011814304235,71.90101047892793,997.711562263618,996.76880598031107
2022,12,AC,371.69999999999982,26.118750000000002,24.899596774193554,87.18212365591404,81.55645161290326,990.22674731182781,989.51821236559124
2022,12,AP,226.69999999999993,26.536545901181171,25.511790355677135,85.982226255093238,81.0637705382228,1004.9296068502416,1004.3409157436431
2022,12,RO,211.20000000000005,26.674424898511493,25.547767253044654,,,999.69364005412785,998.99066305818633
2022,12,DF,1721.6000000000042,21.764139693356093,20.576717773992041,84.385008517887627,78.303409090909128,893.86392045454659,893.32159090909067
2022,12,SC,216.99999999999994,21.811274459618744,20.601143870989951,80.036256104327478,73.974251818679534,939.827639943278,939.32291827006691
2022,12,GO,245.57272727272715,24.373660303163177,23.134329102156116,82.1714204313537,75.83156822681444,931.93504945996335,931.34603739975228
2022,12,MS,154.3238095238095,26.554021429863752,25.201963935773655,75.477821067562488,68.894428912450849,962.17524120948121,961.57776892434015
2022,12,ES,355.41538461538431,24.15896339428032,23.159290787855976,83.534554266418439,77.639242565522963,986.21925701062958,985.72679262735267
2022,12,RJ,278.00952380952367,23.458198287338821,22.438066045899888,82.89204054192372,77.848272648634747,978.02276566742842,977.53615098411979
2022,12,MG,318.85483870967721,22.940195023824629,21.795649984641628,83.585415466358313,77.652601195379091,929.78063129406576,929.24655958425831
2022,12,PA,182.64285714285708,27.049980183883513,25.92239795676614,83.019182349897363,77.60851144747383,993.89603710953133,993.25239130649072
2022,12,PB,28.599999999999994,27.017421098883773,25.647485531635596,71.766943090574927,65.955654451304241,972.68638286565965,972.15778912071369
2022,12,MA,142.58461538461538,27.415520411000305,26.262666428510922,77.2601530051269,72.197410165379637,993.61881777748329,992.98951219158948
2022,12,RR,50.599999999999994,27.179487179487175,25.996086369770588,71.802556818181714,66.411931818181785,1001.2804500703234,999.5707454289726
2023,1,RS,68.8418604651163,25.438928364827561,23.903030874885708,69.996407016570615,63.286892898870811,974.40428970630967,973.89212878296155
2023,1,SC,198.08333333333334,22.525423451879462,21.286559495864459,80.952905710471967,74.734752387789527,940.68539920235639,940.17282995623418
2023,1,MT,296.22580645161287,24.903530747339651,23.743171894368015,83.290966296858613,79.433282817617453,965.5781957571819,964.83436694121531
2023,1,SP,270.07647058823528,23.713843781658305,22.499755913461108,83.54044605120275,77.342321670698354,945.84839962071294,945.29444209834514
2023,1,MG,353.43103448275872,23.442880354127993,22.216235965053542,83.612793317386959,77.34407760628099,931.13080728649891,930.59104562621883
2023,1,RO,30.199999999999996,26.418181818181822,25.216883116883114,,,1000.7493506493507,1000.0805194805196
2023,1,ES,242.15,25.375957668827816,24.257689133827309,81.352292091781351,74.962992258691628,986.56000477274165,986.057256722842
2023,1,AL,25.28,27.867975690747492,26.621427598043407,71.832285669301285,65.909822120725892,998.50591102204351,997.53052228030492
2023,1,SE,33.400000000000006,27.056520361285617,25.832654216185627,75.424740223733068,61.327171934519505,988.93870144231892,988.43832968636025
2023,1,DF,940.80000000000018,21.961871702304908,20.57817272979727,83.125520688697591,76.3274090530408,895.24288499025329,894.6901698691172
2023,1,TO,170.89333333333335,26.034957684883523,24.703621610666382,85.165640396277908,78.475718411891009,975.538449364707,974.88841336917233
2023,1,RR,85.8,27.312096774193549,26.132661290322584,67.383064516129025,62.282258064516121,1002.5875507442491,1001.6286874154262
2023,1,RN,15.066666666666666,29.79694161159038,28.230168208147713,64.4599775846838,58.0587227939117,1000.2903192597905,999.64527791686385
2023,1,MS,217.93636363636364,25.839473540624066,24.519926832367819,79.4094922252038,73.027872993006625,964.43591496425756,963.83099707494512
2023,1,PB,49.75,27.305054010213883,25.929661398439357,72.295938189079436,66.541170284298346,973.17753022725935,972.64369277847811
2023,1,CE,136.14,27.205573523188928,25.97085711715858,71.500704459369842,65.4036773813501,981.86871139801337,981.31041071058269
2023,1,RJ,315.7714285714286,24.512765494246004,23.422861126099956,83.415054413361958,78.438037879775834,978.70405989698008,978.2064232848453
2023,1,GO,275.62857142857138,24.027560197261131,22.763321004340433,83.851353777359122,77.475888812826,933.28747783473739,932.69992867420819
2023,1,BA,110.25517241379309,26.19488079692017,24.843365002247339,77.26135748871684,70.71743544741328,969.33685996987333,968.75492841368532
2023,1,PR,176.57391304347829,23.774246086346462,22.375470866637365,79.7577691916407,72.860296981326627,939.28643348388437,938.7331006815341
2023,1,AC,243.79999999999995,25.62822580645161,24.471505376344087,88.386424731182814,82.803091397849443,991.70672043010745,991.01303763440853
2023,1,MA,188.1090909090909,26.721689768147346,25.564132605531093,80.410564714994777,75.566953400043232,994.6936383893119,994.06335404356275
2023,1,PA,216.88,26.420382497220491,25.300777128939846,85.26149142345632,79.804024486630709,995.62437777933644,994.9523301979
2023,1,PE,27.825000000000003,26.5955125970686,25.1715099184778,70.78336269403701,64.389000683430254,961.36237014563915,960.84480630968426
2023,1,PI,127.93333333333331,27.013612899801903,25.756156865487377,77.550823644404915,71.06010914798172,978.80725934531938,978.19911338388442
2023,1,AM,362.22857142857146,25.816496577942754,24.870063204202218,87.097318019328014,82.410285153343452,1005.5251493992411,1004.8349162422127
2023,1,AP,231.60000000000002,25.992554625269552,25.049559000425411,87.814407942026435,83.31508456923234,1006.147784641846,1005.5377970558463
2023,2,RS,87.7906976744186,24.001598385739989,22.543393113304791,72.175177377607767,65.692165739914415,974.876715921413,974.36367408282047
2023,2,BA,49.0,27.136111812784161,25.70092548648736,72.447630491632225,65.880015796594037,971.19480112891256,970.65224365839958
2023,2,SE,57.0,27.418565274699095,26.191024689815386,76.505231724083217,66.155667909263627,989.1468711001055,988.65268496802219
2023,2,MS,243.59090909090912,25.238899087517385,24.01215823272846,81.97334276052996,75.679566521582885,967.21090121388374,966.59497418474291
2023,2,MT,201.08275862068965,25.631059587984858,24.391859656662795,81.518154386273267,75.425970793871016,966.42039305873368,965.65544190220533
2023,2,SP,259.16470588235296,24.163710624444793,22.950737347463217,84.423729984868913,77.9915776664282,946.799606774639,946.23278580356464
2023,2,RJ,235.54285714285712,25.75614857406763,24.514939271882721,80.0589281127448,73.020860079095172,979.212322196629,978.66915245263522
2023,2,PR,208.04545454545453,23.106733210639945,21.806797603055944,83.4763824438185,77.0692512367303,939.99341079418878,939.44497261326944
2023,2,GO,150.65714285714284,25.443727816774278,24.019208197384742,78.3166960887305,71.2121276246318,933.76157530953083,933.17070892384686
2023,2,MA,168.54,26.683345978540025,25.589393785438972,81.679226638751445,77.155142904225187,994.76748167880135,994.13537342135851
2023,2,AM,378.5,26.08920934938439,25.124123421405386,87.404462181179923,82.7796415591937,1005.2025184579313,1004.5143480029698
2023,2,MG,106.43728813559322,24.885229429008895,23.428799531282923,76.699700901007546,69.604569224057087,931.72323921013765,931.18786607733443
2023,2,CE,145.01999999999998,26.872374843756841,25.709444408218541,74.976095187132358,68.407598486423353,979.87268757956485,979.30231853645239
2023,2,DF,555.59999999999991,23.554629629629634,22.00182098765432,75.422222222222217,67.675,895.62105588144493,895.08017906761347
2023,2,AP,283.0,25.671552503635041,24.828619933660491,90.03859619229371,86.009677162849869,1006.0000940567068,1005.3937687431842
2023,2,AC,288.2,25.582514880952381,24.481547619047618,89.901785714285722,84.545386904761912,991.88392857142867,991.18965773809509
2023,2,RO,,,,,,,
2023,2,AL,20.5,27.836986023362293,26.666588572092667,73.295079066475836,67.556338275551752,998.60687962173711,997.61885853698936
2023,2,RR,53.599999999999994,27.559077380952381,26.474404761904761,66.0014880952381,61.476190476190474,1002.2628185907046,1001.2559220389805
2023,2,SC,190.46666666666664,21.9584968920477,20.783878722269172,82.432081045253057,76.499742769361248,940.81824568425691,940.32323114833707
2023,2,PI,127.29333333333332,26.842118412469251,25.603517052980848,77.8768319112718,71.080014735406749,977.30606707349784,976.70090738941747
2023,2,PA,301.6,26.476296492059948,25.387153433396112,86.716834043997679,81.4821716388262,995.45721254108344,994.771876576071
2023,2,PB,63.525,27.429586306565511,26.133925587816524,73.541259809762082,67.982018866908518,973.0211539791834,972.4782895027223
2023,2,TO,113.14444444444445,26.736685487082628,25.288078351303035,84.07750264087268,76.849557331520558,976.73645865682488,976.07876922111382
2023,2,PE,37.849999999999994,27.070438121726806,25.665040230372249,68.852133191136375,62.769386398728365,961.31054926343415,960.77172195915966
2023,2,ES,41.25,26.7088076827101,25.360900982325447,75.505507321793758,68.832233238387374,987.03993367477358,986.55836171060957
2023,2,RN,37.28,29.970979336121836,28.49194147039897,65.5868096037821,59.191842406939,1000.0641773385013,999.39278256275384
2023,3,BA,96.592857142857142,26.682429081678904,25.295729495163961,74.390233308772679,68.1830790892185,969.9610538830799,969.39370346758392
2023,3,MG,74.317460317460316,24.650692844781354,23.158297854234956,73.872919112669436,67.018549420118148,932.05895223631035,931.5528014068633
2023,3,TO,241.29999999999998,26.106263255427848,24.897365114429551,86.202543457517251,80.038740768115858,976.76267714923279,976.120452687477
2023,3,RJ,116.55238095238096,25.254288375867141,24.007385158832481,80.074226277723469,74.622764212507008,980.79797221075239,980.33185291736436
2023,3,RS,124.80952380952378,24.421876332946507,23.153629579728513,79.9093383866534,74.14038551521142,976.28487785365326,975.78393696500166
2023,3,AP,317.80000000000007,25.995249363811542,25.06372668534781,88.614340165923835,84.168042010502617,1006.3289713053263,1005.7198978053337
2023,3,AL,57.149999999999991,27.822842335694347,26.636959312439107,73.479095067833882,67.625349799552282,998.56836031338776,997.56542189195989
2023,3,PB,148.42222222222222,26.499264795585553,25.363069179315424,77.432177927217637,71.6694717746087,973.76271384268387,973.21300198661538
2023,3,AC,433.8,25.724529569892471,24.643077956989245,90.575268817204289,85.362231182795711,991.713373655914,991.017069892473
2023,3,CE,291.92307692307691,25.927135304014758,24.828432397001656,80.898947312931242,74.611445156901425,978.73494342430433,978.15929672016887
2023,3,RO,3.6000000000000005,27.667073170731712,26.379268292682926,,,1001.3085365853658,1000.5817073170732
2023,3,DF,722.20000000000016,22.527361928791702,21.102186711522293,77.991869918699166,70.92234370619569,896.16578799775664,895.653841839596
2023,3,RN,142.32,28.748872493393861,27.39410060640467,72.83483229896693,66.43470912778875,1000.3541862839522,999.69250902040028
2023,3,SC,176.64166666666668,22.41280065112899,21.261179386260523,83.61960551014846,75.768719573552232,942.58756816439,942.08881170413747
2023,3,PR,114.22727272727272,24.292222618847003,22.87044669183252,80.0275859111206,73.459897905597643,941.21158377307279,940.66814380934829
2023,3,ES,65.266666666666666,26.162805781077395,24.80477960064545,76.385068938547349,70.433560600816264,988.11934580879131,987.65947369595312
2023,3,GO,168.26,24.620680929193632,23.3264830104276,79.260712938822678,72.737140649455071,934.16451813248977,933.59660850886678
2023,3,AM,292.08571428571429,26.540848571619854,25.607210944374742,86.342004043054885,81.772292699490819,1005.6233372354341,1004.9182128574346
2023,3,MT,208.12857142857146,25.468701635811783,24.288561717082732,84.13369274536872,78.47191751140501,965.85173209116226,965.10310849026177
2023,3,SP,185.42352941176472,24.446770585281019,23.142660141726555,81.286366726775952,74.464186150851745,947.917488435176,947.37140738744154
2023,3,PE,132.55555555555554,26.48766985813705,25.208804660528266,71.6357972058821,65.764189951307515,960.9823918791061,960.43503473793123
2023,3,MA,364.00000000000006,26.210973226860851,25.164858630380163,84.907229825797174,80.536405411463889,994.794544508658,994.15853644179151
2023,3,SE,106.59999999999998,26.793813521873624,25.661020583190396,73.99772708842265,67.69843536630097,989.11465560097213,988.60120277286774
2023,3,PA,351.96000000000004,26.555312889884053,25.461856755649457,87.029433486775773,81.855208835356891,995.1154363189587,994.42529578909841
2023,3,PI,207.22105263157891,26.538749668653516,25.391202382169652,81.03424425746077,74.990230947687564,979.92849053468331,979.30704767719988
2023,3,MS,179.24166666666667,26.024781263531516,24.70112477783842,79.894438242639637,73.140066028411653,967.579619166887,966.97550202556363
2023,3,RR,8.4,28.982930107526883,27.719220430107526,57.333333333333329,52.674731182795696,1002.2345945945946,1001.4060810810811
2023,4,RS,48.186046511627907,19.371785364785282,18.146303686026119,78.065821298844014,72.628586320275474,977.78010777155566,977.341313392385
2023,4,MG,94.409999999999982,23.057745931408419,21.749936899765952,78.286125982519934,72.288442759607562,931.4846347100339,930.98841012644471
2023,4,PR,128.07999999999998,20.944672434409476,19.662948633922923,79.292000416850925,73.690830917373,943.75793805281717,943.27886099966418
2023,4,PI,114.58947368421055,26.87358093646402,25.624392298319567,79.625690986757675,73.495442877267266,979.376424318852,978.77628907419455
2023,4,SC,130.50833333333333,18.713062401731776,17.642249906360203,82.553559342844622,77.3030883379539,942.97229976584993,942.529890222855
2023,4,AL,64.050000000000011,27.500010283321224,26.403684394817418,76.6458306404373,71.206369166154971,997.88937282554582,996.88010532876012
2023,4,RO,64.8,27.123560209424081,26.047643979057593,,,1000.9764397905759,1000.2623036649214
2023,4,MT,158.09090909090915,25.62731918925838,24.41586862109088,83.598740823172292,78.085187351562212,965.33754550849449,964.6357782838071
2023,4,RJ,179.4,22.734979709573167,21.715617005238467,83.095114557442585,78.169769538722363,980.83263504625336,980.34952020523565
2023,4,MS,160.4869565217391,24.155799413735345,22.915992462311557,79.382782678122908,73.3144572357428,967.88720583472912,967.35841055491142
2023,4,SE,88.666666666666671,26.863951843295393,25.726977177817314,72.555721215456,67.017911308145187,988.4986482121933,987.97385718495354
2023,4,TO,125.73749999999998,26.955716864609098,25.602863502528937,82.704428000494531,76.08308392508,975.10235329779391,974.50118442171686
2023,4,AP,277.4,26.680377150162716,25.727233263598325,87.040074384007454,82.347925383542531,1005.5822547652256,1004.9508089260808
2023,4,SP,131.96969696969694,21.947171722866525,20.750494012889497,81.281721645645149,75.271237904848661,948.0844477071272,947.5972770543342
2023,4,RN,74.47999999999999,28.228611373900815,26.960726944281333,77.826585634528286,71.129987819528026,999.83091442661089,999.18356631905931
2023,4,ES,104.96666666666667,24.378513029015462,23.296545921498993,80.729133124312071,75.718084844414051,987.41419380940636,986.91168912710793
2023,4,PE,68.311111111111117,25.897119029790815,24.629162245033054,78.292865646394773,72.108178207468612,960.50581809337473,959.96990631117808
2023,4,GO,102.89,24.434744108317719,23.105175859934103,79.528517730648389,73.213745470115271,933.82573272152058,933.29700812600834
2023,4,BA,103.47142857142858,26.484058669340197,25.168499494873334,76.095342091167879,70.068588344921267,969.17434155237038,968.598514747818
2023,4,PA,214.45714285714286,26.651798469806167,25.621065676351986,87.632876524614645,82.8080231225894,995.10826501366091,994.43094031311773
2023,4,AM,245.98666666666671,26.959920712337034,25.975848091397026,85.857036027395679,81.099513992637171,1005.3001577924903,1004.606218773169
2023,4,MA,226.41818181818181,26.812453923583906,25.695066950024465,83.020067683769923,78.333681309034375,994.193322220353,993.56346845303642
2023,4,AC,167.5,25.938244382022475,24.816721285892633,90.5643570536829,85.126451310861427,991.6213225655431,990.96062343945073
2023,4,CE,183.10000000000002,25.780549767134026,24.704169579945269,82.566674262311636,76.357960243553634,979.1449671499829,978.576059243003
2023,4,PB,132.375,26.308429359647707,25.190851182989711,81.223606738762925,75.404974143603582,973.22332480521823,972.68324461835971
2023,4,RR,293.0,28.56388888888889,27.297638888888891,65.318055555555546,60.44861111111112,1001.6896935933147,1000.9435933147631
2023,4,DF,726.40000000000009,22.140463557665459,20.754677464395421,80.984641161686682,74.394303267243785,895.82507679419155,895.326919854789
2023,5,MS,61.608,22.374882977359039,21.058065467766582,75.214125107572,69.159356371134535,970.53109030623489,970.04419208664888
2023,5,RN,41.6,28.874096725169135,27.505514838056019,72.995642703023478,66.510462721831217,1001.2764746816138,1000.657297964942
2023,5,SC,91.991666666666674,17.184466929823973,16.130457630717565,79.443559638288477,77.6973663676419,945.55217050564681,945.09575440902836
2023,5,PI,67.2235294117647,27.148262937395952,25.899997466358879,77.223349336607825,71.227709236179763,980.81494756481845,980.282568166885
2023,5,MT,18.8,25.433814575796887,24.069252756595763,75.465958567099,69.547061895320866,966.63207053726967,966.01361003376655
2023,5,TO,42.475,27.178190847367553,25.719034141468946,76.593070842610658,69.977907253597863,976.4682326115078,975.94830608397592
2023,5,CE,44.36363636363636,26.544273864452652,25.377778202356403,78.710896905282141,72.75957972693061,980.41206942138308,979.89360243151782
2023,5,RJ,66.771428571428572,20.677514972218969,19.591309306280905,83.001110428245767,77.927431870319651,984.04290461704841,983.58150515963268
2023,5,RO,11.3,26.806433147349011,25.65807867148559,79.751079647433016,74.6418482505467,984.27616633182492,983.7418760330844
2023,5,PE,74.816666666666663,25.15421539426983,24.015834445024836,79.52086260011194,74.074678023869,959.762158180504,959.26612432542936
2023,5,ES,59.233333333333327,22.029359807914322,20.889856923755215,80.951397628110257,75.802753789503143,990.70387854328408,990.22666713412559
2023,5,PB,87.977777777777774,26.318861704493365,25.16540039943655,79.098046681191647,73.346217720260384,974.88933495860476,974.38114539837966
2023,5,MG,15.438709677419357,20.892776823979244,19.388737806432157,73.876130729053685,67.646655674896991,934.37702015087916,933.91080052686482
2023,5,PR,53.050000000000004,18.880063234100678,17.608632467350869,79.363596010676545,73.903590267161,946.61283658385685,946.14239055047631
2023,5,SP,46.855555555555547,19.978952614921404,18.617254279203333,76.959461235806415,70.656200938209025,951.29383413239054,950.8347136257629
2023,5,RS,157.86190476190475,17.271513841376091,16.196980178091298,83.1401330232841,78.4755300408774,979.64432470629481,979.15776369613479
2023,5,BA,65.170588235294119,24.726848898889255,23.534006366924263,78.992156193334964,73.695516607492721,973.46642724117419,972.96863500747179
2023,5,AL,115.1,26.524942742632,25.473221425153557,80.694355206217992,75.284781562431448,1000.0726607090289,999.13346102835885
2023,5,GO,4.40952380952381,23.54049086154652,21.893777493140522,67.021608560974258,60.148750699525763,937.6093186824495,937.14807293441106
2023,5,AM,207.625,27.526477494479472,26.463321603737139,85.42744713015513,80.54245585879319,1006.1780642868903,1005.521865890179
2023,5,PA,171.08235294117645,27.068135272889212,26.025967460210815,86.097609503720633,81.2567690707392,995.75081308640756,995.15083080566
2023,5,SE,167.26666666666668,26.028764349667568,24.867039702548958,81.858840146227976,77.0394115273228,990.61421394128661,990.10005472883279
2023,5,MA,123.76666666666667,27.511492966590467,26.360568702281508,80.046053084055274,75.084389976497448,995.30813404217361,994.74860127234354
2023,5,AC,140.39999999999998,26.117057954668795,24.968279835021967,89.4163784112842,83.76181650440995,993.30387988598773,992.69139681558408
2023,5,RR,322.79999999999995,27.408736559139783,26.269354838709681,76.990591397849471,71.43413978494624,1002.7977150537635,1002.134005376344
2023,5,DF,14.399999999999999,21.353497373513967,19.725490738180817,68.127453690904062,61.161183301078253,897.58360519767757,897.13989494055852
2023,5,AP,300.6,27.081726721962038,26.129751717949844,88.289032294539041,83.745388708947928,1006.4340098444727,1005.8156511248742
2023,6,MT,15.111111111111111,23.778025313688666,22.233941914039175,70.646015103671232,64.5444580166739,968.84792093444389,968.26774984541112
2023,6,BA,39.5764705882353,23.566792694170797,22.291807535651976,77.094212105880331,71.894322721454884,975.65557358794229,975.18616996174933
2023,6,RN,42.300000000000004,28.206007204806372,26.807064837385504,70.969571674203323,64.78349722291253,1002.884541493509,1002.3108847733185
2023,6,SP,59.984210526315792,18.204320709134588,16.82403793318451,77.481474388802255,71.421791488390639,952.81723573911074,952.38302148315643
2023,6,GO,5.0956521739130443,22.687387394587777,20.981930074401305,63.543709194119209,56.913116174746307,939.43593238814617,938.97910641462374
2023,6,MG,6.5032258064516144,19.65166556893071,18.078000012032778,71.766754778709952,65.669203918356857,936.43918352067374,935.99888833845318
2023,6,RJ,26.894736842105264,19.601429344134907,18.38429515256307,81.230097946232831,75.866634695557167,985.62615521022417,985.20119796713209
2023,6,PB,171.39999999999998,25.348653845215441,24.230071207241497,78.116743247694316,72.95486275801494,976.58663409456892,976.11318960132724
2023,6,CE,27.34,26.890200308851892,25.660603186012441,72.808014368290785,66.9897514404121,986.39335699839614,985.91291710747214
2023,6,MA,47.15,27.506147902476137,26.153230983203169,73.1164416885592,67.7627505730696,996.589866311829,996.10172791626542
2023,6,AL,152.53333333333333,25.38073591082626,24.293643799576682,84.040606126021359,77.931878797019948,1002.2361841582212,1001.3966481414324
2023,6,SE,129.4,24.515625084241151,23.383691774495347,85.070820042530571,75.222009569377974,992.93567169437711,992.4694856681017
2023,6,MS,56.833333333333336,19.621128438709587,18.223053748508775,74.782058251639782,68.826097008145126,971.80234678883323,971.34494741237961
2023,6,PR,93.673684210526318,16.989748219249474,15.755842985052778,80.040867483329635,75.1065752466757,947.96172614688328,947.50896956931342
2023,6,RS,117.5285714285714,15.364223498794935,14.305142912196889,83.9499912903847,79.484032909076191,980.58949821508907,980.07955855780119
2023,6,PI,7.3157894736842106,27.354050447547738,25.834577012148635,65.76594401903489,59.562024195074819,982.65657376237368,982.15482469419157
2023,6,PE,79.999999999999986,23.633217452257473,22.600731649750042,80.8222200572771,75.655122127267319,961.659115009916,961.20268421673245
2023,6,SC,131.4,15.24450974864879,14.153756479477126,80.0823665522651,78.5843432034272,946.28761254928531,945.79503874091711
2023,6,ES,17.883333333333333,21.232247597673535,19.932913700568864,80.044025389274879,74.521658613190326,992.98936596178248,992.55349686765931
2023,6,TO,0.094117647058823528,26.741629047459632,25.03984189466701,67.591350807776749,60.827664312062744,978.64438034183956,978.17863180250231
2023,6,AP,191.29999999999995,27.239583333333332,26.137152777777779,86.165972222222223,80.865972222222211,1007.4956249999999,1006.9430555555556
2023,6,AC,34.4,25.796694599627557,24.247442803937215,84.751978584729983,76.8843442404895,995.07590615855281,994.48280460228807
2023,6,RO,45.7,25.164810917721521,23.88735988045007,76.062116736990149,70.412761075949362,986.18314688818566,985.69475061533058
2023,6,PA,49.326315789473682,27.325468795166181,26.111188149331479,79.573760748574841,73.9810223047896,997.51374864700415,996.99593654421165
2023,6,AM,105.70666666666666,27.104787142081381,25.969602940536333,83.3873365776826,78.366413420286051,1007.6613394769557,1007.0975200568794
2023,6,RR,438.8,26.817361111111111,25.629583333333336,81.856944444444437,75.972222222222229,1003.9048611111111,1003.0530555555556
2023,6,DF,21.599999999999998,20.542333333333335,18.900194444444445,64.856666666666669,58.272777777777769,899.258722222222,898.839388888889
2023,7,PB,61.624999999999986,25.293851521470604,24.067417188459714,72.4159303062479,67.180852679258791,977.49050384775524,977.01511243010452
2023,7,MA,10.166666666666666,27.6447653266751,26.14369232998024,67.21243642564086,61.770316607318314,996.91934654264662,996.42232501498245
2023,7,MG,9.4580645161290313,20.380373215634098,18.784877062132772,67.303235562075415,61.182013504078277,936.56200372207707,936.10377375448275
2023,7,SP,17.466666666666665,19.244333692875355,17.807964445046341,72.016211024409714,65.696029698858823,952.574473782236,952.118947961129
2023,7,MT,0.71111111111111114,25.265992349801213,23.381809722330086,59.366523508232213,52.742121567867116,968.67070475278456,968.06143116933208
2023,7,AM,65.173333333333332,28.231729035351186,26.916698465196113,78.182958192839124,72.352539412582871,1007.1728865143151,1006.6475234035431
2023,7,AC,9.6,26.224596774193554,24.889247311827958,78.288978494623649,71.8266129032258,995.35806451612893,994.86895161290329
2023,7,SE,88.933333333333337,24.360046636641627,23.127573690372248,82.558367423358632,76.930048625748441,993.77933663203146,993.30243752585034
2023,7,RN,39.599999999999994,27.840203568342638,26.446824169963122,66.589370622026,60.54884880719279,1003.7804842875112,1003.2189559865469
2023,7,BA,39.066666666666663,23.482019917385173,22.079534252747141,73.0806027438697,67.495190535832137,975.01492460405234,974.52277252050487
2023,7,SC,156.62499999999997,15.038115399647561,14.145479479547685,82.404105304963338,81.890908768534572,946.37991433494767,945.87858024797413
2023,7,RR,384.8,27.090725806451616,25.812231182795696,79.194892473118259,72.473118279569889,1004.0577956989248,1003.4383064516129
2023,7,AL,74.75,25.12174465811966,23.977326992004407,81.451423863459269,75.198768895122328,1005.1494632961126,1004.6591320306038
2023,7,PI,1.6315789473684212,27.960895961472666,26.2779549862099,55.513463506390394,49.574718071034809,981.675338084548,981.14981156147792
2023,7,RO,3.8500000000000005,26.388668699186987,24.761422038327524,67.464078481510626,60.967907019219957,985.50840229384437,985.05525141901762
2023,7,GO,1.009090909090909,23.712838153831662,21.854511500078452,52.919633271686777,46.481662856443151,937.89486206393906,937.413113458373
2023,7,PA,46.14,27.58416407937894,26.239228961065539,74.052671016621872,68.0898795711118,997.186144037533,996.6757798030726
2023,7,MS,12.558333333333335,21.910451962964512,20.43455284693194,67.275946059479736,61.22191651673667,971.070509782307,970.60129593663021
2023,7,RJ,58.828571428571436,19.500681827131707,18.363000522222634,80.274976044308019,74.991497820354709,986.13944369775606,985.66540422520336
2023,7,PR,88.949999999999989,17.59200380827469,16.456316702231064,79.45657613995553,74.55634051408876,946.05526666434673,945.5800268531267
2023,7,RS,161.07142857142858,14.808878426560092,13.843805744876896,85.234425600629677,81.018612780903,978.76657656400948,978.21637174973432
2023,7,TO,0.0,26.953235568023661,25.010582104881831,58.712791006724487,51.621448899871,978.65776740391789,978.172641572757
2023,7,CE,9.66,27.338935598812334,25.973551864845629,64.667268379107028,58.868491330490762,986.918587417278,986.401041525037
2023,7,PE,40.436363636363637,23.45268861606996,22.294703103847048,76.0228718227347,70.508256789208573,962.24506343993926,961.78204062287432
2023,7,AP,160.89999999999998,27.55045641036773,26.442519338195922,83.707623301350239,78.379425715278089,1007.8812823810763,1007.3375723599473
2023,7,ES,81.666666666666657,20.859425518157359,19.704220147323486,79.876219501598726,74.866678529260867,993.43986794506282,992.98349592550107
2023,7,DF,0.0,21.082226404947566,19.302742672761497,55.739714977144395,49.28690508201128,899.38018284485065,898.95020166711481
2023,8,RS,74.590697674418593,16.089319285753184,14.859486942422016,77.851029718699522,72.105870513366824,977.51711486400688,976.9289148534682
2023,8,SP,40.643243243243234,21.279976158809124,19.782241627239721,69.239199383485783,63.072676985055516,949.5913701615292,949.05115935907884
2023,8,MS,46.536,24.589889173485449,23.045769639215248,63.01350627166088,56.930791536987279,968.85871880451009,968.30324480058971
2023,8,TO,20.929411764705883,28.410070238094249,26.479693028059213,59.776857068189344,52.442566047084341,978.891270277064,978.31069392570885
2023,8,MG,35.829508196721306,22.30810198672846,20.683094598634465,65.5999518146702,59.46063812954926,934.35091002058368,933.83250533837884
2023,8,MT,22.76923076923077,27.731590473365053,25.912499878980206,56.745813403801854,50.334000009766093,966.44081791967676,965.75711840661188
2023,8,ES,122.41666666666667,22.17688172043011,21.041599462365593,80.048786575222351,75.093964119524969,990.8660170250896,990.349495967742
2023,8,MA,5.4,28.717351949396448,27.235030705879009,65.459455083149862,60.160364485208873,997.32555825451368,996.5869212819232
2023,8,PR,83.972727272727269,19.097020617145009,17.755252924609685,75.902514164518934,70.447016099474212,942.03854989382194,941.46374876476887
2023,8,GO,16.038095238095238,25.840906978516319,23.958373028622635,51.1356827123998,44.688585255564291,936.11013256405613,935.56523806716245
2023,8,PE,36.454545454545453,24.56822485559136,23.313629715196512,72.7586197445867,67.2828241595492,960.94215328736652,960.44597297548421
2023,8,RN,39.279999999999994,27.759529225255033,26.39868446965221,67.962443309607536,62.109602558352243,1003.7759961006735,1003.1869433612983
2023,8,DF,194.4,23.044531250000006,21.262715517241382,52.654633620689651,46.584859913793096,897.76077586206907,897.26861530172414
2023,8,PI,8.0,29.298325978606815,27.5840714357975,51.738595664083689,46.100964587388241,980.22610955026971,979.65773053119051
2023,8,CE,4.4000000000000012,27.841841560580153,26.434798591121282,62.109586949223946,56.404751760661156,982.10531717977312,981.54989417111437
2023,8,BA,26.563157894736843,24.788517566420559,23.377004440729852,71.8571294301533,66.329567409065945,972.27691704255869,971.75419802559793
2023,8,SC,101.75833333333334,16.310636445249514,15.164414804775962,78.810370261956976,75.8767956826896,944.24062521084431,943.65467137415635
2023,8,RJ,111.3142857142857,20.995168996342127,19.832538184945765,80.615975296417076,75.248298582711328,983.50466671354968,982.96635804515711
2023,8,AC,43.2,27.9372311827957,26.55510752688172,74.041666666666671,67.255376344086031,993.64959677419358,993.06774193548381
2023,8,PB,42.725,25.700163819141046,24.431301457791832,70.445521862304275,65.16790893937636,976.39380263443172,975.88948312581954
2023,8,PA,25.326315789473682,28.751280475518968,27.370081040945948,69.243824791316754,63.457162855079737,992.81833920522422,992.28001178165323
2023,8,AP,46.7,28.674644893558519,27.531354379224013,78.94491689460051,73.375343709749785,1006.8580113315678,1006.3200904680241
2023,8,SE,38.93333333333333,24.8030118037781,23.514130608053549,78.130125456962247,72.53280472266124,992.76372159939069,992.28069998798765
2023,8,AM,57.557142857142857,28.981527186873468,27.693393831635291,76.53671730843179,70.910906322027358,1005.9330894035279,1005.3438209417189
2023,8,AL,32.120000000000005,25.53763207308598,24.421178790156514,80.108727806010421,74.345165085031837,1001.8166843606791,1001.3197647287921
2023,8,RR,26.200000000000003,28.659292035398234,27.199778761061946,73.5066371681416,66.884955752212392,1003.3473451327434,1002.7294247787611
2023,8,RO,66.45,27.834774426183685,26.358115608733279,69.116818244794558,62.879678888029595,983.88515987180654,983.32437236476289
2023,9,SP,46.744444444444447,24.591513304774935,23.048615442680997,66.642757428655727,60.171819715041075,948.14947620065561,947.5922784979972
2023,9,PE,25.818181818181817,25.429986714805789,24.132428778715212,69.050967439587907,63.596680997008711,960.42592230068783,959.88914607483969
2023,9,SE,22.799999999999997,25.686628565059262,24.405081280264639,74.73556166209373,68.810230682147719,992.27460711520325,991.7269738109394
2023,9,AL,50.400000000000006,25.14688658796852,24.063828531412565,78.420722171347165,72.929439865689872,1001.5717217220222,1001.0649567493664
2023,9,AM,86.671428571428564,29.564158782351718,28.22013198745724,73.970794427056745,68.131954585633,1004.8866953776469,1004.2347074556068
2023,9,MT,57.515384615384612,28.873954597048364,27.22861057357192,63.73012638689309,57.029729401582372,965.14374731974806,964.41041606888109
2023,9,CE,1.2333333333333334,29.119910073387018,27.684318524116062,56.529436203555321,50.920594590140546,985.5791189960338,984.962611798674
2023,9,GO,25.01,28.112550919381427,26.375659697232045,53.469444415885931,46.9693072161553,935.69410459726839,935.12089355823809
2023,9,RN,11.88,28.363705598409638,27.016417747371786,64.699411682308892,59.004637763420284,1003.4269383394384,1002.8182331902598
2023,9,PR,121.38095238095239,22.442621348235704,21.08652925081196,73.1131292493734,67.48808067208742,940.38611662502331,939.80872855206621
2023,9,PB,40.925,26.35669250884111,25.050587126084874,67.568678266482777,62.204548750988458,975.88627996208186,975.3431341050516
2023,9,RJ,53.370000000000005,23.237753894306074,22.01358516955024,77.4207076234563,71.5155066186516,982.198278121228,981.663017966771
2023,9,AC,79.6,28.556111111111111,27.160277777777779,75.233333333333348,68.390277777777769,992.52819444444435,991.83930555555548
2023,9,RR,,,,,,,
2023,9,DF,177.99999999999997,25.413227812323349,23.697060486150363,53.133446423522756,46.759966072943165,896.6918575063612,896.18266892847043
2023,9,RO,90.449999999999989,28.461210271616348,27.030740398439104,72.438680940644886,65.985656063873478,982.86123087389615,982.2016591574245
2023,9,PI,2.7684210526315796,30.667380038312295,28.919211979625445,46.531334611629738,41.19596259223988,979.18312506669258,978.56618949475467
2023,9,TO,27.87777777777778,30.345021869528722,28.507719901749965,55.738165320232021,48.947270828798686,976.93741501053717,976.32548727612
2023,9,MS,59.641666666666666,26.967040634776378,25.408492439426379,62.857426276156048,56.368570399905614,966.49618606326351,965.915301858677
2023,9,RS,388.45000000000005,17.706234077568517,16.753394093636942,85.32217329099096,81.120017696178238,975.36483633919067,974.5511195707669
2023,9,ES,39.466666666666669,23.438786365880929,22.305481592543906,77.834741943820333,72.853659326824783,990.40096498709829,989.88676646316344
2023,9,SC,193.16521739130434,19.012740966028591,17.998484271806326,82.137131208900612,77.393462079755537,943.15669970845386,942.51339268771142
2023,9,MG,21.264516129032259,24.999096351947209,23.409611966257849,61.555432746942415,55.57042636062048,933.36400138067575,932.83609699264775
2023,9,BA,27.291891891891893,25.975028341549166,24.547120093274234,67.951463640894616,62.333377633732269,971.8458651460212,971.28924542872028
2023,9,PA,28.747368421052627,29.125088437880546,27.762766526869825,71.585203978796343,65.679109285462019,994.85338580499445,994.25060977533076
2023,9,MA,2.6,29.75434550385415,28.289736877128377,61.674318387036465,56.3699329856765,996.30569537868143,995.50350598776731
2023,9,AP,17.599999999999998,29.3957789981404,28.174675732217572,74.366896211064628,68.930619479311957,1006.109780915853,1005.5312438981867
2023,10,BA,17.510526315789473,27.725575556047975,26.230299398085364,63.795929484513387,58.21676277888276,970.50355327855584,969.90377890443233
2023,10,RN,0.08,29.104891803062554,27.709712170343845,62.236727555389891,56.559335192559679,1002.1120183000444,1001.4629669057744
2023,10,MG,135.8666666666667,26.022610101938241,24.603586929921708,68.875522809731379,62.819652736542977,931.3640587966878,930.76133445693767
2023,10,RS,252.10454545454547,18.160993578768359,17.137591856049323,82.9126400268751,77.922459654541782,974.82456863710763,974.07430708599941
2023,10,AM,89.857142857142847,29.750209155601024,28.46369563635351,73.927212850688321,68.275762813075147,1003.6177380229914,1002.9421746177682
2023,10,SE,4.666666666666667,26.754736124991176,25.425753191190068,73.00475652341359,66.429228339365892,988.91097944208525,988.35225305123527
2023,10,PA,48.828571428571429,29.349816873538213,28.012684801048625,72.956601795541246,67.089590957776537,994.527788558684,993.89995186197132
2023,10,RJ,238.62857142857146,23.437294602764709,22.505095734340024,84.688173047971134,80.020335253526582,979.89175024481983,979.27744695786134
2023,10,AP,22.5,29.727928368547662,28.470654001101355,72.76198627655566,67.265183462307633,1005.0797187925688,1004.4912561951135
2023,10,AC,77.399999999999991,29.177553763440859,27.826209677419357,75.104838709677423,68.456989247311824,991.20564516129036,990.48158602150556
2023,10,MA,12.840000000000003,29.846782285425917,28.47617561025195,64.249445060845886,59.10547012741948,995.20805653127411,994.39718454163437
2023,10,MS,119.66400000000002,28.219005475163595,26.763003588197869,67.1563362941677,60.93565962255267,965.06940306321837,964.40472840566781
2023,10,PI,3.7157894736842105,31.852080141337971,30.026899394487863,43.923477797800878,38.70018883142685,976.8340879584664,976.19383684268462
2023,10,TO,78.011764705882356,29.58814026611886,28.002000148203493,68.707484694848517,61.791687094955634,976.39901740767186,975.7477005236583
2023,10,PE,6.9454545454545453,27.129656777965025,25.659190297200652,61.963899006518012,56.2200457114127,958.59487475987078,958.02256799809686
2023,10,AL,10.16,26.565033776011742,25.358620953586243,72.059186258127909,66.65073656339267,999.75086874533417,999.18963908461774
2023,10,SP,223.53714285714284,24.098685841599611,22.871093234331695,79.100517779614847,73.406569533975258,945.71171810418286,945.05830957596106
2023,10,PR,351.97272727272724,22.062812145282827,20.973987060663823,81.903113338336354,77.26822998577191,938.2660829718659,937.57996979988479
2023,10,ES,61.449999999999996,24.961584784070546,23.897644156714097,77.6654689592898,72.802020239367835,987.2211856659269,986.65178465245367
2023,10,SC,434.02727272727276,18.23420903093254,17.389571838169768,86.694596224610947,82.807487595570777,940.88344985473736,940.128132556358
2023,10,MT,78.725925925925921,29.05435382618527,27.490793029375958,69.396933742619282,62.566408789661679,965.12200151977993,964.43398499787861
2023,10,RO,113.35000000000002,28.593402539464655,27.262877487989016,74.2026352665294,68.082546900022876,981.61005204758635,980.91809654541294
2023,10,CE,0.4,29.668912942394719,28.192530890754412,56.107038147299924,50.527364474285356,984.26262018486648,983.61556641201457
2023,10,GO,87.68,28.120078847800258,26.518793716408762,65.422126928741491,58.181769778570242,934.2850201721601,933.6461295182487
2023,10,PB,4.71111111111111,27.463034657370638,26.04978241392752,62.2596919178787,56.684155954423318,974.32809278859986,973.752775018572
2023,10,DF,464.0,25.813960762013089,24.129854990048337,64.74836508387834,57.0915553028149,895.16490329920373,894.58802616609773
2023,10,RR,,,,,,,
2023,11,RS,295.83255813953485,21.059538177444754,19.991121147984355,80.405651751881976,74.954666371732856,974.53658573015764,973.790258164892
2023,11,BA,30.351351351351358,28.168254493035754,26.6887548808809,66.006905892815212,60.206760277527266,970.97687466500031,970.39450688979025
2023,11,MG,95.403389830508473,26.710747401424833,25.125245193910946,64.453748138081721,57.701334857839605,930.44747138274658,929.88540012530007
2023,11,AL,6.5500000000000007,28.160410395099952,26.847219979966304,66.537542083201842,61.4145043728497,997.42561913438522,996.87415453102142
2023,11,GO,123.89565217391304,27.741109303974387,26.139158554916591,66.21557607855938,58.83133571719349,934.18312265276211,933.56401472421476
2023,11,PI,67.610526315789471,30.368595903543184,28.781887058920027,58.513983967113596,52.345847260892619,976.74037412264056,976.106765393672
2023,11,SC,329.85217391304349,20.72193626527838,19.704578325582364,81.883738157410392,76.913058690695777,939.96710476525868,939.30051686828426
2023,11,SP,135.32777777777778,25.483647635447262,24.061588494997018,72.659498145679919,65.904808716170365,946.03487825725176,945.43924510764839
2023,11,PA,84.561904761904756,28.991447696581098,27.722869911399741,75.729551180115351,69.803272804586911,994.46862745863154,993.84961036985442
2023,11,AC,101.6,28.255277777777778,27.032916666666665,78.3375,72.395833333333329,991.26486111111114,990.57055555555564
2023,11,MA,37.828571428571422,29.449112187814357,28.144109862072341,67.497014525121187,62.268076190064548,995.00493834731537,994.20782058932878
2023,11,MS,128.09230769230768,28.200734283375049,26.741085167877365,65.407968250138993,59.072515609232312,963.775373092123,963.156740632684
2023,11,RN,5.65,29.279977009931653,27.939054898794208,63.5648752181408,58.006344799768918,1000.4311850122006,999.79834371298773
2023,11,SE,17.650000000000002,27.43247101738087,26.204452360664451,73.683888021743428,68.1101186045568,993.64335219162012,993.10751439625085
2023,11,PB,37.45,27.683216172986672,26.325265236393196,65.202666318628175,59.57037646951192,972.64026589159926,972.09889834494072
2023,11,CE,8.9999999999999982,29.542405238499235,28.133982062947855,60.204498548306475,54.460575336697048,983.86668539673974,983.17871431522747
2023,11,MT,103.9655172413793,28.346559919953155,26.898917090362968,72.614579012027946,66.180652248662156,964.97924583495671,964.32489418092757
2023,11,PR,197.35454545454544,23.298074065505059,22.143185494844566,79.256768287250168,74.031103219957089,938.63591701019845,938.04573603956726
2023,11,ES,46.599999999999994,27.22281785735138,25.871871535765209,68.703654983701881,62.933515911568009,985.69802125944636,985.163469390031
2023,11,AP,19.85,28.610012087034438,27.402107861929252,76.005581365903069,68.576414699236409,1006.9484442340658,1006.3547852540128
2023,11,TO,106.49411764705883,28.658676035266822,27.206227714220152,74.922922963047185,68.174956581356241,976.42138084074418,975.76123090238684
2023,11,RJ,124.94285714285711,25.229871249683054,24.029182733742275,78.689847960943766,72.642508074420533,978.7306113472597,978.17844233718131
2023,11,AM,114.91428571428571,29.045025619467317,27.848745792457386,77.114672598414558,71.7284319773656,1003.4112875913956,1002.722475055513
2023,11,PE,17.5,28.522335574969,26.999990872168848,58.778653981493783,52.873125050369239,957.87289521849664,957.3200339332102
2023,11,RR,1.0,30.0990990990991,28.598648648648648,58.833333333333336,53.522522522522522,1001.1599099099099,1000.4995495495496
2023,11,DF,562.19999999999993,25.516666666666673,23.828205128205131,66.71728359078989,58.940250655785491,894.79740524781334,894.22638483965011
2023,11,RO,165.60000000000002,28.083028483992468,26.876041666666666,77.3173552259887,71.596580743879485,981.54382179849347,980.885812735405
2023,12,MS,141.95384615384614,28.370560201697355,26.935241933485248,72.235553954247379,65.130723260718767,964.6291360857598,964.00883577456182
2023,12,AP,174.1,27.966143842777988,26.836204844578042,81.514320992705677,75.982425272680644,1006.8021431753475,1006.2320097175207
2023,12,GO,164.22727272727272,26.933772952924954,25.448175309878462,71.509521963363738,64.045867843613351,932.8651784098148,932.2738011619499
2023,12,RS,174.01818181818186,23.300219342216472,22.1261213430034,80.275730787525859,74.4970174252004,973.84759146809222,973.23439203978364
2023,12,TO,130.41176470588235,28.259313136505142,26.83276099500678,77.725558990772157,70.954028510128467,976.71540385518017,976.06789328411116
2023,12,MT,147.22666666666666,27.539333955147296,26.181514879927182,78.1619260917963,71.792196872781048,965.00367312203628,964.35726909227
2023,12,RJ,138.87619047619049,25.5469021666195,24.346786357777781,81.0063503432212,75.059434197082965,978.97775784460134,978.45699795997928
2023,12,AM,245.61428571428573,27.545840947826438,26.495638862162153,84.5068971912824,79.699380844594344,1003.8262407896634,1003.1333882370999
2023,12,PI,70.0842105263158,29.981203282760177,28.48927463710945,61.542700404178277,55.496701247236516,976.78031192892411,976.16437184439928
2023,12,PE,36.916666666666671,28.297646409570334,26.839895230585892,61.843703325187427,55.4015980698021,957.69467051530364,957.16100793631983
2023,12,SP,95.100000000000009,26.245148957448237,24.759165461322389,73.65120223559353,66.568919073100318,946.22199272860325,945.65550747529778
2023,12,PR,133.1,24.904507123876648,23.595227189685207,78.6283555771174,72.359159810569068,939.39913133070525,938.83811161411336
2023,12,SE,44.300000000000004,27.554346387600244,26.341395422016038,75.283148594483563,69.41175572675138,993.43949464163688,992.93639533211058
2023,12,RO,251.15000000000003,27.57944254553589,26.40469036732032,81.178737848249085,75.58161483688977,982.21108098450043,981.52362036868521
2023,12,DF,996.80000000000018,24.572128329991411,22.987109710684614,71.715267831566877,63.828988828415937,894.9511461318051,894.41375358166181
2023,12,RR,22.4,29.952150537634409,28.626612903225805,60.0268817204301,55.102150537634408,1000.7977150537635,1000.178494623656
2023,12,CE,29.236363636363638,29.509636809154003,28.161733309532142,62.933150722252449,57.130668494151863,983.54168342198932,982.87984999528453
2023,12,BA,60.437837837837833,28.350007063783877,26.874982097299689,66.262623829698953,60.358744417194266,970.90894684306159,970.34738676126551
2023,12,MA,69.385714285714286,28.920137290395267,27.71864976659813,72.526686216423315,67.349381857761983,994.92172160690382,994.13376798691866
2023,12,MG,144.5186440677966,26.250298786882,24.743570115792128,70.646700761108846,63.832475982855435,930.5723581490447,930.01532151474794
2023,12,PB,40.900000000000006,27.512227011463661,26.26722870414519,69.541605478875809,63.872677262523439,972.31424922849192,971.79613586436494
2023,12,PA,135.12380952380954,28.064224994963784,26.904590419672797,81.208246232752344,75.51183429949009,995.52691383643707,994.89953324388375
2023,12,SC,140.85217391304346,22.941923262250572,21.789108709911829,80.880271669451645,75.186382263674915,940.72356895581572,940.16562042872124
2023,12,ES,111.45999999999998,28.161370645896227,26.763055217219861,71.810980211023974,65.88704992295547,997.1209121783088,996.53156204699133
2023,12,AL,20.64,28.035616515494638,26.811256663617115,71.742616448344648,66.310282501148691,998.183724834342,997.66164049012434
2023,12,RN,45.8,29.613323588639677,28.250649725681757,65.329886373008421,59.375759951219734,1000.147181153393,999.53920697155172
2023,12,AC,182.84999999999997,26.771872467228697,25.763561642141397,89.274205612920014,84.230454309573531,988.58956542563976,987.90192838718178
2024,1,MS,145.6,27.706815636213221,26.259261932918406,73.756731716171046,66.530214877620679,964.82787829881352,964.23582610657
2024,1,MT,254.15555555555548,26.513658115634389,25.278516334843104,83.1589781989658,77.416258239806311,965.02477952598713,964.40834788163261
2024,1,TO,331.78749999999997,26.696398951488124,25.455107166008069,87.018851729124435,80.962987332685628,978.39094877788284,977.77308103306348
2024,1,RS,134.95609756097559,23.28893660799201,22.053315725269151,80.451344439719207,74.604103787860566,972.83950945477136,972.31378357636879
2024,1,SE,53.95,28.194148612859806,27.073975066571151,77.278491653249674,71.771377100855531,998.99381435512817,998.48453247333532
2024,1,MG,265.32333333333327,24.899252572608003,23.617295983919348,80.855779367155847,74.627364083963712,930.54240211224237,930.01006283778577
2024,1,AM,249.76923076923077,27.67360105864887,26.610690776324279,84.252504040658152,79.391871199471353,1005.3030465474301,1004.6453170857046
2024,1,GO,231.8105263157895,25.618185990497977,24.280173097921828,80.9572628195677,74.050355171654274,934.10819096846728,933.52699440675337
2024,1,RO,323.7,26.767607526881719,25.69559811827957,84.784274193548384,79.800739247311824,983.38269489247307,982.73494623655915
2024,1,ES,230.70000000000002,26.323650101166265,25.224807750307711,80.693808829459243,75.634027944125037,985.36038770386278,984.8565699335893
2024,1,PI,172.91111111111113,27.928084157652012,26.701315390235298,78.295063082446234,72.162568252186063,979.77149043097722,979.193518000695
2024,1,AL,43.72,29.35133262241704,28.084023666129458,74.792903584621484,69.359162406416317,998.27113524531887,997.74331929293282
2024,1,DF,1782.1999999999998,23.170632279534114,21.859983361064895,84.1616749861342,77.5740432612313,895.06715672676842,894.531761442441
2024,1,RR,4.2,30.236424731182797,28.918951612903228,52.512096774193544,48.122311827956992,1002.5004032258065,1001.9040322580646
2024,1,CE,52.909090909090907,28.891409209836478,27.632375986256758,69.074589338982449,63.046996498177414,984.84761903003232,984.20550810885879
2024,1,BA,167.09411764705882,27.537764379028349,26.258079606480244,74.955287311812654,69.038187202500524,971.29352634305189,970.736192835679
2024,1,SC,250.08695652173913,22.30966112461719,21.152845008184212,83.89287473780675,78.455126764820221,940.81409542286951,940.29225736596
2024,1,PA,293.13684210526321,27.310430764370608,26.236436879070958,85.236012985159448,79.875662574636166,997.149313890746,996.49748016965691
2024,1,MA,161.43076923076924,28.107290313964036,27.010810686638525,79.267545874778662,74.14155411768462,996.6529248491845,995.88808729511868
2024,1,PE,59.400000000000006,28.408476271836708,26.958048315399306,66.466141907807426,59.917227693520871,958.360822702678,957.83060746296348
2024,1,RJ,365.21999999999997,25.332275056381825,24.192138998868398,84.58158176879266,78.86781758953633,978.222062235455,977.71256147419672
2024,1,PR,144.16521739130434,24.470350810377944,23.067264297206144,78.661418375910557,72.48453141847834,939.29514008631293,938.74837850446
2024,1,SP,190.13333333333335,25.121410674750418,23.742744963711722,78.171163281546683,71.528756335743566,946.3245289446528,945.77338759550048
2024,1,AC,313.54999999999995,26.832377211217008,25.821906566156372,89.026779728194555,83.967921916003192,989.6647758253049,988.979182446772
2024,1,RN,56.300000000000004,29.544036403805688,28.216147706023218,68.657850173901963,62.413220184131,1001.2805764364072,1000.6810948734659
2024,1,PB,81.142857142857139,27.786569057037031,26.566334097267948,72.004120835510832,66.029702042718256,976.17405471256393,975.67431631138732
2024,1,AP,342.90000000000003,26.861014058916393,25.844907459118936,89.349847776924378,84.669276540365246,1008.5658000848896,1008.0083500878683
2024,2,SC,160.29999999999998,23.449093369775088,22.340436329327467,83.5424294281005,78.232841358596787,942.112347186831,941.64022927081487
2024,2,RS,122.56585365853658,24.874592994321208,23.660142596431932,80.861793817696707,75.126956491608,973.47064983535438,972.97837247591519
2024,2,AL,44.28,28.526283960654339,27.400730135131614,80.775453847476186,75.193499058489678,998.91438874400546,998.38857751788464
2024,2,BA,159.73333333333332,26.752377153504359,25.552848432698276,79.538163095049256,73.429399039050182,972.108806236675,971.57888370387275
2024,2,MA,327.07692307692304,27.363474744916573,26.344525598750959,82.112080002103141,77.186484222916462,997.030838040864,996.24726694740582
2024,2,RJ,154.73999999999998,26.100295539358548,24.875296941164059,82.219741860426,76.187261838336227,980.21948185691883,979.713173301276
2024,2,AP,271.9,27.116961648659569,26.059216070496962,77.35273598345141,82.2688679245283,1008.4917776859191,1007.9285801210851
2024,2,RO,319.0,26.714978448275861,25.665158045977012,84.6548132183908,79.798491379310349,983.69723419540242,983.03092672413788
2024,2,PA,274.11578947368417,26.980067062599524,25.958139171708908,86.750987060862045,81.712646839210279,997.28730925492471,996.65126923482956
2024,2,PI,242.43529411764703,27.294868115838192,26.160969126193734,79.08078482167727,72.982113630978887,980.25816891709337,979.67131498397237
2024,2,PE,72.919999999999987,27.4515649517174,26.100493298475076,73.4243658657506,66.909297097737721,958.94448863226876,958.39555662501084
2024,2,DF,1099.0,23.130438675022383,21.847090420769916,81.005671641791068,74.4471641791045,896.2829253731345,895.78716417910448
2024,2,TO,224.6625,26.641439302484695,25.523583011197825,85.978771943368955,80.541232549832117,978.17683043523641,977.58830332669027
2024,2,PR,129.38260869565218,25.18414607772862,23.821570310038446,79.4698532816107,73.369002247845913,940.66971229781109,940.14157555255292
2024,2,MS,132.78333333333333,27.427532906635744,25.992563402098781,75.544878355175328,68.184022899484262,964.72914736647635,964.14632359696236
2024,2,MG,185.89310344827589,24.639518677444315,23.379227093649671,80.968844664871469,74.792555516623707,932.91999875916122,932.40577388116333
2024,2,GO,217.2235294117647,25.859405046944978,24.503177390237717,78.699122946068968,71.864850497156226,935.31943078905988,934.73965059355692
2024,2,CE,205.67272727272729,28.004882927501288,26.781964889948163,73.445859333584366,67.289795906842983,980.29024047353846,979.6102338833598
2024,2,MT,217.85833333333335,26.590015139029738,25.349758738322652,82.377338527021266,76.42789928306199,966.07644165728277,965.44408401336921
2024,2,SP,158.8235294117647,25.492537369411078,24.163533683755119,79.6826004187538,72.997005120606474,948.62012574254265,948.07714930232419
2024,2,RN,129.53333333333333,29.211199559416464,27.928653657988239,72.921863656228311,66.595298287654856,1000.9708231340949,1000.3295655818301
2024,2,AM,264.38461538461542,28.113449868636735,27.008155785906268,82.86229346737322,77.70373906004663,1005.7360203682656,1005.0613805676785
2024,2,PB,148.51428571428571,28.009554765035762,26.741855060964461,73.177324160442737,66.944592928476624,976.10250142778523,975.55219207007394
2024,2,AC,327.6,26.709982313239802,25.695112854805831,90.503352490421463,85.58534066300183,989.72353420439561,989.02552134188113
2024,2,ES,186.85000000000002,26.261205112592513,25.08936788527329,83.049308128299174,77.397445292735668,987.53645490205577,987.03247683461007
2024,2,SE,65.45,28.065737362192642,26.991212167525276,80.842129141141484,75.1470597843763,999.72674187452537,999.21774094629347
2024,2,RR,6.8,30.977586206896554,29.665660919540226,49.522988505747129,45.389367816091962,1002.028448275862,1001.3900862068966
2024,3,SE,54.9,28.964684139784946,27.81179435483871,78.060243786735782,72.021186710325367,998.66659946236564,998.144254032258
2024,3,RS,152.08837209302325,23.0715006008831,21.898681829736347,82.425548541696,76.959192654314748,973.92411271210779,973.37290250106219
2024,3,MS,128.86666666666667,27.772077828294233,26.427083928000854,76.129569257136936,69.347041241521438,964.54006097556874,963.97312834529328
2024,3,CE,216.27999999999997,27.162136129566527,26.060707747696075,82.232751392995738,76.088527377642123,981.15820309804531,980.51338880407775
2024,3,PR,75.24545454545455,24.720671768668314,23.440181030005871,79.09903087558142,73.619424992304246,940.76864245377851,940.25503814309468
2024,3,SP,139.96571428571428,25.322532648177603,24.099357271261862,81.168914288528583,75.1652811956465,947.68256713572521,947.15064588222913
2024,3,AM,287.42857142857139,27.750158449705218,26.750905570459985,85.4793306759496,80.7543261676581,1005.3877303252374,1004.6892004032554
2024,3,ES,135.03333333333333,27.206209252418432,25.983976736375553,79.56014973839666,73.955112320383364,986.61049171504931,986.11489813117021
2024,3,GO,225.88,26.171865974086487,24.838684087325579,81.506322624849659,74.9058091351376,935.5909569100487,934.98857575868988
2024,3,PA,425.15789473684208,27.075056254635317,26.080802175000851,88.164109490326268,83.201206646003939,997.374741247386,996.70729535932685
2024,3,AC,205.3,27.178313596288241,26.104748895034017,82.634469975941471,76.43606692198162,989.30888858616686,988.62453320255736
2024,3,RJ,257.98095238095237,25.510831752506125,24.453962658073223,84.3844518549839,78.960597022031862,979.88071280358929,979.3852631613421
2024,3,AL,37.68,29.18634013488396,28.018914001744736,79.470227852271037,74.030629183530309,997.89465450899161,997.3469628003927
2024,3,RO,301.0,27.292405913978495,26.2073252688172,84.471774193548384,79.501008064516114,982.905376344086,982.24314516129039
2024,3,PE,75.14,27.569230438813936,26.275341283877744,75.719518332038547,69.21282141461019,958.19511442947692,957.64600683750552
2024,3,DF,884.80000000000018,23.742432581177766,22.386103467253712,83.499036608863236,76.931461601981837,895.9688136526288,895.43047068538419
2024,3,RN,260.5333333333333,28.071112604044188,26.954613558273333,82.979510230710687,76.739261252536409,1000.5855154505331,999.94187300019416
2024,3,BA,57.22,28.087989298203379,26.73584925811959,75.04917800899814,68.6258566256742,970.34431051337788,969.80953342484236
2024,3,SC,124.23333333333335,22.831091164782929,21.733395088301297,83.193262137327153,78.011265684822988,942.46766866309349,941.97857375101808
2024,3,AP,331.0,27.068771614356294,26.111278879686136,70.517903002057423,84.413777654183662,1007.9686197689626,1007.374620023249
2024,3,MG,165.03389830508476,25.353638440817289,24.06695675529345,80.735928838323858,74.716673950382315,932.22100935463334,931.70095946481888
2024,3,TO,207.2375,27.438715090149078,26.224663619412929,85.79959540238373,80.020764957164388,977.12527802301133,976.48324327022146
2024,3,PI,157.58823529411765,27.561179672303915,26.356942125389597,81.342518027987666,74.654561727753858,979.57955234350754,978.953805001695
2024,3,PB,146.4,28.081431815629102,26.809676299250853,77.925446546065842,71.475347677269426,975.40119060967766,974.82221218286759
2024,3,MT,225.06666666666666,26.92331966152301,25.727733822147083,83.991887177328664,78.248272806960571,965.25106380979776,964.519287754165
2024,3,MA,383.69090909090903,27.243369437495584,26.167702122143623,86.1201139404235,81.013322092293166,996.7266399785417,995.85349546537566
2024,3,RR,33.8,31.583736559139783,30.350134408602152,49.806451612903231,45.8252688172043,1001.2688172043011,1000.6181451612903
2024,4,AL,144.59999999999997,28.02328082817915,26.963280853477205,85.025105403071493,79.738653944925133,997.68032709479246,997.1497644715422
2024,4,MS,109.66956521739131,26.527616657812406,25.272646583474298,76.578820654076779,70.460284967205368,966.23649166285281,965.72704965511662
2024,4,BA,144.10857142857139,26.548277484787587,25.385086173932365,81.290664334578224,75.724583518146687,971.39857999968126,970.84249262356093
2024,4,MG,40.137704918032789,24.171256524497487,22.827121985565228,77.492593190514171,71.477956702791886,932.62544823133055,932.16793103892019
2024,4,ES,48.563636363636363,25.535487042303604,24.336669215435329,79.834468646599859,74.0246223059296,988.11734603150421,987.66056608687029
2024,4,PA,360.94545454545448,27.102126954439441,26.094031402448206,88.28670024349158,83.076391135129711,997.16133038346118,996.50639246543608
2024,4,MT,142.275,27.019921956487227,25.76539610272193,82.7890149470164,76.728958270983838,964.38257996786672,963.678319219312
2024,4,AC,199.75,27.051623601203605,26.011431625373671,82.72114190580524,74.481056489792167,989.1205823467966,988.49435381847718
2024,4,TO,172.0625,27.229602573096535,26.05869029636807,86.41255493979267,80.938939978590028,976.957157442821,976.356804705291
2024,4,PE,99.5111111111111,26.361514391288544,25.202768534933689,80.58489169238338,73.6780436727458,957.94975987204953,957.41048659178682
2024,4,RJ,23.866666666666667,24.248584691172994,22.988433490092863,81.573169884011008,75.838790711043828,981.59563879618486,981.14502319706753
2024,4,SE,243.53333333333333,27.9784375,26.825208333333332,84.16543830564548,78.027875307410469,998.43274305555565,997.92416666666668
2024,4,RR,177.4,29.816527777777779,28.689444444444447,60.384722222222223,55.620833333333337,1001.4276388888889,1000.7666666666667
2024,4,RO,236.0,27.24079861111111,26.15375,84.850347222222226,79.878472222222214,982.90868055555552,982.28173611111117
2024,4,DF,445.8,23.529040333796939,22.1798331015299,78.751321279554944,72.509596662030631,896.28595271210008,895.815187760779
2024,4,RS,273.83720930232562,20.877851103169689,19.935297822326884,85.1535535246968,80.829882412147185,973.96090405060966,973.40359566482016
2024,4,PR,128.90909090909093,23.248740143003197,22.12259969763225,80.305325447211942,75.624010398489176,941.23507761430938,940.763945848129
2024,4,GO,106.02000000000001,25.96980735668917,24.638071806671963,77.961894977227161,71.6112962206228,934.24754288260351,933.725416428821
2024,4,MA,341.85454545454553,27.165573965833879,26.08061750349259,86.872264112095749,81.662588474229409,996.29720191647323,995.44238203591772
2024,4,CE,209.26,26.892980266840823,25.862177032453509,84.360366200769462,78.131186046766331,984.12193249781944,983.53889402881384
2024,4,AM,291.6307692307692,27.669954156032379,26.671193367198534,85.722554334667578,81.297242056951248,1005.1407812220447,1004.4679219784909
2024,4,PI,169.05,27.449374083984914,26.2549291722056,81.405329827996141,75.238838425839063,979.35748496234453,978.74837418818129
2024,4,SP,58.805882352941175,24.368770607554424,23.107339188947055,77.916061030216042,72.021201775528723,947.98266475289734,947.52556707362521
2024,4,PB,129.33333333333334,27.388065265990591,26.212830258341409,82.151223689636339,75.758220623017735,973.09483181545261,972.52076654198481
2024,4,RN,213.26666666666665,27.903271069831437,26.850006965944271,84.062199849309764,78.2317078398302,1002.9053674750602,1002.2699715342278
2024,4,SC,170.99999999999997,21.017325797342348,20.080742004200623,84.852929079394769,80.337461956471628,942.63655038171794,942.14405617925843
2024,4,AP,318.65,27.169965277777781,26.232881944444447,69.337596141890586,84.454977997799787,1007.4194444444444,1006.811736111111
2024,5,BA,71.848484848484858,25.409090501135086,24.157663126764582,77.2434114890562,71.513439493352791,973.31163522084614,972.78925742277886
2024,5,SC,254.46363636363637,17.4277377977402,16.582688094337065,86.006274548746049,81.906033796287645,944.17034784274131,943.60128568705409
2024,5,RS,375.64390243902443,15.726936509172262,14.943666004188755,87.901221392608733,84.182297401461355,975.21655457972224,974.55516616299917
2024,5,AP,458.5,27.16901985737854,26.208795668171753,70.0877616869234,85.213775613714745,1007.7358779613307,1007.1306984363016
2024,5,RJ,34.39,23.585173424603749,22.316753674959386,79.15799316935518,73.568204442810256,980.75645502418126,980.28244077699924
2024,5,SE,303.06666666666666,26.362096774193546,25.346908602150535,85.623394732316,79.518157670330538,1000.4517809139785,999.99751344086019
2024,5,ES,24.363636363636363,25.716038763045368,24.293873585541085,75.60700091681629,69.565993927704838,988.42230002853933,987.92227027706338
2024,5,MA,108.16363636363637,27.926383932443219,26.758007622713141,81.021940138251125,75.689565911751828,996.75631801915085,996.02486636366427
2024,5,RO,38.250000000000007,26.066801075268813,24.917876344086018,79.660282258064512,75.017473118279568,984.47140456989246,983.9521169354839
2024,5,DF,0.60000000000000009,22.361124562819487,20.722168415388751,67.30320150659135,60.479956954533236,897.7411891310195,897.3311541565779
2024,5,PE,36.222222222222221,25.319678756760876,24.193580157831928,78.7409750231482,73.4230836117789,959.22400084392132,958.75905574295928
2024,5,RN,44.466666666666669,28.585680478422415,27.442486197781388,77.346802776710476,71.512160438302828,1004.3650743333109,1003.8099864798701
2024,5,PR,98.872727272727289,20.84367163863595,19.68147041381112,77.528739866694409,72.993443449716736,942.22744568029566,941.73696928687252
2024,5,GO,0.32631578947368423,24.853335376130023,23.273821300620412,65.630735259589329,59.087934582440411,934.80944477799153,934.3579381600498
2024,5,AL,249.46666666666667,26.154119412249958,25.248065025033618,87.412306822280868,82.520605489517408,999.61104403263789,999.14988206335727
2024,5,TO,6.0625,27.356116088727909,25.826695425229708,74.99611499118727,68.358349585120763,977.68814925111462,977.21633033904254
2024,5,MG,9.7483870967741932,22.896437902031085,21.34053340516984,72.49973868158942,66.365661542662053,934.10808880908178,933.66321737141959
2024,5,PI,29.96,27.91992814140302,26.489268312366086,69.561330216682151,63.629029185562388,979.2296056040135,978.709588902576
2024,5,MT,4.975,25.768502658501632,24.333656860202531,73.455082819582657,67.504668761555436,965.65595017036867,965.045265495003
2024,5,AM,212.10769230769233,27.502944689715957,26.473285183338408,85.312862761039653,80.947095782298192,1005.764692028482,1005.1415953904161
2024,5,MS,26.952,22.837632788227918,21.524369206185707,71.751037277724762,66.195320682878048,968.92823524756545,968.4577073542996
2024,5,PA,169.8857142857143,27.780890644132427,26.665003531137121,83.7717323510615,77.93724835453888,997.18955943159733,996.61284930164879
2024,5,SP,38.533333333333331,22.47090004401705,21.075090811558148,72.393527489692445,66.703287844173687,949.35490467308966,948.88626323290509
2024,5,CE,44.066666666666663,27.755446051635868,26.632773811338616,78.297791509529986,72.121845430392781,988.10141778563309,987.60370101409887
2024,5,PB,100.00000000000001,26.827977915881142,25.656783498315757,77.625612689692417,71.560565904481791,974.1716751150891,973.6817758884963
2024,5,AC,99.15,24.818473051663059,23.884151942019514,88.0766129032258,82.9375,991.1595227951924,990.61344560883651
2024,5,RR,147.79999999999998,28.904021447721181,27.5112600536193,72.879356568364614,65.847184986595167,1001.6536193029491,1000.9195710455765
2024,6,RS,188.79024390243904,16.606865382250028,15.666722172611523,82.833976084226521,78.533937446923844,975.41850214638851,974.82930013986652
2024,6,RN,5.0666666666666664,27.983247354497355,26.762552910052911,73.575723927455869,67.373745378338739,1006.228191137566,1005.6806250000001
2024,6,RJ,19.92,21.600583563211078,20.228465489771679,76.409451695151944,70.25797043421143,983.29817794481482,982.84479721922878
2024,6,SC,126.82727272727273,16.7540422756191,15.756258684075464,82.422467928060172,77.703775607238072,945.55232749104539,945.034246586547
2024,6,RO,0.25,27.266732646945087,25.772941963134826,68.134668245681866,62.250418116782669,984.77805136633151,984.32491702113953
2024,6,SE,217.33333333333331,25.008263888888887,23.978611111111107,86.017428520379639,79.517953221334523,1002.6743055555555,1002.2427083333333
2024,6,MT,0.18095238095238095,26.092626055370882,24.341342735033194,60.404364974044242,53.855038915096173,967.03681826732463,966.40385789563072
2024,6,CE,41.025,27.537542761727643,26.297684479460123,72.60364546017486,66.259177866959135,988.63068825343055,988.16978220037879
2024,6,AP,245.89999999999998,27.10263888888889,26.001666666666669,69.030004716724051,83.370786092214658,1008.8118055555556,1008.2664930555555
2024,6,PI,5.52,27.810263076588413,26.231858720442354,61.7843779874095,55.886118668881423,980.77307837786429,980.26805845313845
2024,6,MA,67.036363636363646,27.674424944609495,26.371648571597085,75.100675168839217,69.742681105690309,998.21773956417553,997.53476750349409
2024,6,AC,37.35,26.291979166666668,25.013472222222223,84.7528621495327,78.461292834890941,991.0946527777777,990.59406250000006
2024,6,DF,0.0,20.729749303621169,19.021253481894153,64.077715877437313,57.444011142061285,899.06208913649016,898.64409470752116
2024,6,MG,2.8688524590163933,20.956971266232742,19.302620084924527,69.2417538315064,63.0100832451127,935.54917664942946,935.11675907793256
2024,6,SP,8.1028571428571414,20.94770903770802,19.375126332773604,67.291241924967153,61.394401950986229,950.423376602046,949.98510809607035
2024,6,GO,0.0,23.217189627311754,21.476521900308363,59.702298838541736,53.189080075089613,935.64281997227181,935.20587375697528
2024,6,BA,84.445161290322574,24.049464800421379,22.783584286719577,76.319486039571359,70.691634001328723,974.75483001619023,974.238367628881
2024,6,AL,227.39999999999998,24.694563411971153,23.750962618557672,88.644164282223954,83.323987005449311,1001.7263357910062,1001.2905541548049
2024,6,PA,66.523809523809518,27.737749238812583,26.490062862058011,77.652537974508277,71.4893171920722,998.33117256878336,997.83101493115225
2024,6,AM,90.600000000000009,28.123421355849981,26.866076510481584,81.3232472265046,76.108628524669982,1006.4782153140982,1005.9133056299636
2024,6,TO,0.0,26.241796614599437,24.50732020779466,67.468657499928455,60.575176362605738,979.252391728266,978.793677178565
2024,6,PR,38.171428571428578,20.074952163009616,18.75247171024342,71.35432182510101,66.3970601510117,942.19343855600664,941.72945606746589
2024,6,MS,0.53599999999999992,23.851287948887514,22.224326683520118,60.304926533717378,54.202548578465461,969.74257144479429,969.27243980862977
2024,6,PB,100.91111111111111,25.954231515081236,24.688263577411327,68.801078323880461,70.092591187913328,976.069535620176,975.59146500711665
2024,6,PE,49.875,24.003415408121292,22.946164489105666,78.74642769812499,73.842608441242888,960.75412806148086,960.29940450072809
2024,6,ES,11.054545454545455,24.140983469196104,22.638643313849595,73.381731913674329,67.325635769615673,990.24847959900342,989.75415008983327
2024,6,RR,107.8,29.611278195488719,27.742857142857144,71.372180451127818,62.1015037593985,1002.9958646616542,1002.2466165413532
2024,7,MG,3.34516129032258,20.740529473503855,18.999626136093053,64.604329378256963,58.301777550748255,936.71848895390724,936.27635384491884
2024,7,SP,38.034285714285716,19.966519614967449,18.48773090094237,69.018076625348243,63.469883108810414,953.33317319699381,952.85124423093544
2024,7,BA,35.58125,23.449624808616072,22.083094422518418,72.856114435090518,67.1726950132318,976.0156741100667,975.48523443770443
2024,7,PI,3.52,27.718168699867775,25.989137540906434,55.254977111684028,49.182681404548148,982.19616670552841,981.64991682486277
2024,7,PE,36.925,23.495387969929293,22.367881188310843,72.693415803588309,67.916470591491233,962.27841044808736,961.80973572991115
2024,7,MT,0.025000000000000005,25.09854522083987,23.207810248775523,55.028580979746351,48.690322193904208,968.88080687371325,968.21825296626571
2024,7,CE,6.15,27.809006954233482,26.407905334327271,62.186550731392963,55.686149096171128,989.90793482751837,989.40716185679253
2024,7,PA,24.8,27.938458007417371,26.587630080607379,70.945257593362385,64.636729784144109,999.5155507508515,999.02622580749448
2024,7,PR,84.133333333333326,17.294131168258872,16.091214597908976,75.498183190467913,70.82815667195355,945.10809471675884,944.59334366522944
2024,7,RN,2.5333333333333337,27.162061963456917,25.791421188931956,67.6502164095053,62.107148432372426,1009.0472691580948,1008.5462680739571
2024,7,RO,1.1333333333333333,26.335483870967742,24.697939068100357,58.515681003584227,52.566756272401435,982.25277777777774,981.76388888888891
2024,7,AL,125.66666666666667,24.067459750995802,23.08815283359661,85.841641648615408,80.31368962876995,1003.7961014972873,1003.3629583823465
2024,7,AM,72.583333333333343,28.077273999827185,26.843222394358691,75.491698834003486,69.98479531533178,1007.5153297885627,1006.9680154783709
2024,7,TO,2.5125,25.909839135399942,24.016872330473454,60.697067767190319,53.548902528405236,980.42214449140522,979.93676497480556
2024,7,GO,0.0,23.346983074988447,21.430007698789289,53.092372982798175,46.4950321947938,938.655416699364,938.2055794310744
2024,7,DF,0.0,20.86120086160474,19.090737749057613,53.729671513193331,47.528952329652576,900.04504843918176,899.61157158234653
2024,7,RR,96.2,29.644569288389516,27.6749063670412,72.258426966292134,62.138576779026216,1004.0711610486892,1003.3985018726592
2024,7,RS,58.292682926829272,12.844924639224573,11.852946403197864,84.023411008657988,79.550219473911326,981.00680607509423,980.500452179067
2024,7,MA,14.69090909090909,27.26039404646917,25.86882210128897,69.432885622520786,63.96411234077901,999.68489887349017,998.953873776999
2024,7,MS,23.896,20.941355904941549,19.374458176788757,61.715279619469072,56.017765402536313,972.86995296216242,972.35821679944411
2024,7,AP,129.79999999999998,27.305043612998944,26.116703559235507,67.586262384594292,80.558770607327844,1009.7107181886347,1009.1784804648862
2024,7,PB,61.55,25.065977695748362,23.852627040028516,65.151706832850337,67.8510658189017,981.32097227198733,980.84758838498669
2024,7,SC,171.50434782608696,13.926798536434042,13.013359507327552,83.350749668935109,79.174386594128777,948.20948313921861,947.69312747718959
2024,7,SE,117.39999999999999,24.602202817696348,23.55438397263347,81.343580643076379,74.442851524175424,1005.2692413692672,1004.8332490792196
2024,7,RJ,29.019047619047619,20.029233473636094,18.84827364514415,80.333225019667665,74.889391553476642,987.017267092788,986.57565400642125
2024,7,ES,11.82,23.008295561191535,21.486787099307215,73.171377545184171,67.371360863265465,990.50677413635333,990.04533558300932
2024,7,AC,19.799999999999997,24.271997567112031,22.98459014603479,73.8732020492598,66.113157767147186,993.45432075982387,992.93091797691989
2024,8,AM,46.533333333333331,28.931588280431821,27.550171771711625,71.343992799104882,65.7141331318039,1006.6215637072866,1006.0278955896702
2024,8,PI,0.71428571428571408,29.040036973938861,27.27655486184171,46.827245266920009,41.464304947236869,982.75620473136075,982.17108949689248
2024,8,SP,35.677777777777777,21.12383939049079,19.385509199480982,58.395881162833106,52.165196131569211,953.78949475106754,953.27064775550082
2024,8,BA,51.42068965517241,24.170264597419227,22.745707248471128,69.614068553659536,64.162315845151412,973.56170445610655,972.99816358801377
2024,8,PR,31.575,18.912347137902398,17.367074616046487,61.682819529803972,55.89164030287008,943.93515180195743,943.422633172419
2024,8,SC,52.73043478260869,15.481965859646371,14.34711317905324,75.350733668403691,69.625864729815987,946.02600865737668,945.50514355902283
2024,8,RS,124.16585365853659,14.969946001710808,13.91934851401184,80.130478888435121,75.147651425792077,977.54826215704679,976.95143845720042
2024,8,RJ,62.638095238095239,20.729730826718345,19.30164426611984,73.489959579931678,67.039558932076886,985.69597336679635,985.20452339392057
2024,8,AC,13.450000000000003,25.673044354838712,24.371331485215052,68.548110858236043,60.698887624513489,991.70763608870971,991.16501512096772
2024,8,PE,7.2399999999999984,24.328836577342624,23.0831033256428,68.1377603341859,62.980781937781892,961.808707921308,961.29889483555087
2024,8,GO,0.0,24.83884341613421,22.966423562994461,43.526668201968633,37.969837803404779,938.49367420802878,937.987699799425
2024,8,AP,70.466666666666669,28.01720284997025,26.825138580529075,59.341421849246359,77.857258064516117,1009.0490540609175,1008.4932055635367
2024,8,AL,43.2,24.433473787065289,23.317749651041659,81.618580939977562,75.915480310570118,1003.3607550428333,1002.8885329586442
2024,8,RR,73.800000000000011,31.695483870967742,29.653548387096773,62.425806451612907,52.538709677419355,1003.285806451613,1002.5893548387096
2024,8,MG,7.5290322580645173,21.811703032044566,20.044389014537373,58.956597508871404,52.909210388037465,935.86424320914455,935.3772094163578
2024,8,MS,26.676923076923075,23.001239104574537,21.227442624642944,47.671336662293562,41.81317576365,971.10692978079624,970.55822450043547
2024,8,MA,2.6307692307692303,28.499256712424042,26.951841823243832,62.467050145432026,57.050938043100608,998.12431637510849,997.36566254616662
2024,8,MT,2.8476190476190473,27.423198059812329,25.486647666440529,43.057512398748088,37.467431490558432,966.55658111720265,965.85701871161541
2024,8,PB,15.6,25.838549322826669,24.496925221563124,65.531384442944443,60.031761419263361,981.09610401690088,980.576914069262
2024,8,PA,23.8,28.394909663720064,26.984504131454745,69.409149181653362,63.225268013204413,999.73834711938594,999.18996526994738
2024,8,RO,5.5333333333333341,27.99274193548387,26.353449820788533,52.5,46.884408602150536,980.90273297491046,980.36066308243721
2024,8,ES,33.35,22.199936662838176,20.85842932914181,73.693712216069272,68.202189122464574,993.33468790909069,992.83316096900262
2024,8,CE,0.05000000000000001,28.924461551413462,27.294215453749558,53.685093284157858,47.4732709214192,993.77646318391157,993.112133310779
2024,8,TO,4.5000000000000009,27.515208758565468,25.492483588729765,53.739772157767234,46.426534846812,979.37108719389073,978.83085598772971
2024,8,RN,9.6666666666666679,27.329346874359331,26.049590452274767,60.180497543344892,55.422230445635648,1006.9997649942426,1006.4604617637603
2024,8,DF,0.0,22.306604549191562,20.49155933132365,47.792545902987122,42.051520964647835,899.05031515483688,898.57810359002474
2024,8,SE,65.6,24.716868279569894,23.604267473118277,79.3768211660299,72.4911568015161,1005.2563844086021,1004.7650201612903
2024,9,RJ,14.700000000000003,23.418884146412395,22.107583995776622,72.626314385384134,66.83485681878939,981.05620270703719,980.553195565967
2024,9,SP,22.81111111111111,25.315601260279102,23.585260963337269,54.333026700254109,48.580914760025088,950.00991413455722,949.465453471148
2024,9,MT,7.6095238095238109,30.369213287257146,28.519161375904613,43.760416727061269,38.118021334015907,964.55583576810193,963.73152993448764
2024,9,RS,171.26829268292681,18.444602904519854,17.361074723885636,81.649438997752156,76.4907527301078,972.629191677833,971.90663427208585
2024,9,GO,2.3777777777777778,28.919780205521644,26.99711263917138,34.613991864926966,29.637884441556661,935.03054038180676,934.47437121858286
2024,9,MA,2.3999999999999995,29.429353328939506,27.9068572591741,59.122251055936871,54.010322455403461,997.76811439840719,996.94164175637832
2024,9,MG,7.2,25.198286802601238,23.362137588982719,50.627808816791664,44.876016745823556,933.26941532717342,932.74091940255607
2024,9,SC,96.9304347826087,18.996326664480197,17.891679317725853,78.635906798174588,72.861753856939643,943.29077295853813,942.67871286922411
2024,9,PA,13.045454545454545,29.530059679492307,28.1076659044949,66.530212389328085,60.614796435267209,997.87883005627918,997.28285968999592
2024,9,AM,70.7,30.493889838259378,29.13249055810229,69.18979995554831,63.745019206030058,1004.6093486135976,1003.9046420008765
2024,9,AC,45.2,27.484037725097167,26.276515476888175,71.440827958814211,63.465760070151617,989.26623259287453,988.64777293669442
2024,9,AP,22.933333333333337,28.767738280238284,27.542423918673919,57.545658627429283,73.447567016317009,1007.5523225848226,1006.98606999482
2024,9,TO,1.8125,29.810377698173188,27.659651329289879,45.604031875972169,38.523899140470569,976.84504791930067,976.24123286087467
2024,9,PE,11.649999999999999,25.403496316614813,24.061722967156634,64.813416124394465,59.895267319405768,959.8335904178158,959.27512177740448
2024,9,CE,0.033333333333333333,29.393273601601962,27.708887220720605,49.342957564521456,43.392345206562851,990.27404316283241,989.63097258827156
2024,9,RN,3.3666666666666667,28.181716641259296,26.814875698122872,56.616161176859066,51.657468946389,1005.6602666807522,1005.0791748269434
2024,9,DF,0.0,25.816281062553553,23.96686660954013,35.300771208226223,30.620965438446163,896.98631819480136,896.474293059126
2024,9,RO,35.933333333333337,30.256159240924092,28.685169141914191,56.841286211954532,50.715781994866148,978.274708012468,977.62281215621556
2024,9,RR,97.600000000000009,30.175851851851853,28.618814814814815,67.1451851851852,59.751111111111122,1001.2078518518518,1000.5468148148149
2024,9,PI,0.31428571428571428,30.47797373534921,28.643884052059452,42.022793426852715,37.035890279706294,981.35447923787535,980.72611751743375
2024,9,BA,19.053333333333331,25.435427256882864,23.84437691216095,63.366389742395164,56.898132752545578,972.0060659472623,971.38324647217382
2024,9,MS,36.846153846153847,27.109563048818561,25.393570985215806,50.07419094622491,44.4142265117231,967.18049668154879,966.603215932198
2024,9,ES,23.266666666666666,24.125177980411589,22.796199007625983,70.531996237743556,65.142236423690832,991.01182895436887,990.48514483431677
2024,9,AL,26.599999999999998,25.331699112230307,24.091861028462205,77.576447833377443,71.574230989682917,1000.0155435207434,999.48944620672773
2024,9,PR,83.565217391304373,22.924640447577509,21.423091626521558,62.579858001751354,56.96389582352284,942.47898146063528,941.90651608576218
2024,9,PB,16.974999999999998,26.518597744848993,25.1361365284432,62.925279877933121,57.464948232244225,979.86925545899021,979.31336656351925
2024,9,SE,16.466666666666665,25.397644056173696,24.195993422577658,75.692458410529568,69.160496436107238,1003.6954304299954,1003.1850508035852
2024,10,SC,145.40909090909093,19.633254276054334,18.536066271571883,81.350658597834922,75.694278339428692,944.01148198712474,943.43250853995937
2024,10,GO,155.57894736842104,27.248054180310429,25.749950472019371,65.5607985592538,59.225954798878831,933.90088147027734,933.26243242177509
2024,10,CE,0.15000000000000002,30.678645798632054,29.118888896189922,52.027762004072457,46.116294405617374,993.46564355763837,992.81640494463761
2024,10,AM,77.483333333333348,30.014449693626005,28.592031278349943,71.824663652984455,65.949846237226453,1004.6342448719346,1003.8796693109068
2024,10,BA,36.964285714285708,27.499859316009864,26.025760876369965,64.226584252840354,58.5034508270725,968.50245185708366,967.84736004906927
2024,10,MT,108.67777777777778,29.46766428917082,27.911127691288954,64.138699054642245,57.452128958209393,964.17013689779435,963.18534949097591
2024,10,ES,180.73333333333332,24.288714329505794,23.228465565375764,76.642496449872013,71.943731388125158,988.52017924962627,987.96565945533189
2024,10,PB,8.35,27.705091204470797,26.2915804831416,61.448645476908347,55.9261781175765,978.52021325129465,977.94309081948427
2024,10,SE,5.2,26.678453479875579,25.450558918563804,75.277086675272159,68.944746561682038,1001.1996975806452,1000.6671370967741
2024,10,AL,6.15,27.197072148797286,25.910871133991645,75.60893389048519,70.305194822190941,997.89823997673636,997.33313770318284
2024,10,RS,153.81951219512197,19.846320296419645,18.715946463288017,79.779206642841757,74.144719116011416,972.39872703273966,971.78000366802
2024,10,PR,126.92173913043479,22.937427836908302,21.642861939697028,72.816467706853658,67.309947851696,941.32119158472949,940.7494786211123
2024,10,MG,148.4,25.300750224168059,23.852222400075359,67.10019988079128,61.236312403440373,931.39997468774845,930.81048079665436
2024,10,RN,5.0666666666666664,28.66672078867385,27.387833919214241,61.569365308415783,56.48143763400774,1004.7162476891496,1004.1213142173094
2024,10,PI,30.457142857142856,31.178239704830588,29.507594644312817,48.033876826669307,42.5666991965948,980.06969394401858,979.40454538488916
2024,10,RJ,153.26315789473685,22.919555501911308,21.830368338214083,78.384767792954534,73.209381298743821,980.1991201839835,979.63859423359145
2024,10,MA,22.199999999999996,29.708910024375,28.388334529892674,64.569938040327969,59.574653625308777,997.10976750010275,996.28749543590868
2024,10,AP,50.6,28.833880734034555,27.575535925307392,57.949853508803159,73.149134141270125,1007.1687695936245,1006.5796150615764
2024,10,SP,120.46451612903226,24.360027766813136,22.985431132394325,70.642984695848682,64.874925577229959,948.30916249332427,947.71394914636039
2024,10,AC,213.66666666666669,27.734884579568437,26.506008131205107,74.861677561460851,66.034895907346879,989.6948305736222,988.96322545481883
2024,10,PE,2.1142857142857148,26.947480316209948,25.565414770013508,63.087762471309027,58.1347157803911,956.38161283063152,955.8243578318984
2024,10,PA,53.800000000000004,29.042660621754891,27.770275311207723,72.357002665062581,66.619117557378161,997.62584398026206,997.00160968912769
2024,10,MS,108.2,27.810480543758047,26.348300238838043,62.600463269542949,56.377907240859656,965.8439947439133,965.2309607343775
2024,10,TO,97.66249999999998,29.308541245231559,27.71850855572254,67.4807579563015,60.891362788646319,976.26905009166069,975.62364475058519
2024,10,RO,100.26666666666669,29.611865035224323,28.042982944011868,66.958688666419476,59.935669262143115,978.29412927944622,977.55566679026083
2024,10,RR,17.0,30.43736559139785,28.949731182795695,62.026881720430119,56.020161290322584,1001.1970430107526,1000.5518817204302
2024,10,DF,927.60000000000025,24.501732462368647,23.027378585629084,68.009088327179782,61.684748650951455,895.54842284739971,894.97282546901636
2024,11,RS,94.682926829268311,22.287680128597465,21.099764465823867,77.014627497575788,71.537653101820339,970.60492983149857,970.07486921662337
2024,11,PR,169.06086956521739,23.543795444920111,22.27769976708035,76.04732873598175,70.49046150595764,939.77494599660747,939.25664363872727
2024,11,MG,198.53114754098362,24.052157310008347,22.820006545905866,77.187168298617237,72.1138700518278,930.73314720378744,930.20431928482992
2024,11,AP,72.466666666666669,28.672199074074076,27.445999579124578,60.039512437758759,75.188909434582513,1005.890655513468,1005.3129545454545
2024,11,MT,251.52499999999998,26.738325811406767,25.497386871779192,79.278218793777086,72.989445403596179,963.59254548237072,962.69492897937732
2024,11,PB,2.8444444444444446,28.724840301337377,27.315459645684463,56.742683935495741,51.457984770810427,973.345087703757,972.80378656602932
2024,11,RJ,190.7777777777778,23.651606963892633,22.509361644629983,79.046549126873728,73.2195433571362,976.499033204824,976.02498954829491
2024,11,AM,86.323076923076925,28.630971972152864,27.469332245628877,78.803083442443238,73.621294903937383,1003.5114441895212,1002.7956204129456
2024,11,CE,0.4,30.485076505865258,29.027647467446048,53.847395196060326,47.914582902799218,994.49829403432716,993.87855274229446
2024,11,RN,1.6333333333333335,29.497034698222883,28.146406661102876,58.00866199519416,52.787753943128372,1003.1284932501105,1002.5392643003146
2024,11,SE,19.666666666666671,27.169072434576229,25.840976203859849,75.073894130326266,69.1488185849757,999.42697243301484,998.9164726789395
2024,11,RR,160.99999999999997,30.290277777777781,28.818472222222223,62.148611111111116,56.25,999.74597222222224,999.09375
2024,11,PE,32.311111111111117,28.187237034040781,26.747881629458423,60.030061914813992,54.871109854241652,955.71096540472615,955.1598296356326
2024,11,PI,90.661538461538456,29.997292156192749,28.534815165360378,57.674137494134428,51.776040771567473,977.07172197969714,976.47938671105351
2024,11,MS,134.79199999999997,27.270119049205768,25.873527619086826,70.661124988036065,63.857453221659462,964.44113936959423,963.849302103461
2024,11,BA,114.12142857142857,26.7471828789971,25.417533606116155,71.427409758163932,65.333959407810383,967.29201729580291,966.68012421710466
2024,11,ES,196.06666666666666,24.407175756898507,23.308276295445026,80.226009811956388,74.910065637653759,986.89228124080614,986.39468785823487
2024,11,GO,244.86363636363637,24.960177952084091,23.778653871252192,82.518007780219676,76.322535495394121,934.88671060427191,934.29283397844245
2024,11,TO,174.91249999999997,27.150684385064078,25.936445769230581,81.529787250613438,75.4720534103374,975.78820299143979,975.15585072100373
2024,11,AC,188.45,26.408667641578823,25.480095910688014,79.846251573577149,72.725560690386274,988.08922364672367,987.419094551282
2024,11,RO,92.066666666666663,27.361932013148916,26.133435478944826,78.921166563440124,72.684906762494975,977.27498510059615,976.55696349319044
2024,11,SP,182.93548387096774,24.236101730468114,22.978685565071174,76.728027774361365,70.958129572110508,944.54119133681058,944.002614804808
2024,11,AL,26.35,28.818291602182779,27.437361516966611,73.284869825409359,68.03216007341365,996.04219666459,995.49001964416709
2024,11,PA,81.054545454545462,28.593099930585414,27.404616873253008,75.3389317912108,69.805279087591188,995.45610104539378,994.64364108163443
2024,11,SC,164.58095238095237,20.969984686090321,19.883264110667909,80.994188936295657,75.436030366325937,939.3857090917071,938.89832096551572
2024,11,MA,50.309090909090919,29.261960604270335,28.024357266281424,67.31463735801313,62.373673468791651,995.91267003224311,995.096767823081
2024,11,DF,1528.8000000000002,22.590836298932381,21.442348754448389,82.9225749035894,76.859685553248283,894.61637496291883,894.05706231454008
2025,1,CE,117.35999999999999,29.817393200715323,28.382151014101808,67.6652258513758,60.287052885379929,993.58823519171915,992.98958374906715
2025,1,SP,159.7925925925926,25.316221625684278,23.922947657849758,78.417827462664988,71.579303426401637,945.89731884069329,945.34743987525371
2025,1,MG,243.15666666666667,24.673893768909565,23.344335900707758,81.012427565110173,74.503118470062859,930.126546388185,929.57820543408548
2025,1,AL,60.866666666666667,29.260127873431692,27.954656038892541,77.397674473104047,72.237163177560547,995.5515862592099,995.00878853945653
2025,1,MT,219.52307692307693,26.367578930081407,25.091809243598529,82.395383333904746,76.481818929141838,963.81042783351347,962.87397840487313
2025,1,SC,135.37894736842105,23.252125853079267,22.013296222448645,77.06752054154947,70.422680259807123,943.54181170246943,943.05370282056811
2025,1,PR,143.40909090909091,24.475087893871759,23.048025918125383,76.888548269681209,70.403804368806775,939.17067728601251,938.65745065335045
2025,1,MS,119.15652173913044,28.009433359000806,26.445975843683762,71.617728629903141,63.630506031350286,963.93563270517109,963.31362588402646
2025,1,RJ,156.89999999999998,25.772160227486257,24.539155904674693,77.738901320071363,74.533381494964317,977.82217515212483,977.31337636634078
2025,1,RN,99.75,29.635687439063503,28.334900572919835,69.389364155325381,63.720464178159865,1002.9240092595355,1002.3684955287739
2025,1,BA,152.70833333333334,27.076158207655013,25.737382927625909,75.912378281916617,69.570635034422082,968.80511911861981,968.18990176731859
2025,1,TO,243.8857142857143,25.885411052767296,24.737914203828311,88.530652525209078,83.266953134163913,979.65487777973476,979.01625987822433
2025,1,RS,74.4842105263158,24.516733171864427,23.033202267769564,73.2459719052049,66.7168734185123,968.73033962739487,968.25596496095363
2025,1,MA,227.8153846153846,26.96590605736915,25.926156630021488,82.341492885359813,77.589372818582831,996.0554281629187,995.21797903469974
2025,1,AM,228.18461538461537,27.422056380550515,26.306834881754686,82.76125007228525,77.83027563417204,1005.1623168108708,1004.4268573131561
2025,1,AC,214.2,26.399547491039424,25.396462066905613,81.6689708141321,73.861943164362515,989.8915247909199,989.191986260454
2025,1,PA,277.36842105263156,26.651946548373111,25.593153627234692,86.270046036714675,81.351271970043,996.61676049804657,995.71990761417874
2025,1,ES,187.20000000000002,26.057623059892695,24.892594542594345,80.813612545624565,75.288302235777223,985.20535417278245,984.69597400406826
2025,1,GO,269.95238095238091,25.091057606569176,23.810326824573124,83.391469612022433,77.045282946219743,935.05547015317768,934.45112714667869
2025,1,PE,146.57142857142858,26.928564319418637,25.693933522391703,73.150418228898218,67.577606925517188,955.81428280562739,955.28496918427891
2025,1,PB,144.05,28.05269526898546,26.845933761235486,69.644577985934362,64.037587771583958,972.49811609407266,971.95570462159912
2025,1,SE,116.99999999999999,27.712813620071685,26.485528673835123,77.008145018878551,70.733078531296485,998.77044457951638,998.27535519689138
2025,1,AP,203.6,26.215201586552972,25.2706353114164,85.92780333934985,82.660730555653259,1007.5271196303549,1006.9436771714478
2025,1,PI,226.60000000000002,27.102389770315661,25.923164468373233,77.181210474586692,70.652639292170051,976.60677302686872,975.992628212462
2025,1,RO,213.0,26.633667650948112,25.445939406794441,82.327762325053072,76.224532064944057,978.65176749608122,977.939045947851
2025,1,RR,7.0000000000000018,28.940053763440858,27.734811827956985,57.768817204301072,53.134408602150536,1002.0849462365592,1001.4305107526881
2025,1,DF,1731.6,22.729827864443248,21.45637439483593,84.022414258709176,77.831403178023152,894.69311457772983,894.11888111888118
2025,2,PB,135.88571428571427,26.561701208627436,25.376322786795562,75.752208799543823,69.734370574476628,973.27561338341127,972.772601563437
2025,2,MT,200.36923076923074,26.463038575061603,25.10134046153577,80.647433081038969,74.241260864313446,964.51979081456943,963.50072875500041
2025,2,GO,155.96000000000004,25.74816723790963,24.314233137075284,76.575701630027083,69.4762667557029,935.40224191988079,934.81713300261231
2025,2,RN,73.199999999999989,29.033971682984482,27.733580168329251,71.720560155281277,65.738148288793909,1002.5061733024243,1001.9697371716056
2025,2,MA,241.04999999999995,26.824307073178183,25.7452913084073,83.318976417035145,78.1004430029258,996.29825294189675,995.44948603803061
2025,2,PA,367.05882352941177,26.250244267113438,25.246588044745543,87.102148269920292,82.370867200933773,995.9193179404632,995.03256901169971
2025,2,PI,106.43333333333335,28.144352671338435,26.758113012898402,71.0400243364508,64.282985529108771,976.92240778977987,976.34251109065212
2025,2,TO,195.72307692307692,26.181260915235896,24.97099890607187,86.992803367958743,81.3264093940319,979.40505220892987,978.78775539193975
2025,2,PR,137.25263157894736,25.320043738937486,23.922117522046626,80.044686460510746,73.172454366204832,937.89124451127827,937.32260374263478
2025,2,RJ,20.905263157894737,27.206662408171546,25.753697491442566,71.756302379254564,66.99873128925239,980.52681789609062,980.07763612086467
2025,2,AM,307.41538461538465,27.007033149305485,25.953496406208448,84.424341528250793,79.60778559781204,1004.8725426498562,1004.1247020977011
2025,2,SP,165.08333333333331,26.164288400605603,24.745913953273345,78.575236712328277,71.490466519165309,947.91347079558182,947.37771966395178
2025,2,MS,100.0090909090909,27.614964266320715,26.104229774171163,74.875262947978371,67.191219330494647,965.51374062053571,964.85770395948668
2025,2,AL,62.533333333333331,28.439200526903214,27.12901008071983,78.513559206970655,72.76635191854389,996.02855731845466,995.52707276551564
2025,2,ES,25.333333333333336,27.2102120311422,25.709523032489905,72.5610313642684,66.191849409259831,987.761709232274,987.3008930872511
2025,2,AC,413.5,25.86787205424092,24.991057430129519,82.6973899812734,75.199521803103266,989.86392784107511,989.1722331775245
2025,2,RR,12.200000000000001,28.67738095238095,27.585267857142856,59.616071428571431,55.18154761904762,1001.7026785714285,1001.0471726190477
2025,2,MG,54.46,25.520601158285483,23.955125829627971,71.799695684137049,64.546788302229075,932.01368005921188,931.52508437903168
2025,2,CE,72.3,29.2584611600868,27.934321647692126,70.1830925642835,63.051193498929869,990.87828709007692,990.30602018528293
2025,2,SE,66.666666666666671,27.294540097133378,25.997759565268897,77.757776208719818,70.594630208117238,999.33064266999315,998.87210214082211
2025,2,RS,105.37435897435897,25.859601637923326,24.442216431572696,77.181434360569085,70.757180126158872,970.80305021749734,970.247374761441
2025,2,BA,49.38333333333334,27.130612910340179,25.643385962984066,73.596946058358412,66.53518843219463,969.50074487453639,968.92956593399981
2025,2,SC,128.22105263157894,24.727975728399361,23.489054746159344,79.2412449988817,72.418583623617366,945.38609983452375,944.8408547608251
2025,2,PE,31.685714285714283,26.563041816884482,25.291156771068046,71.701466005251447,66.359144022669227,955.88926646073128,955.38480231606854
2025,2,AP,265.46666666666664,25.913372275527127,25.029640191897656,87.094617666815935,83.921862769080235,1007.094094556977,1006.4974391435678
2025,2,DF,473.0,23.672147750968122,22.174649985105749,73.517755893763038,66.349031296572292,895.63005659815326,895.12314566577322
2025,2,RO,279.46666666666664,26.460240955753566,25.205697140079391,83.092833587572628,76.808594070870427,978.8313957078301,978.09687415749283