Ano,Mês,Quantidade de Casos,COD_UF,precipitacao_media_mensal_uf,temp_max_media_mensal_uf,temp_min_media_mensal_uf,umidade_max_media_mensal_uf,umidade_min_media_mensal_uf,pressao_max_media_mensal_uf,pressao_min_media_mensal_uf,Densidade demográfica(Pessoas por km²),Densidade domiciliar urbana(pessoas por moradia),Densidade domiciliar(pessoas por moradia),"Despesas per capita com saneamento, R$ a preços de 2024(R$ per capita a preços de 2024)",Internações totais por doenças de veiculação hídrica(Número de internações),População urbana(pessoas),População(pessoas)
2014,1,479,RO,363.3499999999997,25.33545718283996,24.35615306540112,87.36678199256612,81.98261814682073,973.207925682552,972.1829273419174,7.35,3.11,3.28,206.93,6719.0,1253146.0,1748531.0
2014,1,521,AC,306.1999999999999,26.16839753488903,25.172873055364903,86.33501344086022,80.10512672811058,988.055017921147,987.3652777777778,4.81,3.49,3.65,141.07,3459.0,572554.0,790101.0
2014,1,1537,AM,243.30588235294107,26.70418402032024,25.69537988219002,84.41478884425266,79.2359124634558,1003.8426854940572,1003.1895204997032,2.48,3.18,4.06,209.39,5485.0,2540454.0,3873743.0
2014,1,169,RR,3.6,28.693413978494625,27.389784946236578,63.33870967741933,58.20564516129034,1001.8202956989248,1001.218010752689,2.22,3.63,3.9,235.76,1190.0,381016.0,496936.0
2014,1,1085,PA,203.6555555555554,26.73937979011757,25.624338565977816,80.43844217122006,75.10074814057883,996.8654459045064,996.25281168777,6.47,3.1,3.79,66.49,45717.0,4767267.0,8073924.0
2014,1,34,AP,320.1999999999995,25.81115591397849,24.882997311827936,87.12096774193544,84.20833333333334,1010.2151881720436,1009.6596102150532,5.26,4.02,4.03,126.56,1031.0,672809.0,750912.0
2014,1,1655,TO,210.86,25.55228064050645,24.381888935437324,81.37330447330444,75.41300795978216,973.477778243262,972.8696860308148,5.39,3.36,3.28,414.68,3791.0,1232885.0,1496880.0
2014,1,138,MA,165.59999999999997,26.692863360680608,25.606870799862225,79.6233016433263,74.41180306241907,996.2743186320216,995.6751803037153,20.64,3.16,3.69,136.69,50406.0,3904808.0,6850884.0
2014,1,349,PI,51.58823529411766,27.717289190718727,26.35704584040748,68.73502751387733,62.407772218810585,981.6214912280705,981.0487903225808,12.7,3.21,3.4,229.01,18597.0,2027383.0,3194718.0
2014,1,2097,CE,49.485714285714295,27.90653980158904,26.663984089598163,66.7858045271357,61.3161953322368,983.5291575570664,982.9989792208077,59.39,3.22,3.34,244.54,20811.0,6571988.0,8842791.0
2014,1,562,RN,24.05714285714286,28.59096480310665,27.424714252373192,66.05440082615539,60.95330916667771,1001.7753282701652,1001.2651759265398,64.54,3.26,3.36,321.38,7501.0,2613635.0,3408510.0
2014,1,535,PB,49.875000000000014,26.758988575268827,25.478864247311822,67.97295026881717,62.25184811827954,973.4235383064516,972.9325268817204,69.84,3.1,3.31,313.92,11294.0,2873449.0,3943885.0
2014,1,829,PE,20.85,27.029736905142126,25.672422837041776,62.15643630895349,56.53506267965504,964.978248207885,964.4913679069518,94.6,3.14,3.24,287.44,11965.0,7404360.0,9277727.0
2014,1,860,AL,31.03333333333333,27.146482974910395,25.862634408602144,73.22267025089609,67.68817204301078,1000.1141129032258,999.6506272401436,119.28,3.13,3.39,193.66,7149.0,2316270.0,3321730.0
2014,1,110,SE,15.959999999999996,27.00953648078012,25.64870771842759,75.0661797424955,67.73131038455375,993.9170113403852,993.4690145183056,101.27,3.13,3.21,389.01,1766.0,1638694.0,2219574.0
2014,1,1429,BA,48.005405405405405,26.08430773478694,24.72393304082168,73.33672008104294,66.92216884783457,970.333907330724,969.8460900809536,26.79,3.1,3.23,350.81,43377.0,10770479.0,15126371.0
2014,1,8223,MG,74.60000000000002,24.71246312764348,23.182941543790445,72.5612331389616,65.20043756450254,932.8388804711054,932.3435910022384,35.35,3.01,3.1,478.32,23828.0,17517420.0,20734097.0
2014,1,3634,ES,51.57142857142858,26.02891465053763,24.648807123655907,78.10534274193549,72.05208333333333,988.7731854838712,988.3122143817204,84.3,3.01,3.1,491.97,6186.0,3230172.0,3885049.0
2014,1,2681,RJ,93.15,25.783854166666675,24.409335797491043,78.98805256869771,72.51566233572284,975.0857937574672,974.6173387096773,375.98,2.84,2.86,802.73,6477.0,15881308.0,16461173.0
2014,1,8622,SP,114.28148148148146,25.654944977920174,24.10831677594172,72.90942067121787,64.90820044759313,941.3557793897198,940.7931957675628,177.4,3.06,3.09,666.19,25907.0,41935126.0,44035304.0
2014,1,4316,PR,182.3428571428572,24.9326890671482,23.553739560548674,79.76681372123045,73.18762029428012,945.762513578217,945.2093201781838,55.6,2.97,3.04,568.0,17407.0,9407661.0,11081692.0
2014,1,70,SC,198.48421052631576,23.582266594292804,22.358677626137304,82.25218672456575,76.20387002300804,946.4932581162116,945.9628119830436,70.27,2.87,2.99,521.77,7076.0,5518342.0,6727148.0
2014,1,139,RS,178.57222222222217,25.22172637139041,23.903515664184088,76.68594763668364,70.73768957293679,975.2965053121372,974.747774019527,39.78,2.79,2.85,580.04,12150.0,9480768.0,11207274.0
2014,1,1149,MS,165.5583333333333,26.302395425306376,24.872931604500568,78.2855801868654,71.08726406856846,965.7199490984484,965.10946022986,7.33,3.0,3.12,558.57,3791.0,2224175.0,2619657.0
2014,1,1572,MT,211.95172413793088,25.18416445799204,23.976445041869976,84.46259657005747,78.67470041462003,967.7210908956868,966.9637539277994,3.57,2.87,3.14,275.4,6132.0,2465579.0,3224357.0
2014,1,10592,GO,121.92000000000002,24.900063332772326,23.43460443125204,74.40779697690078,66.53776247523668,931.7000108223392,931.12905251841,19.18,3.05,3.06,518.54,17986.0,5878386.0,6523222.0
2014,1,1110,DF,261.4000000000001,22.78098118279568,21.26505376344084,73.40120967741926,65.80913978494621,893.7324596774198,893.2198252688167,493.49,3.15,3.11,1071.45,1673.0,2754765.0,2852372.0
2014,2,704,RO,316.8499999999998,25.266220238095247,24.32213541666665,87.8113839285714,82.77492559523807,973.3826264880952,972.4529761904762,7.35,3.11,3.28,206.93,6719.0,1253146.0,1748531.0
2014,2,662,AC,206.54999999999995,25.547123871688427,24.62308182766688,89.01476218074582,84.41671635608623,986.884484704566,986.2084851608072,4.81,3.49,3.65,141.07,3459.0,572554.0,790101.0
2014,2,1490,AM,278.8874999999999,26.145353918947425,25.227707452649625,86.81563523184995,82.07168258343084,1003.4174587315204,1002.7544944587468,2.48,3.18,4.06,209.39,5485.0,2540454.0,3873743.0
2014,2,129,RR,17.000000000000004,28.885119047619064,27.614136904761928,62.82738095238096,57.7395833333333,1001.1894345238092,1000.5647321428564,2.22,3.63,3.9,235.76,1190.0,381016.0,496936.0
2014,2,1301,PA,249.3545454545455,25.998943078347285,24.99780796740924,85.74862483792393,81.11520875031401,996.0718870270972,995.4324838534764,6.47,3.1,3.79,66.49,45717.0,4767267.0,8073924.0
2014,2,46,AP,248.69999999999976,25.418154761904752,24.600446428571445,90.40624999999991,87.90848214285715,1009.4526041666664,1008.8935267857144,5.26,4.02,4.03,126.56,1031.0,672809.0,750912.0
2014,2,1590,TO,238.8999999999999,25.398322961760467,24.310551046176045,83.69518172799422,78.21999007936506,973.4430104617608,972.840219606782,5.39,3.36,3.28,414.68,3791.0,1232885.0,1496880.0
2014,2,326,MA,207.9249999999999,26.46372233959904,25.446946400402982,83.19455488671719,78.11125746528414,995.4145644302256,994.8007670346968,20.64,3.16,3.69,136.69,50406.0,3904808.0,6850884.0
2014,2,431,PI,144.45333333333332,27.00164051068188,25.818968812780412,75.44537560979694,69.64265641457044,980.9543082258432,980.38986620139,12.7,3.21,3.4,229.01,18597.0,2027383.0,3194718.0
2014,2,3071,CE,105.5,27.119345238095235,25.989498299319727,73.66156462585033,68.2418154761905,982.7305378401362,982.2003613945576,59.39,3.22,3.34,244.54,20811.0,6571988.0,8842791.0
2014,2,1107,RN,38.00000000000001,28.442708333333336,27.28563988095238,68.48958333333331,63.12227182539683,999.2903769841269,998.7613343253968,64.54,3.26,3.36,321.38,7501.0,2613635.0,3408510.0
2014,2,601,PB,93.375,26.27637648809523,25.110751488095232,73.86830357142857,68.27511160714286,972.5080543154762,972.0139322916668,69.84,3.1,3.31,313.92,11294.0,2873449.0,3943885.0
2014,2,1101,PE,79.67272727272726,26.47643658754532,25.234650436575308,67.9817690003987,62.395076853958905,964.0751899393388,963.578849108015,94.6,3.14,3.24,287.44,11965.0,7404360.0,9277727.0
2014,2,820,AL,53.366666666666674,27.113566468253968,25.92306547619048,75.1909722222222,69.63020833333333,998.9976686507936,998.5211557539684,119.28,3.13,3.39,193.66,7149.0,2316270.0,3321730.0
2014,2,146,SE,49.2,27.177716543513966,25.75883004926108,77.46383150590604,69.73507250006956,992.8410775862072,992.3821715927744,101.27,3.13,3.21,389.01,1766.0,1638694.0,2219574.0
2014,2,1795,BA,79.38888888888889,25.961666026477367,24.639368410070105,75.00225820099328,68.87722431161602,969.5273160605202,969.0278512395968,26.79,3.1,3.23,350.81,43377.0,10770479.0,15126371.0
2014,2,13104,MG,62.27307692307693,24.8053418855297,23.228490697665613,69.0702134196348,62.13108977210735,931.6738099799531,931.1976529911208,35.35,3.01,3.1,478.32,23828.0,17517420.0,20734097.0
2014,2,3156,ES,74.10000000000002,26.153042524717133,24.688291118570017,76.37359497064669,70.14074381660133,990.2234179989556,989.7681875646572,84.3,3.01,3.1,491.97,6186.0,3230172.0,3885049.0
2014,2,1932,RJ,67.84615384615385,25.76664404034637,24.30734903503612,75.01823681298505,68.56062182545489,973.8843911933265,973.4415258085844,375.98,2.84,2.86,802.73,6477.0,15881308.0,16461173.0
2014,2,19518,SP,97.71538461538462,25.99221854821981,24.458003774021385,67.47411254819696,59.90531912410848,940.7493883534984,940.2446972286688,177.4,3.06,3.09,666.19,25907.0,41935126.0,44035304.0
2014,2,6029,PR,128.78181818181818,25.21854699292108,23.78997279467599,74.70942622604859,68.34259474326274,945.26600694903,944.7623364053889,55.6,2.97,3.04,568.0,17407.0,9407661.0,11081692.0
2014,2,62,SC,136.86666666666662,23.767056271186824,22.463155250863263,79.34316020254477,73.08937214356118,946.680124913065,946.1841447766236,70.27,2.87,2.99,521.77,7076.0,5518342.0,6727148.0
2014,2,152,RS,189.60571428571424,24.815094733236805,23.50207564901767,76.95394403834929,71.0508671826807,975.889060183912,975.3489986288124,39.78,2.79,2.85,580.04,12150.0,9480768.0,11207274.0
2014,2,1479,MS,147.03999999999996,26.583435755951008,25.208444730318632,75.59590724164958,68.93073047156294,966.086213806348,965.532976807561,7.33,3.0,3.12,558.57,3791.0,2224175.0,2619657.0
2014,2,1845,MT,259.06428571428563,25.28484202482959,24.16004710109636,85.23664176097189,79.80708115606609,966.3651035385282,965.6344644316456,3.57,2.87,3.14,275.4,6132.0,2465579.0,3224357.0
2014,2,15487,GO,137.0842105263158,24.89818706565524,23.51550017218812,73.81342115775149,66.62114750106967,930.7315145533104,930.2013618534532,19.18,3.05,3.06,518.54,17986.0,5878386.0,6523222.0
2014,2,2158,DF,283.0,22.42403273809525,21.07202380952381,75.1674107142857,68.28869047619048,892.8458333333336,892.3663690476191,493.49,3.15,3.11,1071.45,1673.0,2754765.0,2852372.0
2014,3,783,RO,301.2499999999999,25.76844758064516,24.78739919354839,87.24764784946237,81.96774193548387,974.5253696236564,973.5668346774193,7.35,3.11,3.28,206.93,6719.0,1253146.0,1748531.0
2014,3,1129,AC,365.8499999999998,25.438373655913985,24.483635752688173,89.43548387096773,85.20530913978492,987.6357862903224,986.9430779569896,4.81,3.49,3.65,141.07,3459.0,572554.0,790101.0
2014,3,1666,AM,349.92499999999984,26.59155738724408,25.621592066578746,86.20108003347242,81.05917794911501,1003.9451527704712,1003.2480180424844,2.48,3.18,4.06,209.39,5485.0,2540454.0,3873743.0
2014,3,129,RR,22.0,29.97006079027356,28.64072948328268,58.1094224924012,53.21124620060786,1001.485714285714,1000.8183890577498,2.22,3.63,3.9,235.76,1190.0,381016.0,496936.0
2014,3,1283,PA,335.91764705882343,26.18371672986452,25.16133333556758,85.60270539587782,80.57327957686398,996.860664056968,996.200084891941,6.47,3.1,3.79,66.49,45717.0,4767267.0,8073924.0
2014,3,66,AP,360.7999999999994,25.91841397849464,24.944018817204302,88.35147849462366,85.46774193548387,1010.2408602150532,1009.6495967741936,5.26,4.02,4.03,126.56,1031.0,672809.0,750912.0
2014,3,1458,TO,218.2333333333333,25.77916761260972,24.6437363556098,84.57141328250556,78.87856521709094,974.1444048640304,973.507807305308,5.39,3.36,3.28,414.68,3791.0,1232885.0,1496880.0
2014,3,473,MA,223.0666666666665,26.68641142172488,25.626702086190424,83.73196217911206,78.59161421720476,996.2169063479904,995.5683038959264,20.64,3.16,3.69,136.69,50406.0,3904808.0,6850884.0
2014,3,469,PI,138.70588235294116,26.67654008548841,25.485072387977542,80.43833443905464,74.561620393139,981.794814995625,981.1948163959664,12.7,3.21,3.4,229.01,18597.0,2027383.0,3194718.0
2014,3,3015,CE,142.38461538461536,26.93944060333724,25.77571147918205,77.53785311046225,72.1313270489023,983.5995082624725,983.0282002349632,59.39,3.22,3.34,244.54,20811.0,6571988.0,8842791.0
2014,3,1102,RN,92.0,28.60815770684304,27.41220039674033,70.98120709257866,65.41840854445798,1000.011104993966,999.4169420997656,64.54,3.26,3.36,321.38,7501.0,2613635.0,3408510.0
2014,3,716,PB,148.2,26.47641129032259,25.313155241935487,75.7631048387097,70.16952284946235,973.1634072580644,972.6265625000002,69.84,3.1,3.31,313.92,11294.0,2873449.0,3943885.0
2014,3,1508,PE,66.67999999999996,26.87410712417009,25.574892758784788,68.99681218904365,63.150972034747646,964.70818780216,964.1718267169994,94.6,3.14,3.24,287.44,11965.0,7404360.0,9277727.0
2014,3,1067,AL,41.46666666666668,27.487208781362007,26.318637992831537,75.65546594982078,70.39672939068103,999.5481406810036,999.0438620071689,119.28,3.13,3.39,193.66,7149.0,2316270.0,3321730.0
2014,3,232,SE,55.440000000000005,27.03954930737188,25.80864889082631,71.81767228470088,71.48275766195972,993.4150765281412,992.930956359585,101.27,3.13,3.21,389.01,1766.0,1638694.0,2219574.0
2014,3,2465,BA,90.95555555555556,26.1650001657342,24.89102566516193,76.75835303117545,70.74415763915859,969.9573708455276,969.42872702602,26.79,3.1,3.23,350.81,43377.0,10770479.0,15126371.0
2014,3,16136,MG,121.9607843137255,23.860804690248724,22.548435922342936,77.25410906860787,71.06742407545286,932.0560603836144,931.5519552523358,35.35,3.01,3.1,478.32,23828.0,17517420.0,20734097.0
2014,3,2959,ES,95.44444444444444,25.523541122962065,24.325478701251505,79.6700601471962,74.17754638674622,990.3964708043692,989.9239223995844,84.3,3.01,3.1,491.97,6186.0,3230172.0,3885049.0
2014,3,1663,RJ,173.26153846153838,24.20178213395797,23.00969860969145,82.1605287806335,76.53205596269423,974.5957134463104,974.121388364904,375.98,2.84,2.86,802.73,6477.0,15881308.0,16461173.0
2014,3,46080,SP,116.82962962962962,24.39711850845892,23.039601419632223,77.04496160820172,69.99810764660012,943.9431714247831,943.4200516272268,177.4,3.06,3.09,666.19,25907.0,41935126.0,44035304.0
2014,3,9555,PR,186.7130434782608,23.109087278626703,21.79678786335481,81.06721607888825,75.28167953109755,945.880207634362,945.3652707976862,55.6,2.97,3.04,568.0,17407.0,9407661.0,11081692.0
2014,3,57,SC,188.52222222222213,21.225186528992968,20.13268469274133,84.7112421280493,79.56134082629121,947.0989169663872,946.6039033289773,70.27,2.87,2.99,521.77,7076.0,5518342.0,6727148.0
2014,3,109,RS,188.7777777777777,21.51494303332846,20.334494455924226,80.34651981598324,75.3626594283688,976.1353336656832,975.6280885498784,39.78,2.79,2.85,580.04,12150.0,9480768.0,11207274.0
2014,3,1268,MS,214.98399999999992,25.618326772458985,24.342146454176483,79.97034237422163,73.68563749589651,965.9886155529832,965.403099173482,7.33,3.0,3.12,558.57,3791.0,2224175.0,2619657.0
2014,3,1929,MT,229.6344827586205,25.668444267253683,24.513010174718275,85.2830673278576,79.79216693911052,966.8264683863696,966.0596072863758,3.57,2.87,3.14,275.4,6132.0,2465579.0,3224357.0
2014,3,16922,GO,197.5368421052632,24.591082127323773,23.2782558664194,80.26316796224499,73.20350334110675,931.3324354743964,930.7494474963818,19.18,3.05,3.06,518.54,17986.0,5878386.0,6523222.0
2014,3,2148,DF,689.9999999999997,21.84314516129033,20.600806451612897,84.30443548387106,77.71975806451614,893.4725806451619,892.948521505376,493.49,3.15,3.11,1071.45,1673.0,2754765.0,2852372.0
2014,4,691,RO,158.29999999999995,26.03005727476433,24.999311640395607,85.83605750656771,80.55167333101528,976.3063391960288,975.3898331981152,7.35,3.11,3.28,206.93,6719.0,1253146.0,1748531.0
2014,4,988,AC,211.65,25.64534722222222,24.615486111111107,88.44652777777777,83.8159722222222,989.1069444444446,988.4619444444448,4.81,3.49,3.65,141.07,3459.0,572554.0,790101.0
2014,4,1761,AM,281.3999999999999,26.72107471898321,25.720925966239456,86.53602271929213,81.10894529395074,1004.529114839438,1003.846234646138,2.48,3.18,4.06,209.39,5485.0,2540454.0,3873743.0
2014,4,116,RR,1.4,31.579069767441847,29.711627906976744,60.11627906976746,52.68604651162792,1002.1023255813952,1001.31511627907,2.22,3.63,3.9,235.76,1190.0,381016.0,496936.0
2014,4,1237,PA,270.55294117647054,26.621248006780405,25.53131233992949,84.95432348148134,79.2954076959592,1000.0708170721564,999.4046352359233,6.47,3.1,3.79,66.49,45717.0,4767267.0,8073924.0
2014,4,279,AP,312.79999999999944,26.24499999999999,25.28041666666666,88.39305555555565,85.46041666666673,1010.5078472222222,1009.921180555556,5.26,4.02,4.03,126.56,1031.0,672809.0,750912.0
2014,4,1199,TO,156.06666666666666,26.125129407484675,24.913301701823524,83.33461034487203,77.44100135862568,979.0766435214452,978.465148424439,5.39,3.36,3.28,414.68,3791.0,1232885.0,1496880.0
2014,4,560,MA,222.6133333333332,26.726693072241314,25.621369964093336,84.20690222788586,78.89016490900289,996.662750570536,996.006949588323,20.64,3.16,3.69,136.69,50406.0,3904808.0,6850884.0
2014,4,1200,PI,145.78750000000002,26.860030002309703,25.602974183925443,79.6343837718902,73.57144354006675,982.2858499352452,981.6829453670974,12.7,3.21,3.4,229.01,18597.0,2027383.0,3194718.0
2014,4,4615,CE,137.0833333333333,26.46893622054426,25.37536342146053,82.11123121714571,76.98454179686588,984.0149921759538,983.4592021718762,59.39,3.22,3.34,244.54,20811.0,6571988.0,8842791.0
2014,4,1739,RN,59.3,28.81426076824753,27.686240735046443,72.35001928148483,66.7006636562671,1001.8619723347684,1001.252842903769,64.54,3.26,3.36,321.38,7501.0,2613635.0,3408510.0
2014,4,1034,PB,96.12500000000004,26.52220486111112,25.364999999999988,77.10121527777778,71.52447916666667,973.3984375,972.8696006944444,69.84,3.1,3.31,313.92,11294.0,2873449.0,3943885.0
2014,4,2627,PE,108.26666666666668,26.342239011873485,25.122939943594496,73.36574637485185,67.6787521570597,965.0258893524958,964.498190870808,94.6,3.14,3.24,287.44,11965.0,7404360.0,9277727.0
2014,4,1325,AL,105.04,27.26950255627672,26.15752301936847,79.23793688507698,74.1667680806676,999.6695060977175,999.1508504610312,119.28,3.13,3.39,193.66,7149.0,2316270.0,3321730.0
2014,4,433,SE,139.51999999999995,26.90153724616293,25.718801612707043,73.5957000786492,75.65404882593276,993.5195080180775,993.0145119556456,101.27,3.13,3.21,389.01,1766.0,1638694.0,2219574.0
2014,4,4646,BA,86.7235294117647,25.95097409062401,24.67212832245436,76.51609563561932,70.45075515371035,970.2806810468364,969.7492965748952,26.79,3.1,3.23,350.81,43377.0,10770479.0,15126371.0
2014,4,21860,MG,78.92549019607843,23.00780778191324,21.656642672769983,77.89017491748886,71.79590976757348,932.5023421621,932.025471471476,35.35,3.01,3.1,478.32,23828.0,17517420.0,20734097.0
2014,4,3351,ES,94.26666666666664,24.451516966792088,23.301420454018967,81.3113264269018,76.04889308522985,990.7081254451016,990.2378094876,84.3,3.01,3.1,491.97,6186.0,3230172.0,3885049.0
2014,4,1553,RJ,177.10769230769222,22.375923451593057,21.301174921986288,84.84081366051682,79.73222451113622,975.820825954926,975.3623117643798,375.98,2.84,2.86,802.73,6477.0,15881308.0,16461173.0
2014,4,125274,SP,78.5037037037037,22.5792668848788,21.326751269641967,77.7939797311308,71.5227753441743,945.1898997527068,944.7022595712612,177.4,3.06,3.09,666.19,25907.0,41935126.0,44035304.0
2014,4,12450,PR,125.50526315789472,21.36550362875719,20.20130719045913,82.98146636591288,77.97007274035398,947.71506834843,947.209492341412,55.6,2.97,3.04,568.0,17407.0,9407661.0,11081692.0
2014,4,105,SC,136.53333333333333,19.336756975651777,18.370377852911968,85.25748103327172,80.57750138325225,949.2392977843112,948.76620260126,70.27,2.87,2.99,521.77,7076.0,5518342.0,6727148.0
2014,4,81,RS,114.20000000000002,19.663081475006404,18.592611010343767,80.61480948430304,76.11540077122993,978.7416993411192,978.2481520091133,39.78,2.79,2.85,580.04,12150.0,9480768.0,11207274.0
2014,4,1358,MS,85.10400000000001,24.921200755246467,23.694710088492226,78.79913486824172,73.01250508967891,967.5427603590906,967.0101108408963,7.33,3.0,3.12,558.57,3791.0,2224175.0,2619657.0
2014,4,1860,MT,122.83846153846156,25.93199979180845,24.715442996525685,83.74730608973,78.09292996904605,968.03907403817,967.2923886706044,3.57,2.87,3.14,275.4,6132.0,2465579.0,3224357.0
2014,4,22240,GO,131.57777777777778,24.63791650749385,23.30258781872428,79.1179488259243,72.12646357898448,933.3488434400488,932.820054047529,19.18,3.05,3.06,518.54,17986.0,5878386.0,6523222.0
2014,4,3969,DF,369.2000000000001,22.06119610570239,20.734631432545203,82.27677329624481,75.52155771905427,893.9226703755213,893.4415159944368,493.49,3.15,3.11,1071.45,1673.0,2754765.0,2852372.0
2014,5,480,RO,154.15,25.483702956989248,24.428561827956983,85.1488575268817,79.8834005376344,977.7861559139784,976.922345430108,7.35,3.11,3.28,206.93,6719.0,1253146.0,1748531.0
2014,5,1065,AC,148.64999999999995,25.17344310393269,24.16967302355549,89.21128487469973,84.84624084895928,989.633032334484,989.0099622233616,4.81,3.49,3.65,141.07,3459.0,572554.0,790101.0
2014,5,1039,AM,251.26666666666665,26.57288353141208,25.60049203990917,86.82077429884907,81.7548217633177,1004.7421512982996,1004.1080624877828,2.48,3.18,4.06,209.39,5485.0,2540454.0,3873743.0
2014,5,150,RR,59.00000000000001,29.0274193548387,27.756048387096776,68.57123655913986,63.04973118279577,1002.2330645161296,1001.5857526881724,2.22,3.63,3.9,235.76,1190.0,381016.0,496936.0
2014,5,1117,PA,233.2923076923076,26.80326613074812,25.7365971721327,83.9425206816875,78.66586560771277,999.6909244190704,999.0877807487528,6.47,3.1,3.79,66.49,45717.0,4767267.0,8073924.0
2014,5,572,AP,383.1999999999994,26.075134408602143,25.1788306451613,89.59274193548387,86.82862903225816,1010.5574596774196,1009.9897849462365,5.26,4.02,4.03,126.56,1031.0,672809.0,750912.0
2014,5,1211,TO,58.74545454545454,26.60741487455197,25.26742831541219,75.95262096774195,69.57504480286735,979.26045943304,978.7594208211144,5.39,3.36,3.28,414.68,3791.0,1232885.0,1496880.0
2014,5,542,MA,233.41333333333327,26.950484969842886,25.805303046773435,81.4497898821419,76.14725921600579,996.8036215820856,996.2356147674484,20.64,3.16,3.69,136.69,50406.0,3904808.0,6850884.0
2014,5,2372,PI,76.93333333333332,27.008222097065943,25.63282623706951,72.56008113894013,66.12175528670251,982.637683598282,982.0927103786998,12.7,3.21,3.4,229.01,18597.0,2027383.0,3194718.0
2014,5,6363,CE,95.63333333333333,26.52111749388472,25.38200432089724,77.8790425542483,71.95870684137876,984.2384809601408,983.7094755970234,59.39,3.22,3.34,244.54,20811.0,6571988.0,8842791.0
2014,5,2817,RN,115.71428571428572,27.609851092726394,26.506677599144,75.89823342975802,70.49715547616813,1002.2887196813616,1001.6833150430268,64.54,3.26,3.36,321.38,7501.0,2613635.0,3408510.0
2014,5,1397,PB,136.87500000000003,25.285231854838703,24.157795698924726,79.24126344086022,74.0294018817204,973.8756216397846,973.3877184139784,69.84,3.1,3.31,313.92,11294.0,2873449.0,3943885.0
2014,5,3557,PE,98.39999999999996,24.62425698877158,23.54296576467327,77.82534121629661,72.99799045232481,965.8688722948432,965.306781701898,94.6,3.14,3.24,287.44,11965.0,7404360.0,9277727.0
2014,5,2211,AL,223.54999999999984,25.313328853046595,24.379435483870967,86.08982974910396,81.81429211469529,1000.6978046594982,1000.222222222222,119.28,3.13,3.39,193.66,7149.0,2316270.0,3321730.0
2014,5,908,SE,128.44,25.24083123932453,24.160984098287983,78.829717698896,77.89918576236006,994.5510060004526,994.0860901811824,101.27,3.13,3.21,389.01,1766.0,1638694.0,2219574.0
2014,5,4246,BA,61.1,24.432304247347272,23.247880847793606,78.16406499898724,72.77957698396705,971.3496292720946,970.8647269151272,26.79,3.1,3.23,350.81,43377.0,10770479.0,15126371.0
2014,5,15183,MG,14.364705882352942,20.96711288334585,19.474645588323902,72.83082682270889,66.84792741450417,933.6259038009384,933.1678424279283,35.35,3.01,3.1,478.32,23828.0,17517420.0,20734097.0
2014,5,3276,ES,19.51111111111111,22.81562308126152,21.615370038133104,79.81837656412705,74.39956378780745,992.328979129452,991.845223530013,84.3,3.01,3.1,491.97,6186.0,3230172.0,3885049.0
2014,5,1571,RJ,68.86153846153847,20.40219064015974,19.24773939609128,83.63267276381828,78.299261743753,976.8259589624984,976.352856801288,375.98,2.84,2.86,802.73,6477.0,15881308.0,16461173.0
2014,5,97607,SP,43.786206896551725,19.76393577335628,18.41669956590301,75.63854838983401,69.38365135753781,945.9622573355946,945.4946259619348,177.4,3.06,3.09,666.19,25907.0,41935126.0,44035304.0
2014,5,9749,PR,119.81000000000002,18.0854379193064,17.006278328224987,83.90212453021168,79.36760553290216,948.1491936027492,947.636599211072,55.6,2.97,3.04,568.0,17407.0,9407661.0,11081692.0
2014,5,86,SC,104.85,16.474454801590547,15.491236893132184,86.43113809254734,81.9039314255498,951.0545590355914,950.526921421801,70.27,2.87,2.99,521.77,7076.0,5518342.0,6727148.0
2014,5,73,RS,140.23999999999998,15.943385335925743,14.89640241799282,84.84440934517609,80.89338704677736,979.2229257532864,978.693012136832,39.78,2.79,2.85,580.04,12150.0,9480768.0,11207274.0
2014,5,1025,MS,125.91851851851852,20.73437138380365,19.566704068834508,79.36717178205633,73.93317356809372,969.805212519124,969.266704454178,7.33,3.0,3.12,558.57,3791.0,2224175.0,2619657.0
2014,5,1145,MT,46.33750000000002,24.808792933791693,23.533775632295352,79.0167570609027,73.4564613516374,968.6896323295113,968.0476798064744,3.57,2.87,3.14,275.4,6132.0,2465579.0,3224357.0
2014,5,21573,GO,13.680000000000003,22.778017301097613,21.277623348232165,70.20930972479053,63.36562101318602,932.8927146104544,932.4511424854926,19.18,3.05,3.06,518.54,17986.0,5878386.0,6523222.0
2014,5,4693,DF,6.6,20.98232526881721,19.366599462365585,70.91532258064512,63.5268817204301,894.6897849462365,894.273857526882,493.49,3.15,3.11,1071.45,1673.0,2754765.0,2852372.0
2014,6,327,RO,16.049999999999997,25.756100198412703,24.53789682539684,79.50471230158723,73.98387896825393,980.8035396825398,980.1363184523811,7.35,3.11,3.28,206.93,6719.0,1253146.0,1748531.0
2014,6,894,AC,53.26666666666668,24.891557239057235,23.800929082491564,86.92236952861953,82.53053451178451,990.6666529882152,990.1133890993264,4.81,3.49,3.65,141.07,3459.0,572554.0,790101.0
2014,6,676,AM,157.7733333333333,26.82531471338676,25.801464384134963,84.76995218904585,79.62853813981268,1005.3789546327548,1004.828172084866,2.48,3.18,4.06,209.39,5485.0,2540454.0,3873743.0
2014,6,197,RR,312.7999999999998,26.71611111111115,25.593611111111105,82.78194444444443,77.39305555555558,1003.3066666666668,1002.6998611111115,2.22,3.63,3.9,235.76,1190.0,381016.0,496936.0
2014,6,665,PA,108.84444444444442,26.971191425967703,25.83918983102489,79.23667326572841,73.7833188532392,997.2914543967322,996.7802381700876,6.47,3.1,3.79,66.49,45717.0,4767267.0,8073924.0
2014,6,240,AP,381.99999999999983,26.794218809252943,25.71573284034887,88.22132157755021,84.94960656048548,1010.9501317785368,1010.3935883579828,5.26,4.02,4.03,126.56,1031.0,672809.0,750912.0
2014,6,852,TO,0.8666666666666667,26.07805140241076,24.53668504996652,67.62329688868283,61.028337486478144,980.365687033759,979.9035568304746,5.39,3.36,3.28,414.68,3791.0,1232885.0,1496880.0
2014,6,295,MA,42.26249999999998,27.22945888758733,25.927680596835625,75.00156497717305,69.51013197840193,997.584365747052,997.100108666156,20.64,3.16,3.69,136.69,50406.0,3904808.0,6850884.0
2014,6,1840,PI,14.05263157894737,27.615873867442183,26.089563192914937,60.66103216613113,54.67014725866109,983.6368144018963,983.1406257594476,12.7,3.21,3.4,229.01,18597.0,2027383.0,3194718.0
2014,6,6145,CE,23.52307692307693,27.02745039682539,25.79657738095237,68.13319583422042,62.8229589513401,985.2904662698412,984.8125992063492,59.39,3.22,3.34,244.54,20811.0,6571988.0,8842791.0
2014,6,1690,RN,128.17142857142852,27.385308405241283,26.24973167678704,70.66428970917227,65.38542532225418,1003.4806845903912,1003.0020617609456,64.54,3.26,3.36,321.38,7501.0,2613635.0,3408510.0
2014,6,1012,PB,99.32499999999996,24.522673611111124,23.381927083333323,77.6661458333333,72.52569444444448,975.42984375,974.9858680555556,69.84,3.1,3.31,313.92,11294.0,2873449.0,3943885.0
2014,6,2757,PE,51.99999999999999,24.16174197582077,23.026399329373685,74.21833111252919,69.26835091988129,967.247381235907,966.7796452629603,94.6,3.14,3.24,287.44,11965.0,7404360.0,9277727.0
2014,6,2490,AL,128.55,24.584513888888893,23.565671296296287,84.67800925925928,80.0824074074074,1002.6261574074076,1002.2000694444444,119.28,3.13,3.39,193.66,7149.0,2316270.0,3321730.0
2014,6,626,SE,120.88,24.330033427495287,23.21218549905837,84.57267075502197,78.66602046240966,996.6536784369116,996.2283771186436,101.27,3.13,3.21,389.01,1766.0,1638694.0,2219574.0
2014,6,2618,BA,58.978378378378366,23.378897321218652,22.14039585299893,77.09510152392613,71.80769039992819,973.27805036,972.8126303072578,26.79,3.1,3.23,350.81,43377.0,10770479.0,15126371.0
2014,6,7101,MG,12.305660377358492,20.28164401195836,18.771085320104312,73.43657742085338,67.67168818435742,935.3681628756292,934.9187914236162,35.35,3.01,3.1,478.32,23828.0,17517420.0,20734097.0
2014,6,2537,ES,41.02222222222224,21.720013968230447,20.556835742391456,82.89981943859559,77.92952168272832,994.5029826463294,994.0523884127232,84.3,3.01,3.1,491.97,6186.0,3230172.0,3885049.0
2014,6,1227,RJ,65.43333333333335,20.10295530087196,18.99788476377018,83.42247149773394,78.31578947405083,975.316363002353,974.8658016192912,375.98,2.84,2.86,802.73,6477.0,15881308.0,16461173.0
2014,6,32198,SP,19.4689655172414,19.56518538235407,18.1725500098178,74.1202836072733,67.70888551088345,947.1687507478993,946.7036987484462,177.4,3.06,3.09,666.19,25907.0,41935126.0,44035304.0
2014,6,3923,PR,192.86,17.537116512604882,16.53278958544699,84.03135277003392,79.84717157193069,948.8754675732184,948.3545130023964,55.6,2.97,3.04,568.0,17407.0,9407661.0,11081692.0
2014,6,37,SC,259.54999999999995,14.861499159581133,13.99901213173838,87.36456984529995,83.54058368319542,949.3758522853028,948.760812672706,70.27,2.87,2.99,521.77,7076.0,5518342.0,6727148.0
2014,6,33,RS,179.95135135135132,14.433437050170262,13.494333263538625,85.02245109686261,80.92332904839267,979.4287785550011,978.8643783094204,39.78,2.79,2.85,580.04,12150.0,9480768.0,11207274.0
2014,6,602,MS,51.75384615384617,21.25508540601488,20.0423146000502,76.93164317718013,71.55103766200028,969.1676221457788,968.682728535338,7.33,3.0,3.12,558.57,3791.0,2224175.0,2619657.0
2014,6,667,MT,9.806060606060605,24.4825591681035,23.050408899583825,74.83830679394059,69.0122434418382,969.6022198792716,969.018161676648,3.57,2.87,3.14,275.4,6132.0,2465579.0,3224357.0
2014,6,11686,GO,3.2636363636363632,22.254097863193827,20.685269374903424,66.57780756100647,60.04349097137345,934.2186316597904,933.7618519783956,19.18,3.05,3.06,518.54,17986.0,5878386.0,6523222.0
2014,6,2786,DF,14.2,19.98680555555556,18.446875,69.71319444444435,63.08611111111112,896.0284027777783,895.5998611111105,493.49,3.15,3.11,1071.45,1673.0,2754765.0,2852372.0
2014,7,195,RO,23.85,25.37059811827958,23.957594086021505,75.40658602150539,69.43750000000004,984.5933803763442,983.968245967742,7.35,3.11,3.28,206.93,6719.0,1253146.0,1748531.0
2014,7,1030,AC,10.733333333333334,23.80610295146437,22.526012307723764,83.8638357807789,78.89155528134502,993.4009505732276,992.8571730077674,4.81,3.49,3.65,141.07,3459.0,572554.0,790101.0
2014,7,546,AM,94.0,26.499851963932905,25.369510760278136,83.73798602496862,78.27739212697875,1007.052910276366,1006.4890315651965,2.48,3.18,4.06,209.39,5485.0,2540454.0,3873743.0
2014,7,209,RR,,27.01397849462366,25.60631720430103,80.42069892473123,73.82392473118291,1004.799596774194,1004.192338709678,2.22,3.63,3.9,235.76,1190.0,381016.0,496936.0
2014,7,462,PA,65.18823529411763,26.877180001508563,25.667236995009727,76.94257363689854,71.4489978430956,999.052196587529,998.5389125210004,6.47,3.1,3.79,66.49,45717.0,4767267.0,8073924.0
2014,7,126,AP,151.19999999999993,27.10168371361132,25.918319564647263,83.78193023865721,79.92861919748236,1012.8115676632568,1012.281384736428,5.26,4.02,4.03,126.56,1031.0,672809.0,750912.0
2014,7,400,TO,1.2,26.60210142507236,24.86185042576192,59.099159115722486,52.28753788939887,982.0232774199428,981.5268719746437,5.39,3.36,3.28,414.68,3791.0,1232885.0,1496880.0
2014,7,291,MA,13.533333333333331,27.247301270376,25.843390736916746,69.62839546862136,64.07076407076714,999.4004649120808,998.892410682695,20.64,3.16,3.69,136.69,50406.0,3904808.0,6850884.0
2014,7,1540,PI,2.294736842105263,27.905828837600804,26.340838236677097,53.9146901801638,48.37245040588965,985.600993927439,985.0737739470133,12.7,3.21,3.4,229.01,18597.0,2027383.0,3194718.0
2014,7,5797,CE,13.030769230769232,27.160855706413216,25.80672694992573,62.04128552713578,56.63819143812858,987.256098717729,986.7472615149196,59.39,3.22,3.34,244.54,20811.0,6571988.0,8842791.0
2014,7,1439,RN,75.16666666666667,26.681454064123933,25.5020534420586,69.19992292272661,63.94526424159231,1005.7723091043786,1005.2903021538056,64.54,3.26,3.36,321.38,7501.0,2613635.0,3408510.0
2014,7,753,PB,77.42500000000001,24.202221146441826,22.99659050158616,74.71157076251731,69.25022536939807,977.5422649562488,977.08673883016,69.84,3.1,3.31,313.92,11294.0,2873449.0,3943885.0
2014,7,1943,PE,52.8833333333333,23.569969857677417,22.41129436976426,73.64258585698026,68.38905410294393,969.520214351476,969.0559030379508,94.6,3.14,3.24,287.44,11965.0,7404360.0,9277727.0
2014,7,2388,AL,168.89999999999995,23.91840992951251,22.8893883220314,85.47534037856221,80.79795007076913,1004.9779307588848,1004.5429736956992,119.28,3.13,3.39,193.66,7149.0,2316270.0,3321730.0
2014,7,548,SE,160.60000000000005,23.46430020938617,22.402215675624625,85.19539614905575,79.34293780554106,998.9055387757994,998.4757997607016,101.27,3.13,3.21,389.01,1766.0,1638694.0,2219574.0
2014,7,1903,BA,81.8,22.91017807068996,21.706215338481776,76.14868179266696,71.02435450997307,975.4671768936568,974.9903198266484,26.79,3.1,3.23,350.81,43377.0,10770479.0,15126371.0
2014,7,2620,MG,37.08461538461539,19.54004243614296,18.098338569272737,71.35834414875211,65.8683450213242,937.5751234485608,937.1083792107896,35.35,3.01,3.1,478.32,23828.0,17517420.0,20734097.0
2014,7,1864,ES,67.42222222222225,20.673941165517075,19.62008860129383,83.8044466939665,79.1564004154727,997.3830106732933,996.931528859772,84.3,3.01,3.1,491.97,6186.0,3230172.0,3885049.0
2014,7,943,RJ,104.73846153846148,18.82508061066754,17.799197035695293,83.4093407222647,78.5184670053309,981.619475184596,981.1489388968672,375.98,2.84,2.86,802.73,6477.0,15881308.0,16461173.0
2014,7,13398,SP,42.33571428571429,18.42877433329389,17.055832323336862,72.12098123477682,66.0962135781959,949.6085839530028,949.126991133318,177.4,3.06,3.09,666.19,25907.0,41935126.0,44035304.0
2014,7,2459,PR,95.97894736842106,16.68565347817589,15.565927459646838,79.78164625924566,75.04077475592997,951.6951226823404,951.2073253883487,55.6,2.97,3.04,568.0,17407.0,9407661.0,11081692.0
2014,7,43,SC,75.24,14.577063716242286,13.624342413154032,85.05147479878353,80.67395411116243,952.998721304168,952.504857817352,70.27,2.87,2.99,521.77,7076.0,5518342.0,6727148.0
2014,7,26,RS,143.37575757575752,14.455080567202849,13.443208094406003,83.1574098394328,78.4249700470842,982.2548488201696,981.7020969391608,39.78,2.79,2.85,580.04,12150.0,9480768.0,11207274.0
2014,7,438,MS,119.55833333333334,20.11346564859529,18.85003074263756,73.44081160383188,67.97142316160242,971.5168297993176,970.986732767848,7.33,3.0,3.12,558.57,3791.0,2224175.0,2619657.0
2014,7,434,MT,19.15714285714285,24.37027101447094,22.745480037671264,68.002812581402,61.855718249026914,971.8663599324308,971.2263524311472,3.57,2.87,3.14,275.4,6132.0,2465579.0,3224357.0
2014,7,5174,GO,33.820000000000014,21.897251577265965,20.30839584060454,60.91888303061721,54.75412237842387,936.0795023455064,935.5922783503364,19.18,3.05,3.06,518.54,17986.0,5878386.0,6523222.0
2014,7,1779,DF,8.2,19.60853494623656,17.988575268817208,63.44825268817197,56.87298387096772,897.8131048387091,897.369153225806,493.49,3.15,3.11,1071.45,1673.0,2754765.0,2852372.0
2014,8,168,RO,33.45,27.15574596774195,25.553259408602138,65.8323252688172,59.11760752688172,983.959912634408,983.3778561827957,7.35,3.11,3.28,206.93,6719.0,1253146.0,1748531.0
2014,8,2139,AC,45.3,26.24584842969178,24.59608329204551,77.27471440862129,70.52748792610149,991.7093417124624,991.0983136152124,4.81,3.49,3.65,141.07,3459.0,572554.0,790101.0
2014,8,543,AM,84.72,27.35375903575204,26.12771745149368,80.21022042359687,74.40871399871676,1005.9525694023982,1005.350461208132,2.48,3.18,4.06,209.39,5485.0,2540454.0,3873743.0
2014,8,246,RR,153.40000000000003,27.135349462365586,25.8555107526882,79.5309139784947,73.39650537634411,1003.6485215053768,1003.0227150537628,2.22,3.63,3.9,235.76,1190.0,381016.0,496936.0
2014,8,424,PA,30.49,27.354567606394166,26.066140924826342,73.0549572504579,67.26841972365044,997.76650630583,997.2384093339526,6.47,3.1,3.79,66.49,45717.0,4767267.0,8073924.0
2014,8,72,AP,15.199999999999998,27.425060174562454,26.18837731137804,80.95421953030097,77.0504903945652,1011.7199101880592,1011.18991260629,5.26,4.02,4.03,126.56,1031.0,672809.0,750912.0
2014,8,356,TO,0.8166666666666667,27.8030909724494,25.86544244769228,49.77892673657661,42.711560983927626,976.1343073186875,975.6023237700492,5.39,3.36,3.28,414.68,3791.0,1232885.0,1496880.0
2014,8,279,MA,9.173333333333332,27.92711446578744,26.41340022672997,63.50667232717132,57.81252667224125,998.1872830206512,997.6382557039772,20.64,3.16,3.69,136.69,50406.0,3904808.0,6850884.0
2014,8,622,PI,0.557894736842105,28.748582502688546,27.125903201496666,47.2168119174012,42.04724922972611,984.4212127152824,983.8556750644616,12.7,3.21,3.4,229.01,18597.0,2027383.0,3194718.0
2014,8,3529,CE,1.0714285714285714,27.69342336091328,26.28979291038263,56.94480556885512,51.740494020188684,986.3021579562908,985.7580669162826,59.39,3.22,3.34,244.54,20811.0,6571988.0,8842791.0
2014,8,933,RN,19.66666666666668,27.107027649769574,25.879704301075265,64.06009984639019,58.995199692780346,1005.0027841781872,1004.4949500768043,64.54,3.26,3.36,321.38,7501.0,2613635.0,3408510.0
2014,8,428,PB,27.075,24.48733117375975,23.210707548659062,70.96030661378039,65.58768005338946,976.9128811880628,976.4272947832388,69.84,3.1,3.31,313.92,11294.0,2873449.0,3943885.0
2014,8,1051,PE,41.690909090909095,23.43967435389549,22.24316508677608,71.80582706766913,66.74692915083408,968.984232978279,968.4977152390386,94.6,3.14,3.24,287.44,11965.0,7404360.0,9277727.0
2014,8,1755,AL,122.76000000000003,23.646813811804485,22.57774950697281,83.49590220062292,78.53886893302656,1004.495194647916,1004.0429771994492,119.28,3.13,3.39,193.66,7149.0,2316270.0,3321730.0
2014,8,283,SE,71.60000000000004,23.41002119616175,22.237898637460848,82.88903529627457,77.01538928795586,998.3405415744008,997.8914513635364,101.27,3.13,3.21,389.01,1766.0,1638694.0,2219574.0
2014,8,1440,BA,30.931428571428576,23.11322168518415,21.776987638453296,71.66754913385064,66.23168010315175,974.573019936153,974.068821476106,26.79,3.1,3.23,350.81,43377.0,10770479.0,15126371.0
2014,8,1565,MG,9.294339622641512,21.01039900871046,19.27257274259842,60.85439005464077,54.59480481350336,936.003166745529,935.5241160884248,35.35,3.01,3.1,478.32,23828.0,17517420.0,20734097.0
2014,8,1224,ES,65.95555555555556,21.10123572136258,19.868617776903577,78.43914459305878,73.06413730803975,995.763853738672,995.2847158478304,84.3,3.01,3.1,491.97,6186.0,3230172.0,3885049.0
2014,8,959,RJ,51.41538461538464,19.273960751129653,18.031530067784576,79.76852438278486,74.14034175696139,979.7289493641784,979.2451271280784,375.98,2.84,2.86,802.73,6477.0,15881308.0,16461173.0
2014,8,7728,SP,18.473333333333336,20.59852114634424,18.90048527434327,61.583609983827856,54.7850134450124,947.7871561847196,947.301968429064,177.4,3.06,3.09,666.19,25907.0,41935126.0,44035304.0
2014,8,1770,PR,53.933333333333344,19.115044575162056,17.717168070843034,71.02503363050174,65.19595194756842,951.525453038788,951.0265190443488,55.6,2.97,3.04,568.0,17407.0,9407661.0,11081692.0
2014,8,51,SC,94.6777777777778,16.078340220827258,14.858507782998984,78.55026364065603,73.033679982032,951.14622476719,950.5958812975498,70.27,2.87,2.99,521.77,7076.0,5518342.0,6727148.0
2014,8,31,RS,80.51351351351353,15.903075036229838,14.69268995348174,77.52424830030006,71.84027915281646,980.0689779829496,979.5181760865746,39.78,2.79,2.85,580.04,12150.0,9480768.0,11207274.0
2014,8,349,MS,11.752,23.46542036329929,21.87545018614404,60.13723035485779,53.56562857352566,971.3130346242256,970.8167051229932,7.33,3.0,3.12,558.57,3791.0,2224175.0,2619657.0
2014,8,363,MT,5.4,26.593910959270172,24.68338479662249,56.75726356245824,49.8316731350655,969.520215890604,968.8534445235632,3.57,2.87,3.14,275.4,6132.0,2465579.0,3224357.0
2014,8,3368,GO,0.1727272727272727,24.193728100320527,22.339534552905903,46.760087191870525,40.33688566390895,934.3831771468848,933.8891302698285,19.18,3.05,3.06,518.54,17986.0,5878386.0,6523222.0
2014,8,513,DF,0.0,21.748521505376324,19.899865591397848,47.167338709677374,41.10080645161289,896.3794354838706,895.9174731182803,493.49,3.15,3.11,1071.45,1673.0,2754765.0,2852372.0
2014,9,122,RO,95.2,28.063159722222224,26.642326388888904,72.0579861111111,65.42881944444443,982.6499652777776,981.9827430555556,7.35,3.11,3.28,206.93,6719.0,1253146.0,1748531.0
2014,9,7979,AC,98.2,28.58758925173176,26.768496009997204,76.11407126183043,68.49832169318209,990.2446743929358,989.4764634952808,4.81,3.49,3.65,141.07,3459.0,572554.0,790101.0
2014,9,470,AM,47.17647058823529,28.38172184908584,27.052569610853684,77.27219036974594,71.09454038356897,1004.2286920104884,1003.572215463058,2.48,3.18,4.06,209.39,5485.0,2540454.0,3873743.0
2014,9,271,RR,28.8,29.607638888888868,28.10291666666669,66.26111111111112,59.76111111111111,1002.1986111111108,1001.5724999999994,2.22,3.63,3.9,235.76,1190.0,381016.0,496936.0
2014,9,488,PA,33.440000000000005,27.64058942224132,26.373219393533912,74.20158339190317,68.55926151125504,997.2379143995264,996.65117225459,6.47,3.1,3.79,66.49,45717.0,4767267.0,8073924.0
2014,9,175,AP,23.8,27.79930555555557,26.590277777777786,77.42222222222216,73.4270833333333,1011.0670833333336,1010.5117361111108,5.26,4.02,4.03,126.56,1031.0,672809.0,750912.0
2014,9,280,TO,39.650000000000006,29.031108544819027,27.32704690406256,56.450062491257086,49.63676947985554,974.64471041823,974.0324305239196,5.39,3.36,3.28,414.68,3791.0,1232885.0,1496880.0
2014,9,198,MA,16.266666666666666,28.71996809438371,27.31710178830735,64.21505493337725,58.72729244624352,997.222885872382,996.6320937344736,20.64,3.16,3.69,136.69,50406.0,3904808.0,6850884.0
2014,9,404,PI,2.736842105263158,30.226221242253185,28.500854080478703,44.310484184423366,39.13244221396454,982.9844210689728,982.3657459491704,12.7,3.21,3.4,229.01,18597.0,2027383.0,3194718.0
2014,9,2409,CE,7.542857142857143,28.59350066543454,27.16558418754696,56.89944188976553,51.69716675600064,985.5786724226072,984.984051991632,59.39,3.22,3.34,244.54,20811.0,6571988.0,8842791.0
2014,9,648,RN,33.94285714285715,27.47619047619047,26.31934523809525,66.5388888888889,61.61448412698414,1004.279861111111,1003.7330555555558,64.54,3.26,3.36,321.38,7501.0,2613635.0,3408510.0
2014,9,339,PB,106.14285714285712,25.244735848154523,24.016147446930567,72.10853413654618,67.0847030981067,980.0649395199844,979.5473037387644,69.84,3.1,3.31,313.92,11294.0,2873449.0,3943885.0
2014,9,987,PE,46.29999999999998,25.095509979263863,23.807574340475785,66.90106074678877,61.77478633863254,967.6896104595068,967.154085450147,94.6,3.14,3.24,287.44,11965.0,7404360.0,9277727.0
2014,9,1265,AL,94.16666666666669,24.5042093079922,23.39274731968809,81.84671052631579,76.69538255360621,1003.2976864035084,1002.800587231969,119.28,3.13,3.39,193.66,7149.0,2316270.0,3321730.0
2014,9,263,SE,45.48,24.43394212318168,23.22216411327763,80.58647875972372,74.75721601816272,997.090762766945,996.599768802228,101.27,3.13,3.21,389.01,1766.0,1638694.0,2219574.0
2014,9,1252,BA,30.757894736842108,24.786601748863067,23.39327494481752,67.06715730905681,61.5926054253632,972.874157536869,972.3291847574524,26.79,3.1,3.23,350.81,43377.0,10770479.0,15126371.0
2014,9,1675,MG,17.76603773584906,23.44720881637005,21.78184913237662,57.11953151243218,51.17829050557773,933.8667682421312,933.3286368416544,35.35,3.01,3.1,478.32,23828.0,17517420.0,20734097.0
2014,9,1143,ES,27.822222222222223,22.696379185217967,21.36828981074365,75.15611481551,69.53556188950606,993.7754540117828,993.2315275505306,84.3,3.01,3.1,491.97,6186.0,3230172.0,3885049.0
2014,9,830,RJ,55.33846153846155,21.4533494310288,20.155239312584012,75.83433185086538,69.71736493495246,977.112487030993,976.5451313010628,375.98,2.84,2.86,802.73,6477.0,15881308.0,16461173.0
2014,9,7474,SP,87.0266666666667,22.6579155145808,21.15941641976246,66.23777994534906,59.93078544950262,945.2425158095028,944.6531438218256,177.4,3.06,3.09,666.19,25907.0,41935126.0,44035304.0
2014,9,1479,PR,201.13,20.730839787039464,19.54557772694776,76.5322485336462,71.43101007974053,948.6277405271856,947.9717497951432,55.6,2.97,3.04,568.0,17407.0,9407661.0,11081692.0
2014,9,38,SC,235.2222222222222,17.81547192233887,16.84296141436168,83.85624815548218,79.0968715509142,948.4222810561364,947.7442588804053,70.27,2.87,2.99,521.77,7076.0,5518342.0,6727148.0
2014,9,12,RS,230.21142857142848,17.6436535425854,16.69742883832979,83.39395144159654,78.80304909706594,977.3364677816091,976.6333429268974,39.78,2.79,2.85,580.04,12150.0,9480768.0,11207274.0
2014,9,299,MS,103.46923076923076,25.968573869102087,24.51347971447037,65.73742442661006,59.562011790915776,968.0681781317616,967.469325296806,7.33,3.0,3.12,558.57,3791.0,2224175.0,2619657.0
2014,9,429,MT,65.47272727272727,27.82870308156091,26.225437126632023,66.5808872349306,59.915008156500086,967.10956631046,966.3421138595488,3.57,2.87,3.14,275.4,6132.0,2465579.0,3224357.0
2014,9,2683,GO,37.52727272727273,26.428105903086887,24.76322455009495,51.937752598177845,45.58783876549894,932.1750819609676,931.6216594350286,19.18,3.05,3.06,518.54,17986.0,5878386.0,6523222.0
2014,9,244,DF,22.6,24.33395833333333,22.63312500000002,47.677083333333286,41.87013888888888,894.4823611111113,893.9766666666669,493.49,3.15,3.11,1071.45,1673.0,2754765.0,2852372.0
2014,10,280,RO,188.5333333333333,27.003322992641188,25.758559778174806,78.07732369833738,72.67263347039341,979.7605845754404,978.8996901361626,7.35,3.11,3.28,206.93,6719.0,1253146.0,1748531.0
2014,10,9250,AC,96.46666666666664,26.965986477680023,25.6115265558814,84.43523949169105,78.33011567285762,990.5443833496252,989.912642554578,4.81,3.49,3.65,141.07,3459.0,572554.0,790101.0
2014,10,331,AM,169.88235294117644,27.277146061931887,26.156067406582004,82.61104587565774,77.09970628785707,1003.8154641914068,1003.111185467062,2.48,3.18,4.06,209.39,5485.0,2540454.0,3873743.0
2014,10,221,RR,,28.8665322580645,27.376209677419368,71.6276881720431,65.02956989247302,1001.5036290322588,1000.838844086021,2.22,3.63,3.9,235.76,1190.0,381016.0,496936.0
2014,10,564,PA,67.61052631578949,27.75198441765549,26.55435098096613,74.86553091257963,69.44796430589419,996.678157516066,996.065958546182,6.47,3.1,3.79,66.49,45717.0,4767267.0,8073924.0
2014,10,498,AP,32.5,28.10087365591397,26.8103494623656,77.25806451612898,73.25806451612895,1009.9325268817202,1009.3645833333331,5.26,4.02,4.03,126.56,1031.0,672809.0,750912.0
2014,10,384,TO,127.16666666666669,27.988918010752684,26.50021953405019,63.717876344086015,57.154553461140175,973.9703136200714,973.3441375448028,5.39,3.36,3.28,414.68,3791.0,1232885.0,1496880.0
2014,10,93,MA,35.65714285714286,28.879378121021176,27.55708458435366,65.93682830358843,60.42366586752989,996.205509787296,995.5941118242516,20.64,3.16,3.69,136.69,50406.0,3904808.0,6850884.0
2014,10,271,PI,21.494117647058825,30.56172379564961,28.99612976417148,46.87137490092015,41.71211295720322,981.8941591061672,981.2688054501484,12.7,3.21,3.4,229.01,18597.0,2027383.0,3194718.0
2014,10,1729,CE,13.23076923076923,28.8174272307734,27.4319721800936,56.64303429527118,51.543880750377454,984.3353666992596,983.7526298810942,59.39,3.22,3.34,244.54,20811.0,6571988.0,8842791.0
2014,10,702,RN,8.914285714285713,28.23198019171044,27.042198431703994,63.682783960182206,58.67003903970381,1003.1979097491934,1002.6427469663734,64.54,3.26,3.36,321.38,7501.0,2613635.0,3408510.0
2014,10,305,PB,36.975,26.025443250815474,24.747087747455016,68.81182387586031,63.35310054231618,974.9322470831136,974.408215623992,69.84,3.1,3.31,313.92,11294.0,2873449.0,3943885.0
2014,10,964,PE,60.43333333333333,25.64729021042272,24.365878003540807,67.31694222302093,62.057241279040745,966.679935445882,966.1474800346843,94.6,3.14,3.24,287.44,11965.0,7404360.0,9277727.0
2014,10,1046,AL,183.08,24.794650537634407,23.733333333333327,83.51344086021504,78.6376344086022,1000.0798118279572,999.596129032258,119.28,3.13,3.39,193.66,7149.0,2316270.0,3321730.0
2014,10,197,SE,76.24000000000001,25.20017701359302,24.01724603657653,78.98104657116771,73.30631906529831,996.0762974234124,995.5832098658088,101.27,3.13,3.21,389.01,1766.0,1638694.0,2219574.0
2014,10,1281,BA,46.16111111111112,25.49387785483912,24.160493420286706,66.47342793173017,61.19273380043016,971.9780587028516,971.4154342169252,26.79,3.1,3.23,350.81,43377.0,10770479.0,15126371.0
2014,10,2014,MG,72.52549019607844,24.140482364090435,22.545276229404408,58.510840117182376,52.70182948850657,933.196881081202,932.64804692684,35.35,3.01,3.1,478.32,23828.0,17517420.0,20734097.0
2014,10,830,ES,130.91111111111113,22.96884578126513,21.76089516936291,77.03434967225294,71.6605250411702,993.0328067583714,992.4833004778968,84.3,3.01,3.1,491.97,6186.0,3230172.0,3885049.0
2014,10,954,RJ,94.53846153846152,22.14600799542112,20.81656734318992,76.07512765039459,69.94972243868294,976.8998536514118,976.3561634613308,375.98,2.84,2.86,802.73,6477.0,15881308.0,16461173.0
2014,10,8682,SP,40.53333333333333,24.05714437070915,22.455944468173016,61.04379252111903,54.6080563912535,944.8594887442526,944.302587254591,177.4,3.06,3.09,666.19,25907.0,41935126.0,44035304.0
2014,10,1516,PR,54.48,23.3862725045526,21.94414220328942,68.5161368020387,62.284426725837456,947.9774062550096,947.4188531243018,55.6,2.97,3.04,568.0,17407.0,9407661.0,11081692.0
2014,10,47,SC,101.23529411764709,20.336959152188864,19.133190742444693,78.03257593789081,71.92141362833624,948.9342276439162,948.3201578464316,70.27,2.87,2.99,521.77,7076.0,5518342.0,6727148.0
2014,10,30,RS,161.8108108108108,20.70685486632356,19.57027420861632,78.00742186446497,72.36962984393364,977.5665047043908,976.8507056343844,39.78,2.79,2.85,580.04,12150.0,9480768.0,11207274.0
2014,10,477,MS,53.33076923076924,27.670273587949048,26.10508926820192,60.3702692329707,54.01224599332952,967.6325130098794,967.025925730909,7.33,3.0,3.12,558.57,3791.0,2224175.0,2619657.0
2014,10,478,MT,88.66923076923078,27.796843484964647,26.31498996893957,69.10103690659182,62.79226614294668,966.5618707269036,965.7768189326692,3.57,2.87,3.14,275.4,6132.0,2465579.0,3224357.0
2014,10,3407,GO,69.42222222222222,26.741366585623208,25.1097289101628,53.02579896556647,46.53334010036736,931.4680565204968,930.9015381497908,19.18,3.05,3.06,518.54,17986.0,5878386.0,6523222.0
2014,10,180,DF,273.80000000000007,24.522857142857163,22.87371428571427,54.23428571428568,47.85870129870129,896.1947012987016,895.647844155844,493.49,3.15,3.11,1071.45,1673.0,2754765.0,2852372.0
2014,11,545,RO,293.7333333333331,27.559444444444445,26.289618055555565,78.78124999999997,73.30381944444444,976.3839583333332,975.445277777778,7.35,3.11,3.28,206.93,6719.0,1253146.0,1748531.0
2014,11,6605,AC,203.64999999999995,25.760260967302376,24.68487730149648,72.77910954015776,69.11407721871525,986.68138465732,985.98713924625,4.81,3.49,3.65,141.07,3459.0,572554.0,790101.0
2014,11,474,AM,195.2941176470588,27.201644498495988,26.15986002758439,83.70146854728844,78.6159326493398,1002.6723972677612,1002.0055061236792,2.48,3.18,4.06,209.39,5485.0,2540454.0,3873743.0
2014,11,190,RR,,28.946111111111115,27.56750000000001,71.48194444444437,65.3722222222221,1000.5538888888892,999.9183333333336,2.22,3.63,3.9,235.76,1190.0,381016.0,496936.0
2014,11,503,PA,73.16666666666666,27.75172314033593,26.58772039215472,74.82902683279853,69.51002430712394,995.776267442986,995.1947211388164,6.47,3.1,3.79,66.49,45717.0,4767267.0,8073924.0
2014,11,350,AP,33.3,27.80069444444445,26.593472222222232,79.07430555555555,75.4819444444444,1009.0720138888892,1008.5230555555562,5.26,4.02,4.03,126.56,1031.0,672809.0,750912.0
2014,11,434,TO,182.0666666666667,26.86567595923261,25.659746952438056,77.66899563682388,71.42935068611774,973.1267122968292,972.5146365407674,5.39,3.36,3.28,414.68,3791.0,1232885.0,1496880.0
2014,11,122,MA,62.014285714285705,28.60481134956409,27.329056008983663,70.07169512275685,64.4311575340057,994.5047254725,993.9137928161384,20.64,3.16,3.69,136.69,50406.0,3904808.0,6850884.0
2014,11,245,PI,82.475,29.49285779220496,28.027485055075616,59.106024760692925,53.09004467546846,980.8177800962732,980.2251558354576,12.7,3.21,3.4,229.01,18597.0,2027383.0,3194718.0
2014,11,1390,CE,22.92857142857143,28.22459158590722,26.910837565377896,62.228223758112655,56.96544598392473,983.3986249893868,982.8296833449448,59.39,3.22,3.34,244.54,20811.0,6571988.0,8842791.0
2014,11,647,RN,7.542857142857143,28.234630178678103,27.07389185904032,65.90663172191081,60.85833668933702,1001.9314312862062,1001.378952998551,64.54,3.26,3.36,321.38,7501.0,2613635.0,3408510.0
2014,11,257,PB,17.375,26.63078125,25.316840277777768,67.02204861111115,61.61093749999999,973.438003472222,972.90484375,69.84,3.1,3.31,313.92,11294.0,2873449.0,3943885.0
2014,11,1049,PE,33.96666666666668,26.75919875027537,25.40294436388864,64.67761545646641,59.30138553924712,964.6964416553368,964.1675316428126,94.6,3.14,3.24,287.44,11965.0,7404360.0,9277727.0
2014,11,680,AL,32.099999999999994,26.55514687100894,25.359363825031924,75.91237228607916,70.77943007662829,999.7168949553,999.2038409961684,119.28,3.13,3.39,193.66,7149.0,2316270.0,3321730.0
2014,11,219,SE,76.16000000000001,25.994774184824607,24.82788521866791,78.8430974103451,73.60848957416523,993.4735313707312,992.9727818729712,101.27,3.13,3.21,389.01,1766.0,1638694.0,2219574.0
2014,11,982,BA,129.9611111111111,25.70569498527109,24.481468494292145,74.47750035197944,69.02153377101675,969.634012394756,969.083086619702,26.79,3.1,3.23,350.81,43377.0,10770479.0,15126371.0
2014,11,2275,MG,227.3551020408163,23.7889983942474,22.51167514455695,73.8259735684137,67.8126909306021,930.905227132775,930.3667667285844,35.35,3.01,3.1,478.32,23828.0,17517420.0,20734097.0
2014,11,945,ES,126.57777777777778,24.45157646048109,23.327685185185185,77.06393979890542,72.01942694412624,989.5384971999492,989.0225014318444,84.3,3.01,3.1,491.97,6186.0,3230172.0,3885049.0
2014,11,605,RJ,173.6923076923077,22.9631120820022,21.833770882570672,80.76016284438161,75.4836899165697,973.6537124196936,973.1519785460404,375.98,2.84,2.86,802.73,6477.0,15881308.0,16461173.0
2014,11,8179,SP,171.85,23.497232313064845,22.222647250240563,75.9157699777144,69.76744923993729,942.4634645232763,941.9128333644696,177.4,3.06,3.09,666.19,25907.0,41935126.0,44035304.0
2014,11,1547,PR,131.24,22.909742273697898,21.636019642483724,77.1957648541068,71.39569723268086,944.6578219103712,944.0949704529894,55.6,2.97,3.04,568.0,17407.0,9407661.0,11081692.0
2014,11,44,SC,148.84761904761905,20.82350281313573,19.661251040759847,79.09063405127215,73.49465117008057,944.3967621427096,943.8657094722752,70.27,2.87,2.99,521.77,7076.0,5518342.0,6727148.0
2014,11,50,RS,101.98285714285716,22.17346623662145,20.900891861375683,73.9557357425581,67.76252091852828,975.2232187197905,974.6814116518038,39.78,2.79,2.85,580.04,12150.0,9480768.0,11207274.0
2014,11,532,MS,209.50769230769225,25.56277641440869,24.285733159249624,74.81151460552806,69.27809600204355,966.264894384714,965.6412793696544,7.33,3.0,3.12,558.57,3791.0,2224175.0,2619657.0
2014,11,496,MT,200.10769230769225,26.157216093221187,24.97504675866915,80.91256208644755,75.46589038982172,965.643584356696,964.877780958908,3.57,2.87,3.14,275.4,6132.0,2465579.0,3224357.0
2014,11,4070,GO,229.01,24.82088389123252,23.54750521594329,76.72991931044787,69.62006057255965,930.1493032618996,929.563344147468,19.18,3.05,3.06,518.54,17986.0,5878386.0,6523222.0
2014,11,272,DF,639.1999999999997,22.718726765799264,21.332946096654265,79.35408921933092,71.70399628252788,896.0579460966552,895.4931691449816,493.49,3.15,3.11,1071.45,1673.0,2754765.0,2852372.0
2014,12,385,RO,250.73333333333323,25.718392664509185,24.72223179176672,84.10837074155269,80.16937658767436,969.7477994397468,968.861559574764,7.35,3.11,3.28,206.93,6719.0,1253146.0,1748531.0
2014,12,4537,AC,247.08,25.73186779161787,24.73369605912205,75.34685725629015,71.47817257532205,986.832422903581,986.1397868093258,4.81,3.49,3.65,141.07,3459.0,572554.0,790101.0
2014,12,480,AM,186.6375,27.30726211162068,26.22588025049949,83.97883892949784,78.93516179758531,1002.8736418560002,1002.2057393542258,2.48,3.18,4.06,209.39,5485.0,2540454.0,3873743.0
2014,12,185,RR,,29.1106182795699,27.762365591397817,65.94489247311826,60.3212365591398,1001.1391129032256,1000.5293010752688,2.22,3.63,3.9,235.76,1190.0,381016.0,496936.0
2014,12,488,PA,116.69411764705876,27.509527963057124,26.370149441430243,76.1049116968384,70.8454910945493,996.2074639680048,995.6131806513696,6.47,3.1,3.79,66.49,45717.0,4767267.0,8073924.0
2014,12,146,AP,21.0,27.22244623655916,26.09717741935484,81.66801075268813,78.48857526881721,1009.6311827956991,1009.0875,5.26,4.02,4.03,126.56,1031.0,672809.0,750912.0
2014,12,591,TO,238.2363636363636,26.193944286118523,25.03375946586897,79.80896293152237,73.79952401164202,973.8874381855176,973.2907436602256,5.39,3.36,3.28,414.68,3791.0,1232885.0,1496880.0
2014,12,239,MA,81.87142857142854,27.88131231300894,26.707801621177968,73.37103800127494,67.90590105902831,995.0819109796896,994.5035870473528,20.64,3.16,3.69,136.69,50406.0,3904808.0,6850884.0
2014,12,169,PI,52.976470588235294,28.986431599272564,27.55005243203955,62.0443916421979,55.91505274058502,981.5287650190412,980.9447551264816,12.7,3.21,3.4,229.01,18597.0,2027383.0,3194718.0
2014,12,1749,CE,14.3,28.535776083418448,27.24514792438196,61.03893193595958,55.847982716756576,983.6703058090692,983.1257847665833,59.39,3.22,3.34,244.54,20811.0,6571988.0,8842791.0
2014,12,713,RN,5.4,28.80407167572608,27.62848262623536,64.48259334470362,59.57786162338736,1000.9454660179877,1000.4039664477824,64.54,3.26,3.36,321.38,7501.0,2613635.0,3408510.0
2014,12,230,PB,27.542857142857144,27.023889901046697,25.680951208784347,66.44954486389456,60.86795582824276,973.7509875236666,973.231466739453,69.84,3.1,3.31,313.92,11294.0,2873449.0,3943885.0
2014,12,1369,PE,28.000000000000004,26.67595224732913,25.341990339866687,65.25229219687905,59.65083474103181,965.169829255616,964.6513836333704,94.6,3.14,3.24,287.44,11965.0,7404360.0,9277727.0
2014,12,522,AL,13.999999999999998,27.24778225806451,26.03906810035842,74.91106630824372,69.6527777777778,1000.2813396057348,999.78501344086,119.28,3.13,3.39,193.66,7149.0,2316270.0,3321730.0
2014,12,277,SE,25.120000000000005,26.44190305167385,25.261231335161725,77.37510862252697,71.94161810342526,993.989949936877,993.5081354751644,101.27,3.13,3.21,389.01,1766.0,1638694.0,2219574.0
2014,12,850,BA,159.79459459459454,25.228236888067592,24.03263006227561,78.19557579257008,72.41943148846813,970.213756419566,969.7038736632596,26.79,3.1,3.23,350.81,43377.0,10770479.0,15126371.0
2014,12,2189,MG,163.75471698113208,23.90002872678863,22.610559197741765,76.83900262236956,70.3999821423977,931.3978732151752,930.8986416363888,35.35,3.01,3.1,478.32,23828.0,17517420.0,20734097.0
2014,12,760,ES,90.04444444444448,26.02491471734893,24.7189142771804,75.43814846255424,69.65724627428786,989.658215038043,989.1626662422184,84.3,3.01,3.1,491.97,6186.0,3230172.0,3885049.0
2014,12,797,RJ,126.26153846153844,24.90807369563773,23.60454273198135,78.28145923945613,71.97440823756772,970.2035018998506,969.7211087156952,375.98,2.84,2.86,802.73,6477.0,15881308.0,16461173.0
2014,12,10356,SP,202.1733333333333,24.37937121489721,23.09542381773516,77.6561441985365,71.28699415452878,943.1574287467264,942.6272057647742,177.4,3.06,3.09,666.19,25907.0,41935126.0,44035304.0
2014,12,1463,PR,163.20999999999995,23.910565351669444,22.659300259346903,80.58333168104447,74.8593774878156,944.3981872027756,943.8561273223332,55.6,2.97,3.04,568.0,17407.0,9407661.0,11081692.0
2014,12,38,SC,230.25714285714272,21.95053262364652,20.81882157701925,83.06370113065094,77.59750949734836,943.6967432839984,943.161558606084,70.27,2.87,2.99,521.77,7076.0,5518342.0,6727148.0
2014,12,47,RS,206.59459459459453,23.074900022329683,21.89001359595033,78.1935441669576,72.47505391330726,974.291634244418,973.7068209324648,39.78,2.79,2.85,580.04,12150.0,9480768.0,11207274.0
2014,12,629,MS,174.6461538461538,26.281114294297105,25.059449553899466,78.58874060117361,73.3904381582694,966.1354269619604,965.5446038164548,7.33,3.0,3.12,558.57,3791.0,2224175.0,2619657.0
2014,12,641,MT,275.3214285714284,25.406259021272707,24.294636212325862,85.04850752791361,80.2362524811283,966.1744382388227,965.4330701326116,3.57,2.87,3.14,275.4,6132.0,2465579.0,3224357.0
2014,12,5043,GO,249.7333333333333,23.93419185954001,22.794650879812803,81.35559222530517,74.88998738276943,930.7904527960588,930.241018039536,19.18,3.05,3.06,518.54,17986.0,5878386.0,6523222.0
2014,12,221,DF,936.5999999999998,22.04185002245172,20.79788953749439,81.64032330489448,74.87202514593619,896.6784912438253,896.1549618320602,493.49,3.15,3.11,1071.45,1673.0,2754765.0,2852372.0
2015,1,525,RO,303.39999999999986,25.40787131506968,24.329486859433565,82.06146163475587,76.1002447575218,968.7130680255868,968.0504062106544,7.44,3.01,3.2,187.39,5342.0,1268873.0,1768204.0
2015,1,3735,AC,294.55999999999983,25.036306576263144,24.127354288423,90.53337420597636,85.77948834222734,988.6146390268442,987.93773155622,4.9,3.44,3.6,136.53,2167.0,582101.0,803513.0
2015,1,749,AM,278.3529411764703,26.20161679180265,25.18356263760787,86.07851866953966,81.37507557432309,1004.5716119755642,1003.9070256246588,2.53,3.07,3.95,210.34,5473.0,2567345.0,3938336.0
2015,1,230,RR,12.4,28.83055181695827,27.599192462987883,61.654104979811606,56.47779273216684,1002.5321668909828,1001.915343203231,2.25,3.58,3.88,253.36,887.0,387841.0,505665.0
2015,1,644,PA,173.95999999999992,26.617362641505338,25.50409720907081,79.9586909382091,74.8645115992687,997.374649839401,996.7686647900948,6.55,2.96,3.71,59.72,36775.0,4735739.0,8175113.0
2015,1,419,AP,69.30000000000001,26.477792732166886,25.433041722745624,85.58344549125167,82.61978465679672,1010.7622476446844,1010.2152086137284,5.37,3.94,3.95,123.24,849.0,686652.0,766679.0
2015,1,780,TO,134.26666666666665,26.372912237403384,25.061048242646955,79.12595970632145,72.61098144856746,974.6961141384884,974.082776904878,5.46,3.27,3.22,450.05,2352.0,1245386.0,1515126.0
2015,1,536,MA,86.3142857142857,27.18260669091095,26.039646798315133,76.76969189349245,71.3249893302178,996.9838235514324,996.408719087349,20.8,3.09,3.61,141.06,46730.0,3951607.0,6904241.0
2015,1,251,PI,33.22105263157895,29.44673321038892,27.8668002077832,61.498126388105526,54.78522241142837,982.4375467892112,981.8281165479242,12.73,3.13,3.32,230.06,14814.0,2025324.0,3204028.0
2015,1,2755,CE,36.0,28.645971991102275,27.27533159914725,61.59152608009206,55.864397972694576,984.324526701059,983.783229699273,59.81,3.12,3.27,231.31,20031.0,6565438.0,8904459.0
2015,1,1498,RN,10.52,29.236507133241883,27.979188788508125,62.533405904547365,57.28467316668956,1001.3499887147984,1000.825215644139,65.18,3.24,3.3,326.89,5931.0,2671845.0,3442175.0
2015,1,378,PB,23.52500000000001,27.37741503957101,26.01410701597727,64.8122224350428,58.993757630897534,974.3381647919311,973.8338903113962,70.34,3.1,3.26,309.7,9483.0,2952802.0,3972202.0
2015,1,2951,PE,9.1,27.371754503199902,25.913643402364524,61.78615987597592,55.8407772844248,965.9841692309363,965.4991378610888,95.28,3.07,3.17,298.5,10201.0,7459248.0,9345173.0
2015,1,933,AL,26.933333333333334,27.64223685572768,26.400192348559564,72.50543556033233,67.13512551994476,1001.0413699249676,1000.5704297540276,119.97,3.03,3.29,217.16,6049.0,2329017.0,3340932.0
2015,1,525,SE,15.52,27.20262670850904,25.926931602666723,73.5007569689163,67.75417852852947,994.763199868726,994.3104324243128,102.33,3.04,3.12,397.78,1431.0,1657491.0,2242937.0
2015,1,1377,BA,33.25263157894737,26.513995729115702,25.09780508426265,70.69996178034445,64.42628505218804,972.3244205842208,971.8263793849017,26.92,3.02,3.14,350.35,40908.0,10826876.0,15203934.0
2015,1,5667,MG,68.85098039215687,25.9043298456057,24.2360179908672,65.64818100652475,58.29483342063608,931.5763806067451,931.0647586840583,35.58,2.95,3.04,454.54,22290.0,17613318.0,20869101.0
2015,1,1222,ES,9.822222222222225,27.93401345506378,26.361432782921906,66.5763429772701,60.44165535405264,990.4403543384184,989.945964018939,85.27,2.92,3.03,470.88,5994.0,3242691.0,3929911.0
2015,1,3720,RJ,92.35384615384616,26.26172804775949,24.825720096725284,74.69582117279482,67.44799753484665,970.953232109142,970.4561913540848,378.01,2.79,2.8,744.21,7008.0,15947777.0,16550024.0
2015,1,47993,SP,144.03225806451616,26.42408744860169,24.930101598070888,72.74125259527528,65.17893626394024,944.4936066063908,943.919263385204,178.86,3.0,3.03,623.87,33312.0,42247247.0,44396484.0
2015,1,3128,PR,106.54782608695648,25.69928506785736,24.23104125358264,78.0133747274955,70.87848534081297,946.2407409151078,945.665170086501,56.01,2.91,2.99,586.94,15969.0,9459054.0,11163018.0
2015,1,268,SC,208.3619047619047,23.224354707350606,21.992024648820188,84.00662000525826,77.64203219692773,945.164578537569,944.5962317831048,71.23,2.85,2.94,514.92,7414.0,5645767.0,6819190.0
2015,1,97,RS,204.6057142857142,23.98684467396845,22.785733577302413,81.6719070406068,75.8183128283538,975.1010522243776,974.535782093115,39.92,2.73,2.8,590.98,10862.0,9513303.0,11247972.0
2015,1,1945,MS,120.31851851851852,27.36624814020816,25.913291597670344,74.7387510926059,67.45987376417403,968.202105020654,967.57159934781,7.42,2.94,3.08,597.11,5840.0,2248211.0,2651235.0
2015,1,1023,MT,122.24848484848484,25.79173345161606,24.27817613333535,79.85826500060291,75.76656609506927,967.7500131627146,966.943861396933,3.62,2.83,3.1,303.64,5175.0,2512056.0,3265486.0
2015,1,13279,GO,85.0857142857143,26.464941275342632,24.875674156663965,68.39157929594066,60.25892871912238,931.8559079245578,931.2578042694754,19.44,2.91,3.01,538.4,17705.0,5792191.0,6610681.0
2015,1,454,DF,239.39999999999984,23.833453887884225,22.08566907775768,69.70343580470161,61.164556962025245,897.6573688969252,897.1477848101271,504.3,3.1,3.05,1071.15,1378.0,2815086.0,2914830.0
2015,2,630,RO,257.0666666666666,25.669865174233696,24.697777437623888,83.5341857776979,79.27817566420502,973.7165927222046,972.7827526532,7.44,3.01,3.2,187.39,5342.0,1268873.0,1768204.0
2015,2,2284,AC,264.15999999999985,25.63561507936508,24.67976190476191,89.57053571428571,84.68452380952381,987.5970238095236,986.9118799603172,4.9,3.44,3.6,136.53,2167.0,582101.0,803513.0
2015,2,828,AM,195.02352941176457,27.090139090306486,26.011518080289672,83.74696555723243,78.80526247145771,1004.2849394906988,1003.60929534871,2.53,3.07,3.95,210.34,5473.0,2567345.0,3938336.0
2015,2,180,RR,1.7999999999999998,29.595982142857142,28.3532738095238,56.977678571428655,52.303571428571445,1002.0950892857156,1001.453125,2.25,3.58,3.88,253.36,887.0,387841.0,505665.0
2015,2,1357,PA,207.2133333333332,26.156128428036908,25.15028467338541,83.45668171562252,78.77197099244553,996.4750782045944,995.854949984611,6.55,2.96,3.71,59.72,36775.0,4735739.0,8175113.0
2015,2,633,AP,279.9999999999999,25.99172540726815,25.00872102130328,87.43049028822048,84.4447446741855,1010.583278508772,1010.0095629699248,5.37,3.94,3.95,123.24,849.0,686652.0,766679.0
2015,2,1291,TO,185.8909090909091,25.76839080192565,24.56526855404697,82.59161499377682,76.51922270495578,974.639651926395,974.0113175452057,5.46,3.27,3.22,450.05,2352.0,1245386.0,1515126.0
2015,2,758,MA,189.45,26.605927882671683,25.57902190978057,81.43696104347326,76.34775620951113,996.8090205698136,996.198385677628,20.8,3.09,3.61,141.06,46730.0,3951607.0,6904241.0
2015,2,479,PI,112.61176470588232,27.7275654341392,26.44213217087609,73.53448835221465,67.05703713135037,982.0016311732616,981.3612373553256,12.73,3.13,3.32,230.06,14814.0,2025324.0,3204028.0
2015,2,4052,CE,115.18461538461536,28.140864058077664,26.883759058888664,68.42984396020653,62.71969870823353,983.8142871566838,983.2347498326632,59.81,3.12,3.27,231.31,20031.0,6565438.0,8904459.0
2015,2,2663,RN,66.25000000000001,29.36580814645514,28.115055940684915,66.31565793146768,60.93249909371824,1000.5697874906626,999.9927119802688,65.18,3.24,3.3,326.89,5931.0,2671845.0,3442175.0
2015,2,726,PB,81.59999999999997,27.81011062033507,26.50971203698871,66.44922208013641,60.57658117594868,977.1568156066772,976.5962191941992,70.34,3.1,3.26,309.7,9483.0,2952802.0,3972202.0
2015,2,5447,PE,49.35555555555556,27.52456951478754,26.16674666136512,63.91706965003336,58.21098880025291,965.0658186342888,964.505160481476,95.28,3.07,3.17,298.5,10201.0,7459248.0,9345173.0
2015,2,1533,AL,53.266666666666666,28.241520833333336,27.04318894300144,74.74838474025978,69.50069985569985,1000.0515979437228,999.5274186507936,119.97,3.03,3.29,217.16,6049.0,2329017.0,3340932.0
2015,2,648,SE,52.48000000000001,27.34202380952379,26.11482142857143,76.3125797855027,70.47324939784528,993.7524702380956,993.2422916666668,102.33,3.04,3.12,397.78,1431.0,1657491.0,2242937.0
2015,2,3179,BA,114.37222222222223,26.298809993137382,24.971761873179503,75.74455919538866,69.70367750907235,971.7072502534912,971.158433392917,26.92,3.02,3.14,350.35,40908.0,10826876.0,15203934.0
2015,2,10901,MG,177.64799999999997,24.354418972654926,22.95834217009229,75.62054882654806,68.9955735127814,930.6944643969208,930.1626913548972,35.58,2.95,3.04,454.54,22290.0,17613318.0,20869101.0
2015,2,999,ES,111.95,27.35380807452635,25.92538416323864,72.18748909672415,66.3000687399941,989.8537909702928,989.3362635101907,85.27,2.92,3.03,470.88,5994.0,3242691.0,3929911.0
2015,2,4859,RJ,167.21818181818173,25.90664881827152,24.64468284708424,79.2144892313242,73.02499651875125,982.912759642142,982.3783761878956,378.01,2.79,2.8,744.21,7008.0,15947777.0,16550024.0
2015,2,143143,SP,212.7419354838709,24.39678923778204,23.110210637049217,81.15159529624813,74.5986770654416,943.596529953034,943.0246006554828,178.86,3.0,3.03,623.87,33312.0,42247247.0,44396484.0
2015,2,6421,PR,174.24444444444435,24.59185553604217,23.19650394170504,81.79502385560694,75.32105942027101,944.9997176893964,944.4505861387472,56.01,2.91,2.99,586.94,15969.0,9459054.0,11163018.0
2015,2,1882,SC,184.91,22.44566790856522,21.29540987849908,85.28764977004259,79.37545777913681,944.2155351841224,943.6888562821216,71.23,2.85,2.94,514.92,7414.0,5645767.0,6819190.0
2015,2,101,RS,109.5055555555556,23.704610624823616,22.45521393386576,81.62225889065817,75.93067066706983,975.3550834093876,974.8633022860392,39.92,2.73,2.8,590.98,10862.0,9513303.0,11247972.0
2015,2,3735,MS,169.35,26.48873276473352,25.17999207251087,79.7770835225764,73.096086206731,967.021012526851,966.4063049074292,7.42,2.94,3.08,597.11,5840.0,2248211.0,2651235.0
2015,2,1604,MT,210.3166666666666,25.43126708974817,24.21583731099408,84.40898944249022,79.32174867526382,966.927330860639,966.153676009386,3.62,2.83,3.1,303.64,5175.0,2512056.0,3265486.0
2015,2,22223,GO,197.53,24.924496253608435,23.55074939623584,76.91462967054444,69.5390998006245,931.4518063031248,930.8669998671136,19.44,2.91,3.01,538.4,17705.0,5792191.0,6610681.0
2015,2,837,DF,470.3999999999997,22.616583665338688,21.223306772908387,77.29282868525894,70.05826693227078,897.198207171316,896.677589641435,504.3,3.1,3.05,1071.15,1378.0,2815086.0,2914830.0
2015,3,985,RO,394.7333333333331,25.75183691756271,24.817831541218634,84.90456989247308,80.8956093189964,972.0765681003588,971.161245519713,7.44,3.01,3.2,187.39,5342.0,1268873.0,1768204.0
2015,3,2258,AC,263.2399999999998,25.55464698177525,24.61773361803273,90.5736413373043,85.74606779498278,987.6843350211324,986.9880461471614,4.9,3.44,3.6,136.53,2167.0,582101.0,803513.0
2015,3,1177,AM,338.7249999999996,26.71692084847794,25.695607241333548,86.19632571336125,81.50313109667685,1004.475855171084,1003.7642613347336,2.53,3.07,3.95,210.34,5473.0,2567345.0,3938336.0
2015,3,164,RR,2.0,29.775236806495275,28.62327469553452,56.3234100135318,51.807848443843056,1002.0150202976988,1001.3331529093368,2.25,3.58,3.88,253.36,887.0,387841.0,505665.0
2015,3,2901,PA,321.83999999999986,26.017299451128327,24.995256727516708,85.87318324251696,81.28870594706673,996.3182957867205,995.6508597977978,6.55,2.96,3.71,59.72,36775.0,4735739.0,8175113.0
2015,3,1066,AP,32.0,26.668391577060937,25.495803464755063,86.27830047789726,81.5748207885305,1010.9209005376338,1010.257862903226,5.37,3.94,3.95,123.24,849.0,686652.0,766679.0
2015,3,3167,TO,242.8499999999999,25.67532442686141,24.516531134767348,84.89021306214158,79.1333252065619,974.3272139673928,973.6964683018548,5.46,3.27,3.22,450.05,2352.0,1245386.0,1515126.0
2015,3,2811,MA,235.21428571428555,26.36039770764297,25.28052579783729,84.35793867996887,79.12730942118918,995.5461621266088,994.89174949478,20.8,3.09,3.61,141.06,46730.0,3951607.0,6904241.0
2015,3,2358,PI,163.5125,26.699598714230103,25.564081101330764,79.98069401861846,74.07573479189568,981.946324014944,981.3246556607064,12.73,3.13,3.32,230.06,14814.0,2025324.0,3204028.0
2015,3,10528,CE,195.28571428571425,26.75034687489478,25.63455751798021,78.64032145233416,73.33447679553798,983.7508294123944,983.1625716857131,59.81,3.12,3.27,231.31,20031.0,6565438.0,8904459.0
2015,3,7772,RN,169.23333333333332,27.888944742314127,26.817187971263216,75.8446808340561,70.7669588169847,1002.3996651323864,1001.8425497032308,65.18,3.24,3.3,326.89,5931.0,2671845.0,3442175.0
2015,3,3245,PB,137.2,26.592741403651264,25.426115349655763,74.4918438636188,69.18543793997057,973.2245478697683,972.6645714637962,70.34,3.1,3.26,309.7,9483.0,2952802.0,3972202.0
2015,3,20501,PE,74.44444444444444,27.374006785303035,26.047672632948952,66.7223940929079,60.70638980186351,964.7248313810636,964.1606060145313,95.28,3.07,3.17,298.5,10201.0,7459248.0,9345173.0
2015,3,2100,AL,34.53333333333334,29.11758616737518,27.89349889555724,72.2015608068684,66.69762753188299,999.531793885972,998.992526256564,119.97,3.03,3.29,217.16,6049.0,2329017.0,3340932.0
2015,3,1682,SE,48.84,27.462825317693067,26.26212052785922,75.17022210544754,69.12466985913579,993.31320459433,992.7959895405672,102.33,3.04,3.12,397.78,1431.0,1657491.0,2242937.0
2015,3,13350,BA,54.841176470588245,26.9254620568637,25.568611434780944,73.36157053598792,67.2878471559621,970.740628638383,970.1911747844003,26.92,3.02,3.14,350.35,40908.0,10826876.0,15203934.0
2015,3,35003,MG,178.0041666666666,23.94555928439601,22.61807026975352,78.85900254926372,72.60175493114252,930.0335932465044,929.5047480595076,35.58,2.95,3.04,454.54,22290.0,17613318.0,20869101.0
2015,3,1781,ES,95.60000000000002,26.69019819007548,25.32134044984675,75.79271948767034,69.91777885378866,989.6161297743348,989.1098005112904,85.27,2.92,3.03,470.88,5994.0,3242691.0,3929911.0
2015,3,12913,RJ,185.5833333333333,24.883960846409646,23.77595139076308,83.15201657987522,77.92271346051108,985.9189844249296,985.4297675078112,378.01,2.79,2.8,744.21,7008.0,15947777.0,16550024.0
2015,3,322982,SP,200.34193548387088,23.31013040774156,22.150037364831093,83.09407632253976,77.41742186394856,944.1555659812368,943.63054693717,178.86,3.0,3.03,623.87,33312.0,42247247.0,44396484.0
2015,3,20536,PR,168.78749999999997,23.502176304133407,22.182253187312767,81.16706891178394,75.24691868364424,945.7172825251616,945.2059046882592,56.01,2.91,2.99,586.94,15969.0,9459054.0,11163018.0
2015,3,2813,SC,154.15555555555557,21.695931420494706,20.566611016478884,83.42138943564093,77.63479887083324,945.4456019252492,944.9837917106544,71.23,2.85,2.94,514.92,7414.0,5645767.0,6819190.0
2015,3,698,RS,75.38285714285715,22.79696642833872,21.543951660781147,79.52844362573745,73.9859340458967,976.7544548519456,976.3050111210345,39.92,2.73,2.8,590.98,10862.0,9513303.0,11247972.0
2015,3,6816,MS,133.5363636363637,25.920101912305768,24.566375778682733,79.26368266320101,72.69781354223943,967.739727824052,967.1581102616136,7.42,2.94,3.08,597.11,5840.0,2248211.0,2651235.0
2015,3,3201,MT,186.4695652173912,25.49463250288745,24.30316492897672,85.35853670548363,80.44738547844062,965.8700010598624,965.099923325364,3.62,2.83,3.1,303.64,5175.0,2512056.0,3265486.0
2015,3,37334,GO,237.6285714285713,23.908610208889563,22.66445055949072,82.89428483568814,76.13258793335298,929.397253303448,928.825806640098,19.44,2.91,3.01,538.4,17705.0,5792191.0,6610681.0
2015,3,1551,DF,875.0000000000011,21.65588768115945,20.376630434782605,86.65353260869547,80.08922101449285,897.2278985507241,896.683786231883,504.3,3.1,3.05,1071.15,1378.0,2815086.0,2914830.0
2015,4,884,RO,166.6999999999999,26.099204776422763,25.095591971544728,85.55527608401081,81.18039464769646,978.627735433604,977.770469173442,7.44,3.01,3.2,187.39,5342.0,1268873.0,1768204.0
2015,4,1731,AC,213.67999999999992,25.481447966568783,24.54948542857878,90.26083333333332,85.5188888888889,988.4463980644412,987.7691365000256,4.9,3.44,3.6,136.53,2167.0,582101.0,803513.0
2015,4,849,AM,215.1647058823528,26.97314015655983,25.914139941176977,85.3164706348825,80.00723237135557,1004.9206611995317,1004.2249133997244,2.53,3.07,3.95,210.34,5473.0,2567345.0,3938336.0
2015,4,195,RR,,29.31180555555555,28.13236111111113,61.38333333333323,56.60555555555555,1002.3480555555552,1001.6631944444442,2.25,3.58,3.88,253.36,887.0,387841.0,505665.0
2015,4,2223,PA,227.7875,26.347649352647057,25.259182793086527,86.44513325676297,81.69767326027505,996.6051484440528,995.946948219798,6.55,2.96,3.71,59.72,36775.0,4735739.0,8175113.0
2015,4,578,AP,0.0,25.62944444444445,24.53291666666665,89.92777777777786,88.60694444444442,1011.150972222223,1010.5962500000016,5.37,3.94,3.95,123.24,849.0,686652.0,766679.0
2015,4,3291,TO,189.65454545454543,26.21060924560925,25.009698903448903,84.12918145418146,78.2875056875057,973.4109476521973,972.7696198471197,5.46,3.27,3.22,450.05,2352.0,1245386.0,1515126.0
2015,4,2188,MA,167.6571428571428,27.32910025381212,26.131945453612605,81.44946379104849,75.7738923790353,995.489087124451,994.8236148907896,20.8,3.09,3.61,141.06,46730.0,3951607.0,6904241.0
2015,4,3537,PI,120.93333333333334,27.20822280830233,25.929885137590052,78.65588490784212,72.41786292085217,982.5585728873772,981.953515603026,12.73,3.13,3.32,230.06,14814.0,2025324.0,3204028.0
2015,4,18002,CE,140.92857142857142,26.725157144854744,25.55378197995988,79.9523534212315,74.7375574595563,984.079268708216,983.5274120691556,59.81,3.12,3.27,231.31,20031.0,6565438.0,8904459.0
2015,4,8224,RN,91.32,28.14138888888889,27.069976851851848,73.9099052540913,69.61155012771391,1002.7042592592596,1002.184421296296,65.18,3.24,3.3,326.89,5931.0,2671845.0,3442175.0
2015,4,5300,PB,75.95,27.22559946421408,25.99788586613948,72.00039539281416,66.3113209844708,977.1204946707928,976.5954736118276,70.34,3.1,3.26,309.7,9483.0,2952802.0,3972202.0
2015,4,30062,PE,30.577777777777776,27.66788395398221,26.280573537666125,65.3342109629587,58.86284654398164,964.9093303654004,964.3670398286004,95.28,3.07,3.17,298.5,10201.0,7459248.0,9345173.0
2015,4,3199,AL,25.0,29.84629070881225,28.57491538952745,70.8081417624521,65.25733556832697,999.4345961047254,998.907515166028,119.97,3.03,3.29,217.16,6049.0,2329017.0,3340932.0
2015,4,2052,SE,103.2,27.631215277777784,26.49854166666666,77.23646708683474,71.48367471988793,998.7494444444444,998.246770833333,102.33,3.04,3.12,397.78,1431.0,1657491.0,2242937.0
2015,4,15375,BA,121.258064516129,26.529237643663887,25.235044115045305,76.4348918604671,70.54741596054001,970.118536344154,969.5749195736236,26.92,3.02,3.14,350.35,40908.0,10826876.0,15203934.0
2015,4,71197,MG,71.9433962264151,23.13552754950928,21.823986594975608,78.29575830844266,72.16982723694265,932.3770598477024,931.887813752069,35.58,2.95,3.04,454.54,22290.0,17613318.0,20869101.0
2015,4,3155,ES,54.60000000000001,24.548178779522228,23.349245052717265,78.16584080092991,72.66305811876926,990.71686383687,990.2324393462576,85.27,2.92,3.03,470.88,5994.0,3242691.0,3929911.0
2015,4,17927,RJ,113.67692307692307,22.371536260222403,21.30598372280454,84.14449455100925,79.11447343194382,975.4764008564106,975.0298798406612,378.01,2.79,2.8,744.21,7008.0,15947777.0,16550024.0
2015,4,270722,SP,64.20689655172416,22.666662846196964,21.36760903835388,78.99137612796616,73.08310304515088,944.8284118796024,944.357907828688,178.86,3.0,3.03,623.87,33312.0,42247247.0,44396484.0
2015,4,27682,PR,73.49411764705884,21.869065475870645,20.546630980721183,79.04394339837779,73.24841734679522,947.2991141280332,946.8228613995544,56.01,2.91,2.99,586.94,15969.0,9459054.0,11163018.0
2015,4,2682,SC,82.93684210526321,19.453603219421133,18.368901890953943,83.14113976055843,77.52939825190694,947.066123762504,946.6199816592548,71.23,2.85,2.94,514.92,7414.0,5645767.0,6819190.0
2015,4,1558,RS,92.70909090909092,20.07734584717788,18.809465388813063,78.2685765303771,72.62323508619532,978.7088194361376,978.2617712284548,39.92,2.73,2.8,590.98,10862.0,9513303.0,11247972.0
2015,4,8677,MS,119.76,25.06914504709194,23.776449286518474,78.20081329848821,72.04759188522668,967.8427512781204,967.3221387722232,7.42,2.94,3.08,597.11,5840.0,2248211.0,2651235.0
2015,4,4847,MT,155.50909090909084,25.69500582670198,24.51534505857364,85.41523326693328,80.60419918519138,967.4408504869951,966.6867989393456,3.62,2.83,3.1,303.64,5175.0,2512056.0,3265486.0
2015,4,36758,GO,135.0285714285714,24.61098315514741,23.32833909665983,80.91833113871047,74.11409162033812,931.9158345458796,931.3471247508984,19.44,2.91,3.01,538.4,17705.0,5792191.0,6610681.0
2015,4,2951,DF,714.7999999999998,22.35973060845333,21.08146771946124,84.84626103111944,78.04598235020899,895.9291855203606,895.4169117647059,504.3,3.1,3.05,1071.15,1378.0,2815086.0,2914830.0
2015,5,583,RO,205.29999999999995,25.765356182795703,24.78881048387097,84.39919354838707,80.38709677419354,980.589516129032,979.8437163978492,7.44,3.01,3.2,187.39,5342.0,1268873.0,1768204.0
2015,5,1219,AC,125.86666666666667,25.24000302648921,24.334810561202566,90.09399964065564,85.40020604964222,989.1381461159274,988.520979429484,4.9,3.44,3.6,136.53,2167.0,582101.0,803513.0
2015,5,838,AM,200.56249999999983,26.865785169609204,25.76309295767367,86.32932356237758,81.14528775039257,1005.3419147232712,1004.7027846347332,2.53,3.07,3.95,210.34,5473.0,2567345.0,3938336.0
2015,5,208,RR,,27.01599462365592,25.95013440860216,77.11021505376334,72.31451612903226,1003.2236559139792,1002.5909946236555,2.25,3.58,3.88,253.36,887.0,387841.0,505665.0
2015,5,1968,PA,147.11249999999998,26.814045674765097,25.72909101290909,84.206669531284,79.42228481869913,997.6216339261316,997.0267458620692,6.55,2.96,3.71,59.72,36775.0,4735739.0,8175113.0
2015,5,467,AP,,26.256782945736425,24.98953488372093,91.53294573643412,90.31395348837202,1011.3687984496124,1010.8011627906976,5.37,3.94,3.95,123.24,849.0,686652.0,766679.0
2015,5,2903,TO,64.60000000000001,26.261666666666667,24.981263440860207,77.55040322580643,71.6649193548387,973.491518817204,972.9853494623655,5.46,3.27,3.22,450.05,2352.0,1245386.0,1515126.0
2015,5,1072,MA,127.43333333333328,27.10560156892425,25.964599613603127,80.97862394339505,75.54693852493736,996.3134820146644,995.7356588039768,20.8,3.09,3.61,141.06,46730.0,3951607.0,6904241.0
2015,5,2370,PI,36.81250000000001,28.04461431644904,26.67559176137673,69.91985898820325,64.00605396936636,983.232043948458,982.6711285197816,12.73,3.13,3.32,230.06,14814.0,2025324.0,3204028.0
2015,5,26607,CE,64.87692307692309,27.536730578214627,26.270064632027616,72.89336351405936,67.36009780168499,984.6246909637993,984.08917200762,59.81,3.12,3.27,231.31,20031.0,6565438.0,8904459.0
2015,5,3915,RN,27.300000000000004,28.556964183112296,27.411260978412542,69.5489936130822,64.7110360222147,1002.7558016732918,1002.232613507112,65.18,3.24,3.3,326.89,5931.0,2671845.0,3442175.0
2015,5,7433,PB,22.73333333333333,26.7704116492578,25.51010851055124,71.14357289319744,65.52529268912747,974.5117300566442,974.0055663765372,70.34,3.1,3.26,309.7,9483.0,2952802.0,3972202.0
2015,5,26856,PE,38.96666666666666,26.31964041234413,25.071013965651566,69.69391430869075,63.90529083396613,966.317359379949,965.8086528063492,95.28,3.07,3.17,298.5,10201.0,7459248.0,9345173.0
2015,5,4368,AL,118.23333333333332,27.7585074193066,26.64448786041284,79.7640125037989,74.61255228006192,1001.2204653528512,1000.7234292162932,119.97,3.03,3.29,217.16,6049.0,2329017.0,3340932.0
2015,5,1090,SE,216.92,26.005626862736584,24.853276762752166,80.83985004532843,74.59025048072851,995.152429989623,994.6694072592352,102.33,3.04,3.12,397.78,1431.0,1657491.0,2242937.0
2015,5,12737,BA,78.54594594594593,24.393317837220387,23.25900113645344,80.43644854209013,75.35140060042984,972.1460520905706,971.6537981284416,26.92,3.02,3.14,350.35,40908.0,10826876.0,15203934.0
2015,5,72094,MG,56.89230769230772,20.55899965369461,19.35161087912822,80.01240606413234,74.72578057881661,934.2215730223792,933.7527324425356,35.58,2.95,3.04,454.54,22290.0,17613318.0,20869101.0
2015,5,5551,ES,120.28888888888888,22.139246297981323,21.08298153865838,83.17996765273156,78.53879661617027,993.7721131043332,993.301668318345,85.27,2.92,3.03,470.88,5994.0,3242691.0,3929911.0
2015,5,18160,RJ,79.7166666666667,20.31994237178468,19.289224157320525,84.82404017738803,79.93661810043874,975.2097445157152,974.733731272562,378.01,2.79,2.8,744.21,7008.0,15947777.0,16550024.0
2015,5,134327,SP,91.8866666666667,19.85611865039712,18.68017971108991,81.18709888829099,76.00282401923572,947.242977921768,946.7403698096908,178.86,3.0,3.03,623.87,33312.0,42247247.0,44396484.0
2015,5,14078,PR,122.60000000000002,18.57871882329761,17.506044102886293,84.6259926023903,80.18575828815679,949.0596132238536,948.5456016635414,56.01,2.91,2.99,586.94,15969.0,9459054.0,11163018.0
2015,5,1441,SC,156.84444444444443,16.806897217056598,15.873719742503551,86.46450020693646,81.7773604392608,948.4285571830736,947.9538188488334,71.23,2.85,2.94,514.92,7414.0,5645767.0,6819190.0
2015,5,761,RS,145.22424242424245,17.14113699536059,16.107614337345748,83.56543463944507,79.07935387461113,979.9033496952748,979.4285087855008,39.92,2.73,2.8,590.98,10862.0,9513303.0,11247972.0
2015,5,5755,MS,144.60833333333332,21.95866615169702,20.821478113196587,81.70262773014416,76.5663869887296,969.6944377575232,969.179212741966,7.42,2.94,3.08,597.11,5840.0,2248211.0,2651235.0
2015,5,5498,MT,65.83478260869566,25.220581846318304,24.02766231967409,82.39381731124361,77.50413072133443,968.2627707290308,967.5999621156672,3.62,2.83,3.1,303.64,5175.0,2512056.0,3265486.0
2015,5,40608,GO,58.95789473684213,22.705182072302023,21.44899358207275,77.98028084375564,71.96202799173892,933.6519736444004,933.1590803186604,19.44,2.91,3.01,538.4,17705.0,5792191.0,6610681.0
2015,5,2987,DF,102.40000000000003,20.738748874887563,19.42223222322234,79.87038703870408,73.7164716471647,895.4988575268812,895.048118279569,504.3,3.1,3.05,1071.15,1378.0,2815086.0,2914830.0
2015,6,302,RO,9.6,26.035280813902126,24.787055290584707,76.32213831478538,71.45174494347285,983.5209385488432,982.9463786764712,7.44,3.01,3.2,187.39,5342.0,1268873.0,1768204.0
2015,6,596,AC,85.00000000000001,25.214473073351904,24.091869712679248,87.53638888888888,82.10944444444443,990.7461504436194,990.213425474569,4.9,3.44,3.6,136.53,2167.0,582101.0,803513.0
2015,6,775,AM,113.59999999999998,27.089211998645432,25.924415557946062,83.3812258477062,78.08859847941135,1006.6163753773428,1006.04806197063,2.53,3.07,3.95,210.34,5473.0,2567345.0,3938336.0
2015,6,303,RR,,26.98569444444444,25.607638888888875,82.11666666666666,75.72499999999992,1003.9901388888884,1003.3636111111118,2.25,3.58,3.88,253.36,887.0,387841.0,505665.0
2015,6,1320,PA,94.11249999999998,26.88484361600384,25.72733106674625,79.84126272376044,74.86514485060636,998.3396989320024,997.822712045224,6.55,2.96,3.71,59.72,36775.0,4735739.0,8175113.0
2015,6,261,AP,0.0,30.109201388888884,28.432142857142864,78.4598214285714,73.87500000000003,1012.2135912698412,1011.5726686507936,5.37,3.94,3.95,123.24,849.0,686652.0,766679.0
2015,6,1983,TO,0.7666666666666667,26.125005387654667,24.545300840953768,66.85287998369358,60.23160615585094,976.9120229364206,976.4495813589087,5.46,3.27,3.22,450.05,2352.0,1245386.0,1515126.0
2015,6,493,MA,33.51428571428573,27.170847512199867,25.805817190978143,72.8241395367195,67.00384254814175,997.5717423418128,997.0760964849416,20.8,3.09,3.61,141.06,46730.0,3951607.0,6904241.0
2015,6,1060,PI,7.515789473684211,27.758933938989703,26.30770775277562,59.76506289688214,54.4123645065984,984.8662221215304,984.3566779936295,12.73,3.13,3.32,230.06,14814.0,2025324.0,3204028.0
2015,6,19980,CE,44.446153846153855,27.164852476715705,25.88540938898596,68.90441543567651,63.347404139295335,986.2512975263356,985.7495292454316,59.81,3.12,3.27,231.31,20031.0,6565438.0,8904459.0
2015,6,1397,RN,85.8285714285714,27.31041666666667,26.15837301587301,71.07321428571429,65.98412698412702,1004.5430555555556,1004.0625396825396,65.18,3.24,3.3,326.89,5931.0,2671845.0,3442175.0
2015,6,4369,PB,105.09999999999998,24.913884460751245,23.77878036437247,76.28519104251016,71.14140800719751,976.398453314777,975.9446884137432,70.34,3.1,3.26,309.7,9483.0,2952802.0,3972202.0
2015,6,13805,PE,92.6166666666666,24.53672591413939,23.36646531376512,75.35519337368423,69.92414904931313,968.2308164328432,967.7679722907232,95.28,3.07,3.17,298.5,10201.0,7459248.0,9345173.0
2015,6,3925,AL,220.5666666666665,25.984915576365736,24.93174417746706,85.75364437550249,80.90892587776237,1003.3446473109252,1002.9026057082954,119.97,3.03,3.29,217.16,6049.0,2329017.0,3340932.0
2015,6,353,SE,164.79999999999995,24.40909816875291,23.388608097666527,84.45071829132691,78.72655884138153,997.378482537475,996.9576154767426,102.33,3.04,3.12,397.78,1431.0,1657491.0,2242937.0
2015,6,7742,BA,109.99999999999996,23.24962910657469,22.09785014427573,79.53855103311388,74.73697026473543,973.1721159811508,972.7195581266666,26.92,3.02,3.14,350.35,40908.0,10826876.0,15203934.0
2015,6,24862,MG,16.17692307692308,20.01304003644294,18.63159583853309,75.45260138325634,69.84650141948946,936.9495464110596,936.5147061835908,35.58,2.95,3.04,454.54,22290.0,17613318.0,20869101.0
2015,6,4812,ES,99.51111111111112,21.56280407388635,20.46149308995785,83.34582215262972,78.50525685014166,996.6298791695845,996.1881128498889,85.27,2.92,3.03,470.88,5994.0,3242691.0,3929911.0
2015,6,10108,RJ,86.80000000000001,19.730571536898985,18.61825756254137,83.64823597981457,78.6067335771635,980.6938175475148,980.2422451182672,378.01,2.79,2.8,744.21,7008.0,15947777.0,16550024.0
2015,6,35562,SP,18.425806451612907,19.20209627467286,17.9069153127783,77.49868962833696,72.10808465208295,949.4964260866226,949.0530721653314,178.86,3.0,3.03,623.87,33312.0,42247247.0,44396484.0
2015,6,5817,PR,82.04444444444445,17.901080129702656,16.72450771101746,81.7437779773595,77.03146584008292,951.9248782808904,951.458402629418,56.01,2.91,2.99,586.94,15969.0,9459054.0,11163018.0
2015,6,588,SC,143.5647058823529,14.910266345331992,13.87006728889148,84.61916784729725,79.64499723608637,951.1885929244422,950.680106430439,71.23,2.85,2.94,514.92,7414.0,5645767.0,6819190.0
2015,6,231,RS,153.3875,15.017066280275534,13.963069361454574,82.54476432256102,77.94615202435824,981.1392768872272,980.6059247295682,39.92,2.73,2.8,590.98,10862.0,9513303.0,11247972.0
2015,6,2570,MS,41.00000000000001,21.515455891443185,20.259176826909464,76.93314896166646,71.61738688323979,970.3701328319383,969.9118228849007,7.42,2.94,3.08,597.11,5840.0,2248211.0,2651235.0
2015,6,3418,MT,6.166666666666667,25.28966465635975,23.76102481785996,71.91393922759448,66.08810256005435,970.3371938641076,969.7034035918556,3.62,2.83,3.1,303.64,5175.0,2512056.0,3265486.0
2015,6,20932,GO,7.704761904761904,22.200643953091426,20.740877329975696,69.15033271415786,62.75754693854192,935.4950791682472,935.033943792585,19.44,2.91,3.01,538.4,17705.0,5792191.0,6610681.0
2015,6,1902,DF,0.0,20.15032497678736,18.54712163416896,70.22887650882089,63.38718662952658,900.0284574468081,899.6017021276598,504.3,3.1,3.05,1071.15,1378.0,2815086.0,2914830.0
2015,7,181,RO,9.95,26.654788209335564,25.218134090061533,70.73131681583689,65.26935328485303,984.6503498119832,984.1419982208336,7.44,3.01,3.2,187.39,5342.0,1268873.0,1768204.0
2015,7,383,AC,33.16,25.30904449825532,24.12645783868504,85.35511193372109,80.09976203067161,990.379939172063,989.8484242972952,4.9,3.44,3.6,136.53,2167.0,582101.0,803513.0
2015,7,534,AM,74.21428571428572,27.657408613836928,26.37222252617228,80.16789918409052,74.22284889577756,1006.3291298682512,1005.7792932496772,2.53,3.07,3.95,210.34,5473.0,2567345.0,3938336.0
2015,7,335,RR,,26.94737550471065,25.59851951547779,81.550471063257,75.41318977119798,1003.7958277254368,1003.19205921938,2.25,3.58,3.88,253.36,887.0,387841.0,505665.0
2015,7,897,PA,66.6,26.96085783755977,25.7659837816824,77.82220536173665,72.83575093396746,999.025798773398,998.5062761547996,6.55,2.96,3.71,59.72,36775.0,4735739.0,8175113.0
2015,7,236,AP,22.8,30.4971673254282,28.891436100131745,74.59617918313575,69.39130434782608,1010.9038208168648,1010.3148880105402,5.37,3.94,3.95,123.24,849.0,686652.0,766679.0
2015,7,956,TO,4.65,26.8194016568269,25.03819118879379,59.92122262882034,52.86361118973921,976.5564181436432,976.0601139075732,5.46,3.27,3.22,450.05,2352.0,1245386.0,1515126.0
2015,7,379,MA,27.50769230769232,27.66800288941728,26.22940288250392,67.92641694160764,62.014523871457214,997.1734106590995,996.6555712577424,20.8,3.09,3.61,141.06,46730.0,3951607.0,6904241.0
2015,7,377,PI,5.7368421052631575,28.21281417451275,26.768089139383648,54.062447472438826,49.02499074305878,984.5616264152576,984.039884302892,12.73,3.13,3.32,230.06,14814.0,2025324.0,3204028.0
2015,7,10705,CE,51.18571428571426,27.20088954156715,25.94871064513535,65.93193125865893,60.77597816260063,986.3601600620811,985.8467728692344,59.81,3.12,3.27,231.31,20031.0,6565438.0,8904459.0
2015,7,638,RN,105.89999999999998,26.74724675266245,25.647616557083083,71.77264620249505,66.7362152851423,1004.8277330820304,1004.347876456562,65.18,3.24,3.3,326.89,5931.0,2671845.0,3442175.0
2015,7,2538,PB,177.3499999999999,24.119994589903804,23.06876650592285,79.02699748444448,74.24236253847452,976.6445056425528,976.1965594297008,70.34,3.1,3.26,309.7,9483.0,2952802.0,3972202.0
2015,7,7426,PE,102.36666666666662,23.60099817117151,22.54131579777505,76.69033276528108,71.87856511744808,968.743896433113,968.283446507399,95.28,3.07,3.17,298.5,10201.0,7459248.0,9345173.0
2015,7,3511,AL,166.69999999999993,25.597975057288902,24.54330380750925,86.42162392937993,81.28498884406916,1004.1041405928668,1003.6527377489864,119.97,3.03,3.29,217.16,6049.0,2329017.0,3340932.0
2015,7,266,SE,154.36,23.772123655913976,22.7203494623656,82.43578533031672,76.9500917967338,997.9605107526886,997.5291129032256,102.33,3.04,3.12,397.78,1431.0,1657491.0,2242937.0
2015,7,7378,BA,59.41578947368422,23.06206137850244,21.83547626654269,77.52793924410675,72.46196743730113,974.5605965310144,974.0845841377414,26.92,3.02,3.14,350.35,40908.0,10826876.0,15203934.0
2015,7,6693,MG,9.35384615384615,20.466597934768743,18.982103945087303,71.79962375101552,65.97406938919868,936.2476979257128,935.784940316242,35.58,2.95,3.04,454.54,22290.0,17613318.0,20869101.0
2015,7,3882,ES,31.97777777777778,21.54657034601546,20.347140426715644,83.11155640292891,78.05179104479606,995.8134493897956,995.3496799393548,85.27,2.92,3.03,470.88,5994.0,3242691.0,3929911.0
2015,7,4745,RJ,26.692307692307683,20.27406767812799,19.19475953559758,82.62621902575958,77.59226054461885,979.2666382652634,978.7819293247296,378.01,2.79,2.8,744.21,7008.0,15947777.0,16550024.0
2015,7,11823,SP,71.51333333333335,19.35431088772557,18.111423244323145,77.36090555882613,72.05293829718417,948.2474438163129,947.7492216628858,178.86,3.0,3.03,623.87,33312.0,42247247.0,44396484.0
2015,7,2683,PR,185.86,17.012558670644776,15.957285691408847,84.66087958405289,80.26240362503837,949.5548859669404,949.0005889171337,56.01,2.91,2.99,586.94,15969.0,9459054.0,11163018.0
2015,7,278,SC,228.9176470588235,15.020942575807792,14.10149035363914,87.3614390086402,82.81711668327166,949.4469755080084,948.863176970705,71.23,2.85,2.94,514.92,7414.0,5645767.0,6819190.0
2015,7,89,RS,231.2749999999999,14.568277015528178,13.655225858538602,87.28111916723843,83.5731159763134,979.8449590562908,979.2500450987473,39.92,2.73,2.8,590.98,10862.0,9513303.0,11247972.0
2015,7,1025,MS,71.816,21.353328932674856,20.077290624261423,75.96483040168863,70.52653669657575,971.517614090395,970.984745106059,7.42,2.94,3.08,597.11,5840.0,2248211.0,2651235.0
2015,7,1806,MT,10.407407407407408,25.320133426050745,23.615893725420168,65.50571855193121,59.4032780740757,969.4747521966992,968.821151950033,3.62,2.83,3.1,303.64,5175.0,2512056.0,3265486.0
2015,7,6993,GO,8.82,22.856756524987244,21.255865466934143,62.03848235872202,55.61012037818182,934.847216961728,934.3610036480388,19.44,2.91,3.01,538.4,17705.0,5792191.0,6610681.0
2015,7,708,DF,4.2,20.768556005398125,19.02685560053977,62.38731443994614,55.38416554206022,900.4408906882578,899.9754835807472,504.3,3.1,3.05,1071.15,1378.0,2815086.0,2914830.0
2015,8,144,RO,10.450000000000005,29.47763930898912,27.694782714307443,57.91734068109745,51.628224609518,983.827967927108,983.2752341624564,7.44,3.01,3.2,187.39,5342.0,1268873.0,1768204.0
2015,8,253,AC,87.12000000000003,26.80089605734767,25.46220878136201,81.23602150537634,75.41774193548389,988.8804211469532,988.2989023297492,4.9,3.44,3.6,136.53,2167.0,582101.0,803513.0
2015,8,412,AM,29.88571428571429,28.65699153955156,27.364246061515384,75.57883533383344,69.57428005512878,1005.0638436394814,1004.5115216304076,2.53,3.07,3.95,210.34,5473.0,2567345.0,3938336.0
2015,8,507,RR,,27.953091397849462,26.56075268817204,77.92741935483859,71.44354838709681,1002.7748655913982,1002.1560483870968,2.25,3.58,3.88,253.36,887.0,387841.0,505665.0
2015,8,1162,PA,17.75294117647059,27.752968213153643,26.48734056573241,72.13138029140684,66.99443309603022,997.9433973536944,997.4117759551484,6.55,2.96,3.71,59.72,36775.0,4735739.0,8175113.0
2015,8,205,AP,58.60000000000001,27.701526150350887,26.55395386925604,81.10159909279062,77.27731645737052,1011.093895982136,1010.5742903186912,5.37,3.94,3.95,123.24,849.0,686652.0,766679.0
2015,8,591,TO,0.4285714285714285,28.267447745680744,26.18078056952539,49.83814164476215,42.29599118092425,976.6411926535626,976.085157942584,5.46,3.27,3.22,450.05,2352.0,1245386.0,1515126.0
2015,8,232,MA,2.128571428571428,28.729048725126308,27.154121421573283,59.023569684322304,53.2838101001743,996.832498222203,996.262029999064,20.8,3.09,3.61,141.06,46730.0,3951607.0,6904241.0
2015,8,271,PI,0.4842105263157894,28.92620410538832,27.31015711844484,45.74859727736085,40.85736921601446,983.9644367475464,983.3862592318528,12.73,3.13,3.32,230.06,14814.0,2025324.0,3204028.0
2015,8,6211,CE,2.542857142857143,27.793319140648585,26.336409181983008,58.32326624130504,52.50009870634878,985.810368995723,985.2151234511532,59.81,3.12,3.27,231.31,20031.0,6565438.0,8904459.0
2015,8,455,RN,8.285714285714288,27.111367127496163,25.94727342549924,64.64535330261137,59.80280337941631,1004.6742319508444,1004.1477342549924,65.18,3.24,3.3,326.89,5931.0,2671845.0,3442175.0
2015,8,1146,PB,24.725,24.640709005376337,23.357510080645167,70.81972446236557,65.5650201612903,976.555124327957,976.0530745967736,70.34,3.1,3.26,309.7,9483.0,2952802.0,3972202.0
2015,8,4268,PE,30.28333333333335,23.988440860215057,22.757560483870968,69.01289858762412,63.87001938168096,968.5607078853049,968.0520049283152,95.28,3.07,3.17,298.5,10201.0,7459248.0,9345173.0
2015,8,2060,AL,80.44000000000001,24.748735751120368,23.61479947852599,78.1451679233177,72.91722263226195,1004.1230232468392,1003.6514173203182,119.97,3.03,3.29,217.16,6049.0,2329017.0,3340932.0
2015,8,734,SE,82.95000000000003,23.34515791650343,22.15128869008751,79.84024218207989,74.17019734293484,997.9753399939055,997.5187606112052,102.33,3.04,3.12,397.78,1431.0,1657491.0,2242937.0
2015,8,4220,BA,46.54857142857144,23.246431272984,21.89961647431238,72.85354496842646,67.36465961162932,975.478058954465,974.9662172439098,26.92,3.02,3.14,350.35,40908.0,10826876.0,15203934.0
2015,8,2968,MG,9.052830188679245,21.244292785119924,19.56374541232265,63.20337801477489,57.000109508912246,935.591681357645,935.1080754972976,35.58,2.95,3.04,454.54,22290.0,17613318.0,20869101.0
2015,8,3273,ES,41.53333333333335,21.76554472253423,20.4758605471283,78.55406713665622,72.78949576881024,995.72790446521,995.2518470594958,85.27,2.92,3.03,470.88,5994.0,3242691.0,3929911.0
2015,8,3480,RJ,19.892307692307693,20.414711959715607,19.08998542313372,78.3577029339243,72.44584925835433,979.350338522436,978.871807401496,378.01,2.79,2.8,744.21,7008.0,15947777.0,16550024.0
2015,8,7655,SP,18.946666666666665,21.0694023467747,19.385299892830425,64.33601502714463,57.77982176855279,947.8623775963364,947.3495528891268,178.86,3.0,3.03,623.87,33312.0,42247247.0,44396484.0
2015,8,2668,PR,36.22857142857144,20.557079513171846,19.05228584256898,68.7289895121745,62.54633799554451,949.0986135922984,948.5829828970584,56.01,2.91,2.99,586.94,15969.0,9459054.0,11163018.0
2015,8,183,SC,52.31111111111111,18.430796007318147,17.31873355361894,77.76389304128173,72.05138185530839,948.2431033295056,947.7059263964062,71.23,2.85,2.94,514.92,7414.0,5645767.0,6819190.0
2015,8,92,RS,94.15483870967743,19.06689840493648,17.961456985341524,76.8566363578313,71.84907609281485,978.728092343834,978.1400105849908,39.92,2.73,2.8,590.98,10862.0,9513303.0,11247972.0
2015,8,748,MS,16.104,24.496996327369413,22.70048389394185,56.50358131815084,49.91487750035149,970.0393292644688,969.5089461625064,7.42,2.94,3.08,597.11,5840.0,2248211.0,2651235.0
2015,8,1342,MT,9.2,27.87405406534265,25.90624117897313,51.89259380489471,45.46186473434246,968.6155119286065,967.9241564669258,3.62,2.83,3.1,303.64,5175.0,2512056.0,3265486.0
2015,8,3599,GO,3.61904761904762,24.35923181373693,22.51429384660069,48.163274668583206,41.80422385355737,933.9682793030322,933.452121342557,19.44,2.91,3.01,538.4,17705.0,5792191.0,6610681.0
2015,8,331,DF,0.0,22.15971962616821,20.29425233644861,49.27616822429909,42.94766355140192,899.6671495327106,899.1821028037369,504.3,3.1,3.05,1071.15,1378.0,2815086.0,2914830.0
2015,9,126,RO,18.866666666666667,30.831565669932,29.027149353196243,60.967488256975216,53.60398905199278,983.055679837262,982.3330533698138,7.44,3.01,3.2,187.39,5342.0,1268873.0,1768204.0
2015,9,288,AC,82.9,27.216274986501983,25.90669610018776,80.52791559687127,74.56718344452273,988.1510111719408,987.470058537857,4.9,3.44,3.6,136.53,2167.0,582101.0,803513.0
2015,9,401,AM,27.10666666666668,29.56591020332896,28.187405620620776,72.07514820600589,65.96060662881112,1003.9932340096348,1003.362994244464,2.53,3.07,3.95,210.34,5473.0,2567345.0,3938336.0
2015,9,424,RR,,30.28569444444444,28.78930555555556,63.51805555555535,57.084722222222176,1001.783472222222,1001.1765277777782,2.25,3.58,3.88,253.36,887.0,387841.0,505665.0
2015,9,1153,PA,11.463636363636365,28.768727749497337,27.473272506902177,69.95228766307575,64.79184197628413,997.2279106498949,996.631894315052,6.55,2.96,3.71,59.72,36775.0,4735739.0,8175113.0
2015,9,196,AP,4.7,28.31590277777777,27.061805555555544,75.92500000000007,71.79444444444448,1010.7610416666668,1010.1965277777776,5.37,3.94,3.95,123.24,849.0,686652.0,766679.0
2015,9,454,TO,21.646153846153847,29.98673482205288,28.02578728387049,50.60983408390453,43.34856345814008,974.9474871356282,974.323032048364,5.46,3.27,3.22,450.05,2352.0,1245386.0,1515126.0
2015,9,164,MA,4.7,29.749952109337688,28.230864937419145,58.906067424818005,53.38295675624163,996.0466374074028,995.4158838189392,20.8,3.09,3.61,141.06,46730.0,3951607.0,6904241.0
2015,9,131,PI,1.0421052631578949,30.483676849466327,28.75316857849753,41.54365303095995,36.79784732794172,982.4246972252896,981.8007954034268,12.73,3.13,3.32,230.06,14814.0,2025324.0,3204028.0
2015,9,2769,CE,4.757142857142857,28.331376984126983,26.937941137566145,57.64676587301589,52.46496541781644,985.250185846561,984.651871031746,59.81,3.12,3.27,231.31,20031.0,6565438.0,8904459.0
2015,9,271,RN,4.199999999999999,27.82914682539684,26.65303571428572,63.83571428571428,58.90654761904762,1004.072718253968,1003.4968055555556,65.18,3.24,3.3,326.89,5931.0,2671845.0,3442175.0
2015,9,576,PB,13.474999999999998,25.862601752047603,24.54572252646423,66.50839828658634,61.12404139622936,975.7345571830087,975.1838806067454,70.34,3.1,3.26,309.7,9483.0,2952802.0,3972202.0
2015,9,5972,PE,13.499999999999996,26.03223179543617,24.61038671731161,61.40347558847614,55.91695657326344,967.236339004441,966.683412265118,95.28,3.07,3.17,298.5,10201.0,7459248.0,9345173.0
2015,9,1973,AL,35.233333333333334,26.11314953252976,24.902617028537577,74.0280271186844,68.54793089276237,1002.773611111111,1002.2495601851856,119.97,3.03,3.29,217.16,6049.0,2329017.0,3340932.0
2015,9,1559,SE,28.79999999999999,25.080555555555552,23.846777777777778,75.49138888888892,69.79333333333332,996.4657777777778,995.9468611111112,102.33,3.04,3.12,397.78,1431.0,1657491.0,2242937.0
2015,9,3405,BA,9.564102564102562,25.857074439558208,24.338721486486453,63.69025757622661,58.183483997522046,972.3627402270864,971.7847554832158,26.92,3.02,3.14,350.35,40908.0,10826876.0,15203934.0
2015,9,2392,MG,56.19245283018868,24.62909842773902,22.969479599360767,59.22485127395865,53.1551899651899,932.329020143602,931.7666998560592,35.58,2.95,3.04,454.54,22290.0,17613318.0,20869101.0
2015,9,3295,ES,43.111111111111136,24.47423550495877,23.155046208931825,75.02634108609881,69.34089229163074,991.62877267746,991.049684786057,85.27,2.92,3.03,470.88,5994.0,3242691.0,3929911.0
2015,9,2230,RJ,116.49333333333334,22.152098368654485,21.038627106635225,82.09156509985392,76.7301793400712,980.4389491087236,979.8205346318742,378.01,2.79,2.8,744.21,7008.0,15947777.0,16550024.0
2015,9,7135,SP,145.6064516129032,22.907783856198243,21.455962071982363,70.56250879424532,64.2633026133776,944.5559655475938,943.9348074298052,178.86,3.0,3.03,623.87,33312.0,42247247.0,44396484.0
2015,9,2161,PR,141.90476190476193,21.528014465741816,20.097599860013005,74.44684196536677,68.24497027946502,945.6546018032494,945.0527165264608,56.01,2.91,2.99,586.94,15969.0,9459054.0,11163018.0
2015,9,220,SC,212.34736842105252,18.05973639559988,17.008197064267527,81.92666731882272,76.19340243702892,944.8550056592368,944.178615945652,71.23,2.85,2.94,514.92,7414.0,5645767.0,6819190.0
2015,9,60,RS,184.4066666666666,16.818517225370755,15.683379660679432,77.13683740856956,72.16636892459395,977.300699025462,976.5931724544628,39.92,2.73,2.8,590.98,10862.0,9513303.0,11247972.0
2015,9,749,MS,146.936,25.59454436028594,24.070003479270284,64.76345589247144,58.703455684586125,966.3920446193424,965.7718662855292,7.42,2.94,3.08,597.11,5840.0,2248211.0,2651235.0
2015,9,1109,MT,34.20689655172414,29.354431432257048,27.624383959454928,57.9285384970694,51.642828931848406,967.0084650849012,966.2338743233248,3.62,2.83,3.1,303.64,5175.0,2512056.0,3265486.0
2015,9,2183,GO,31.210000000000008,27.258841462925176,25.49775084836112,49.32860719331918,42.97373451491384,931.1777684363112,930.6148530628014,19.44,2.91,3.01,538.4,17705.0,5792191.0,6610681.0
2015,9,144,DF,59.400000000000055,25.5680576254347,23.611127670144043,47.525583705911686,40.70640834575262,897.3639344262298,896.8281172379537,504.3,3.1,3.05,1071.15,1378.0,2815086.0,2914830.0
2015,10,243,RO,86.0,28.85511520581035,27.371064287223994,71.04736317245684,64.25170820850869,982.4999488718554,981.8022389935657,7.44,3.01,3.2,187.39,5342.0,1268873.0,1768204.0
2015,10,345,AC,88.36666666666669,27.371913037886493,26.073465458906043,80.43638679801445,74.5949441123905,987.6465395913456,986.932169430654,4.9,3.44,3.6,136.53,2167.0,582101.0,803513.0
2015,10,391,AM,88.3375,29.10663822531249,27.8617558924249,75.28500667841479,69.5023032145183,1003.435919703934,1002.7483626944774,2.53,3.07,3.95,210.34,5473.0,2567345.0,3938336.0
2015,10,107,RR,,30.66339165545089,29.138358008075368,61.83983849259765,55.1372812920592,1001.145895020188,1000.496231493944,2.25,3.58,3.88,253.36,887.0,387841.0,505665.0
2015,10,879,PA,23.765217391304347,29.20709679880348,27.92035758484367,69.327952290283,64.06496099724704,996.8120664270808,996.1923467434058,6.55,2.96,3.71,59.72,36775.0,4735739.0,8175113.0
2015,10,109,AP,13.099999999999998,28.53823924731184,27.240793010752704,75.24059139784944,71.03158602150549,1010.3003360215056,1009.734139784946,5.37,3.94,3.95,123.24,849.0,686652.0,766679.0
2015,10,441,TO,58.8,30.005355550103708,28.28436550424272,56.5249837304699,49.55205426763602,974.5521939302178,973.8979686951784,5.46,3.27,3.22,450.05,2352.0,1245386.0,1515126.0
2015,10,226,MA,19.306666666666672,29.888166974538624,28.511133916586463,60.68372226629664,55.38450129904043,996.375689686536,995.7500871326864,20.8,3.09,3.61,141.06,46730.0,3951607.0,6904241.0
2015,10,108,PI,12.663157894736845,31.538017548498424,29.87938049115384,42.20100429550874,37.44023643976976,981.8221338148384,981.181217934445,12.73,3.13,3.32,230.06,14814.0,2025324.0,3204028.0
2015,10,1558,CE,1.3571428571428572,28.870242893325017,27.48699040364856,56.069824931330295,51.0159488542142,984.7096353156428,984.0940501812836,59.81,3.12,3.27,231.31,20031.0,6565438.0,8904459.0
2015,10,288,RN,1.4571428571428573,28.194048867908045,27.001190944513137,62.515709102943575,57.63968191525236,1003.588437269741,1002.9913825509224,65.18,3.24,3.3,326.89,5931.0,2671845.0,3442175.0
2015,10,285,PB,7.399999999999999,26.62136950677888,25.276143934081347,63.655122136512375,58.406242928429855,975.2067638207104,974.6306727734922,70.34,3.1,3.26,309.7,9483.0,2952802.0,3972202.0
2015,10,7517,PE,4.8,27.17786949564772,25.71482059651818,58.22278865847416,52.75656041986689,966.6362092293908,966.0574717101892,95.28,3.07,3.17,298.5,10201.0,7459248.0,9345173.0
2015,10,2770,AL,25.466666666666672,26.975380824372763,25.74607974910393,70.09096161101681,65.0779943801189,1002.1421146953404,1001.5874551971324,119.97,3.03,3.29,217.16,6049.0,2329017.0,3340932.0
2015,10,1543,SE,26.44,25.9194623655914,24.702500000000004,72.4819892473118,66.98602150537633,995.8411827956992,995.3049999999998,102.33,3.04,3.12,397.78,1431.0,1657491.0,2242937.0
2015,10,2272,BA,27.645000000000003,26.792292094077045,25.34897955911621,63.16547212137523,57.82518128435348,971.8196409032128,971.233241399746,26.92,3.02,3.14,350.35,40908.0,10826876.0,15203934.0
2015,10,2733,MG,56.525925925925925,26.090123774961047,24.47237076705295,57.420954343262046,51.46551375482816,932.1746501850693,931.6133388281862,35.58,2.95,3.04,454.54,22290.0,17613318.0,20869101.0
2015,10,4293,ES,39.75555555555556,25.518408381856933,24.119911525795427,71.4186048722464,65.50924809933589,991.8095391745164,991.2444469204736,85.27,2.92,3.03,470.88,5994.0,3242691.0,3929911.0
2015,10,1944,RJ,58.58666666666666,23.694674710681312,22.5339768490159,79.15749098173094,73.68760467964374,980.8218798164904,980.2600596964064,378.01,2.79,2.8,744.21,7008.0,15947777.0,16550024.0
2015,10,9986,SP,105.92,24.39220570775721,23.060740611835715,72.34702678824844,66.4322731440023,944.648758590566,944.0505488371276,178.86,3.0,3.03,623.87,33312.0,42247247.0,44396484.0
2015,10,2359,PR,186.8727272727272,22.392156626679384,21.24597805878141,81.12639590726972,76.21991104813307,946.127985885884,945.5024813629484,56.01,2.91,2.99,586.94,15969.0,9459054.0,11163018.0
2015,10,206,SC,263.8842105263156,18.72033503023944,17.84599574779957,86.40003362524561,82.06516841227574,946.0742122843452,945.3899107312031,71.23,2.85,2.94,514.92,7414.0,5645767.0,6819190.0
2015,10,65,RS,279.1705882352939,18.22881189598076,17.239918453972518,82.89852050931921,78.37947545768093,978.6688862112164,977.9053699845196,39.92,2.73,2.8,590.98,10862.0,9513303.0,11247972.0
2015,10,1198,MS,137.55999999999997,26.508154357218224,25.20089808519096,72.29278554056583,66.4740469667598,967.5146448543308,966.8798619627725,7.42,2.94,3.08,597.11,5840.0,2248211.0,2651235.0
2015,10,1206,MT,81.33571428571429,28.26948636343993,26.778859543410785,69.38388866813897,63.222711822445845,966.3409644711955,965.554289236296,3.62,2.83,3.1,303.64,5175.0,2512056.0,3265486.0
2015,10,2809,GO,82.37894736842105,28.485499935933188,26.768972156158505,52.56771651365381,46.1392244233529,930.9873086373392,930.3824685293464,19.44,2.91,3.01,538.4,17705.0,5792191.0,6610681.0
2015,10,171,DF,244.5999999999998,26.24836249439213,24.45724540152538,50.22521310004485,43.73844773441,897.149394347242,896.5933602512353,504.3,3.1,3.05,1071.15,1378.0,2815086.0,2914830.0
2015,11,378,RO,120.4,27.842951388888885,26.52243055555555,76.9920138888889,70.75972222222222,980.8701736111116,980.1731944444444,7.44,3.01,3.2,187.39,5342.0,1268873.0,1768204.0
2015,11,421,AC,210.96666666666653,26.90289964015277,25.751811930149906,84.75324074074072,79.38634259259261,985.9770277832964,985.2648257058964,4.9,3.44,3.6,136.53,2167.0,582101.0,803513.0
2015,11,280,AM,133.41249999999994,28.784319335229988,27.56099733419128,77.46174177358115,71.72437497542927,1002.2089975757614,1001.5173851462544,2.53,3.07,3.95,210.34,5473.0,2567345.0,3938336.0
2015,11,53,RR,,30.27983310152991,28.87232267037552,62.47287899860921,56.26286509040334,1000.1527121001388,999.5091794158564,2.25,3.58,3.88,253.36,887.0,387841.0,505665.0
2015,11,947,PA,16.28181818181818,29.139045436054587,27.865407997265294,70.0271264836166,64.59322611978668,995.6255827069853,995.0225997400712,6.55,2.96,3.71,59.72,36775.0,4735739.0,8175113.0
2015,11,170,AP,33.5,28.30180555555556,27.022638888888903,76.8111111111111,73.0527777777779,1009.0736805555553,1008.5247222222224,5.37,3.94,3.95,123.24,849.0,686652.0,766679.0
2015,11,829,TO,108.89999999999998,27.84262355918016,26.50273466837146,73.19386269303723,66.48878507498792,973.8486895594796,973.195449097112,5.46,3.27,3.22,450.05,2352.0,1245386.0,1515126.0
2015,11,258,MA,15.493333333333332,29.450033713145007,28.180176088668592,64.79820773128293,59.61738476959022,995.1782245094544,994.5717148983704,20.8,3.09,3.61,141.06,46730.0,3951607.0,6904241.0
2015,11,107,PI,32.89473684210526,31.250302201016176,29.64483889251701,48.83664805471421,43.39288904653143,980.2177313080964,979.5929200597086,12.73,3.13,3.32,230.06,14814.0,2025324.0,3204028.0
2015,11,1199,CE,0.8428571428571427,29.299898894613133,27.907301094734265,56.7756911161249,51.675806597983126,983.156069668858,982.543951969458,59.81,3.12,3.27,231.31,20031.0,6565438.0,8904459.0
2015,11,313,RN,0.0857142857142857,28.949451842625223,27.719448575756253,63.13275555073212,57.99546296541252,1001.9195725484564,1001.3373054051376,65.18,3.24,3.3,326.89,5931.0,2671845.0,3442175.0
2015,11,486,PB,1.4249999999999998,27.595284863945583,26.17436259920635,61.25902423469386,55.8597505668934,973.3548370181404,972.7959881660996,70.34,3.1,3.26,309.7,9483.0,2952802.0,3972202.0
2015,11,21146,PE,4.033333333333332,28.718052882279167,27.182855038505807,53.53945360297784,48.19850045249899,964.312914330288,963.7494775985136,95.28,3.07,3.17,298.5,10201.0,7459248.0,9345173.0
2015,11,4291,AL,3.6333333333333337,28.4886574074074,27.17361111111112,65.77919409338247,61.0818267711125,999.3994444444444,998.8359953703708,119.97,3.03,3.29,217.16,6049.0,2329017.0,3340932.0
2015,11,2490,SE,4.56,27.300156351413985,26.015304280636688,68.92826920105081,63.46482962447842,993.0132785118218,992.4706287668064,102.33,3.04,3.12,397.78,1431.0,1657491.0,2242937.0
2015,11,3092,BA,38.54634146341464,28.132098570512973,26.684635644936456,62.845894261614966,57.32661184176612,969.1367819206728,968.5480660030923,26.92,3.02,3.14,350.35,40908.0,10826876.0,15203934.0
2015,11,5936,MG,177.61132075471693,25.714788186525407,24.31794491667657,70.42603289981899,64.03323490908647,929.7849964842662,929.1945017755888,35.58,2.95,3.04,454.54,22290.0,17613318.0,20869101.0
2015,11,4734,ES,63.62222222222224,26.72758725216701,25.48179081070277,75.16420570194694,69.6220102696965,987.7934345479508,987.232009810146,85.27,2.92,3.03,470.88,5994.0,3242691.0,3929911.0
2015,11,3290,RJ,204.54666666666665,24.335660817140965,23.356142345434737,85.4445247549034,80.60448960789941,977.4486985631578,976.8999373942391,378.01,2.79,2.8,744.21,7008.0,15947777.0,16550024.0
2015,11,14256,SP,236.5548387096773,24.0696788696617,22.95224269709533,81.77624854143691,76.15671712544153,942.4877688370668,941.8647425145892,178.86,3.0,3.03,623.87,33312.0,42247247.0,44396484.0
2015,11,3225,PR,270.86363636363626,22.189259194415232,21.18038996504316,87.07315949036105,82.53450522909498,943.8866421646348,943.248070081936,56.01,2.91,2.99,586.94,15969.0,9459054.0,11163018.0
2015,11,335,SC,223.02352941176463,19.74085684625381,18.840669718859285,87.29474369229342,82.43482909867886,940.3489042169172,939.7485200906071,71.23,2.85,2.94,514.92,7414.0,5645767.0,6819190.0
2015,11,90,RS,157.63333333333333,20.0719139638204,19.05273933055162,81.00750681861464,76.15784841236474,974.62348003466,974.0140693085176,39.92,2.73,2.8,590.98,10862.0,9513303.0,11247972.0
2015,11,3982,MS,230.375,26.34788791211319,25.09960478037421,78.8821004212831,72.71995349106014,965.6826450767804,964.9976544284368,7.42,2.94,3.08,597.11,5840.0,2248211.0,2651235.0
2015,11,2032,MT,130.24,27.259654074336275,25.922425193765896,78.02483822223574,71.79490201715859,965.978994454792,965.173842959293,3.62,2.83,3.1,303.64,5175.0,2512056.0,3265486.0
2015,11,4635,GO,168.02857142857144,26.385402235611583,24.952941951303195,71.24412389235225,63.93727803888926,929.8905872002824,929.233205017116,19.44,2.91,3.01,538.4,17705.0,5792191.0,6610681.0
2015,11,302,DF,478.19999999999953,24.41379310344833,22.869012115563848,71.31500465983225,63.64585274930101,895.8539142590865,895.2603448275858,504.3,3.1,3.05,1071.15,1378.0,2815086.0,2914830.0
2015,12,916,RO,233.64999999999984,27.04191753830828,25.872736570126868,80.66704480530893,74.90087365591401,981.8116382467553,981.0579648999446,7.44,3.01,3.2,187.39,5342.0,1268873.0,1768204.0
2015,12,818,AC,260.6999999999998,26.2908427117568,25.24792297501835,86.89240641178814,82.0436260454002,987.7072207255196,987.0227108467788,4.9,3.44,3.6,136.53,2167.0,582101.0,803513.0
2015,12,602,AM,149.68749999999997,28.23256641366224,27.137112586970275,79.19030676786846,73.84440227703986,1003.3164902553764,1002.6445564516127,2.53,3.07,3.95,210.34,5473.0,2567345.0,3938336.0
2015,12,91,RR,10.4,29.22620967741933,28.0372311827957,61.48655913978492,56.42876344086022,1002.2538978494624,1001.6493279569888,2.25,3.58,3.88,253.36,887.0,387841.0,505665.0
2015,12,1638,PA,56.13,28.495233225378325,27.32117170020004,72.7788418933027,67.54930540153201,996.6202287981775,996.0197475955804,6.55,2.96,3.71,59.72,36775.0,4735739.0,8175113.0
2015,12,94,AP,141.49999999999994,27.40006720430108,26.28830645161291,81.79637096774192,78.67405913978493,1010.6167338709672,1010.0516129032258,5.37,3.94,3.95,123.24,849.0,686652.0,766679.0
2015,12,2469,TO,83.03076923076925,28.12996605500641,26.758978941590648,72.1340459351113,65.40653357631483,974.9407828876616,974.3097293760128,5.46,3.27,3.22,450.05,2352.0,1245386.0,1515126.0
2015,12,594,MA,34.94285714285714,29.93605915126399,28.61149385770017,62.59307102428965,57.17444318371124,995.5933007372496,994.9727274589465,20.8,3.09,3.61,141.06,46730.0,3951607.0,6904241.0
2015,12,194,PI,15.368421052631575,31.48831108058449,29.826363434915265,47.96685911211561,42.14869337565904,981.5257097759112,980.9071199951472,12.73,3.13,3.32,230.06,14814.0,2025324.0,3204028.0
2015,12,1520,CE,20.15714285714285,29.51902113398064,28.15979080758773,58.028333807079406,52.80228224503273,984.2269057132748,983.6516634530946,59.81,3.12,3.27,231.31,20031.0,6565438.0,8904459.0
2015,12,944,RN,15.171428571428573,29.53419495379924,28.23394668579512,63.53474798076992,58.088550780142015,1002.8560891190984,1002.30288480387,65.18,3.24,3.3,326.89,5931.0,2671845.0,3442175.0
2015,12,3488,PB,66.57500000000002,27.84387794665012,26.50156120760959,63.62985938792389,58.62892025089609,974.5280280707192,973.954987334574,70.34,3.1,3.26,309.7,9483.0,2952802.0,3972202.0
2015,12,26965,PE,44.16666666666668,28.081071231647325,26.663773383344264,59.03663070138972,53.792952795122666,965.8340161319006,965.2860458088846,95.28,3.07,3.17,298.5,10201.0,7459248.0,9345173.0
2015,12,3292,AL,55.2,28.21241039426524,26.987231182795703,68.931721975034,64.18127060931897,1000.955152329749,1000.443167562724,119.97,3.03,3.29,217.16,6049.0,2329017.0,3340932.0
2015,12,1832,SE,19.880000000000003,27.324463704250416,26.04670892487591,70.72413891662681,65.13395526708061,994.6676100594796,994.1659158960332,102.33,3.04,3.12,397.78,1431.0,1657491.0,2242937.0
2015,12,5205,BA,18.49756097560976,28.1955345126312,26.680374165695145,62.485426349383786,56.49239334587838,970.8140876522432,970.2565041758736,26.92,3.02,3.14,350.35,40908.0,10826876.0,15203934.0
2015,12,17906,MG,165.61960784313715,25.47801420220636,24.0265124724058,71.39013199126025,64.52310266213513,931.2403206901593,930.6734666561396,35.58,2.95,3.04,454.54,22290.0,17613318.0,20869101.0
2015,12,8012,ES,78.82222222222222,27.1735513739546,25.866950418160087,73.40354281497545,67.50594083511537,990.0176523297492,989.4824074074072,85.27,2.92,3.03,470.88,5994.0,3242691.0,3929911.0
2015,12,9903,RJ,140.6,25.603940127148004,24.37425283944925,80.78669763341665,74.73652390071938,978.7097835023136,978.1911696272964,378.01,2.79,2.8,744.21,7008.0,15947777.0,16550024.0
2015,12,27486,SP,210.9533333333333,24.57574849267059,23.362450714741485,81.48493218051229,75.13478048141754,943.922030775582,943.3594447096536,178.86,3.0,3.03,623.87,33312.0,42247247.0,44396484.0
2015,12,7322,PR,249.11999999999983,23.585522052925988,22.48392768008302,86.7414247552747,81.73618800980654,944.8585403325916,944.2635186006124,56.01,2.91,2.99,586.94,15969.0,9459054.0,11163018.0
2015,12,615,SC,252.8631578947368,22.148189592836403,21.144000012868503,86.889313073372,81.85097186969725,940.4286100659784,939.8578834800168,71.23,2.85,2.94,514.92,7414.0,5645767.0,6819190.0
2015,12,290,RS,287.2722222222222,22.7375641977146,21.67823213696093,82.38476237957094,77.4315318830198,974.077468387925,973.435525991352,39.92,2.73,2.8,590.98,10862.0,9513303.0,11247972.0
2015,12,10488,MS,191.575,26.506010587607804,25.278946191846355,80.30829077072684,74.0413305762196,967.1723623739888,966.4954300588198,7.42,2.94,3.08,597.11,5840.0,2248211.0,2651235.0
2015,12,5133,MT,142.51333333333335,27.01945417627369,25.66870593272243,79.58905795515136,73.31393610234205,966.3586474817572,965.5521637652824,3.62,2.83,3.1,303.64,5175.0,2512056.0,3265486.0
2015,12,9101,GO,142.24999999999997,25.888291563967652,24.48519308198559,73.45430232405207,65.78056231920844,931.6310731494734,931.005845397672,19.44,2.91,3.01,538.4,17705.0,5792191.0,6610681.0
2015,12,643,DF,488.9999999999996,24.053870387038728,22.46210621062113,73.74257425742553,65.00405040504047,897.5306480648051,896.9692169216913,504.3,3.1,3.05,1071.15,1378.0,2815086.0,2914830.0
2016,1,3002,RO,292.8999999999997,26.794869464513063,25.754608096344697,84.12651233644716,78.8391420474591,980.0219757585172,979.2310837148922,7.52,2.98,3.11,164.21,5417.0,1309638.0,1787279.0
2016,1,1517,AC,226.13333333333324,26.890015360983103,25.87292626728112,87.71012544802862,82.99932795698925,986.5778033794164,985.8791282642092,4.98,3.39,3.54,127.5,1938.0,591481.0,816687.0
2016,1,1441,AM,156.33749999999992,28.51878257457697,27.49171167974621,78.77199297059612,73.66595856118344,1003.0055585364232,1002.3469322793856,2.57,3.02,3.84,187.81,5175.0,2647223.0,4001667.0
2016,1,60,RR,0.0,29.73239247311827,28.647715053763445,54.559139784946304,50.58467741935477,1002.019623655914,1001.41814516129,2.29,3.53,3.85,241.95,1038.0,394535.0,514229.0
2016,1,2375,PA,197.9428571428571,27.55277379192637,26.51906223332379,79.5526067326783,74.82443084232914,996.7147326092028,996.1154219524384,6.63,2.99,3.63,62.26,40583.0,4968194.0,8272724.0
2016,1,148,AP,132.90000000000003,26.594959677419347,25.53998655913977,84.77755376344093,81.71169354838716,1010.8032930107532,1010.2567204301076,5.48,3.85,3.86,116.89,653.0,700361.0,782295.0
2016,1,4338,TO,329.79999999999995,25.82141703176816,24.820294282556222,84.71543050633842,79.5458243939973,975.510934992826,974.9317663993804,5.52,3.26,3.15,457.07,2661.0,1285494.0,1532902.0
2016,1,2308,MA,230.8333333333332,27.410508125151587,26.47185526208153,79.85422991081853,75.17539846058865,997.6160114424508,997.0399364272484,20.95,2.93,3.54,144.84,52643.0,3877680.0,6954036.0
2016,1,415,PI,258.8666666666666,27.512364063763872,26.41191915376515,73.06332730004029,67.6367315373382,982.238000028666,981.6414832770632,12.77,3.06,3.25,216.06,15546.0,2033439.0,3212180.0
2016,1,2952,CE,147.7,27.42125743209112,26.378989623204884,75.62786965850361,70.65227693687353,983.8441492031944,983.292418070584,60.2,3.06,3.2,224.05,19779.0,6630692.0,8963663.0
2016,1,3762,RN,141.43333333333334,28.289290230470453,27.2287710613604,76.0663341847794,71.19701819762572,1003.8051533366732,1003.1857578877476,65.8,3.16,3.24,302.17,7181.0,2678787.0,3474998.0
2016,1,5097,PB,107.65,26.749074837377805,25.626265075199143,75.54110884202117,70.00437611926762,973.669280828366,973.125380931018,70.83,3.0,3.2,304.16,10830.0,2935630.0,3999415.0
2016,1,30606,PE,135.8363636363636,26.59719560801132,25.43433720925012,73.06017544877683,67.62180394580712,965.0552931747178,964.5108975306132,95.95,2.98,3.11,266.12,11249.0,7477191.0,9410336.0
2016,1,4000,AL,118.15999999999995,27.81682347670251,26.748633512544806,73.36847420913023,68.66426101289139,999.546886200717,999.0072356630824,120.62,2.89,3.19,243.61,5277.0,2297767.0,3358963.0
2016,1,1160,SE,109.40000000000002,27.2600189452125,26.18846722990272,76.81899897593438,71.87333845366108,993.1578876088068,992.6225414746546,103.37,2.95,3.03,397.56,1318.0,1675875.0,2265779.0
2016,1,8352,BA,284.7179487179486,26.17694862758218,25.092635550306547,80.1272272326883,74.89710921233376,969.8065316917448,969.2548965385024,27.05,2.92,3.05,318.08,34764.0,10847503.0,15276566.0
2016,1,64418,MG,398.5199999999999,24.06397025646056,22.93321142617486,81.94254877460473,76.47339203093061,930.043392200482,929.5250053188504,35.8,2.89,2.98,438.24,27583.0,17758443.0,20997560.0
2016,1,12062,ES,205.79999999999995,26.08100740252721,24.99676271606144,79.5639934934656,74.48010874047422,988.2481565303284,987.7432852408554,86.22,2.88,2.97,432.13,6652.0,3307770.0,3973697.0
2016,1,20293,RJ,360.7285714285712,25.15740891301399,24.14725268767636,83.59052627327615,78.57191768385341,987.9576959393248,987.4789996827404,379.98,2.74,2.75,660.38,6539.0,16033224.0,16635996.0
2016,1,67638,SP,275.50967741935466,24.422728211365577,23.24857260349596,81.00285473184778,75.29374924617305,942.1542857531392,941.634070206544,180.28,2.96,2.98,637.41,23128.0,42756931.0,44749699.0
2016,1,17861,PR,190.05999999999992,24.537380822709004,23.25347335538834,80.47855982342179,74.63781418662937,943.8958014302792,943.3806863706644,56.41,2.85,2.94,581.34,16361.0,9531126.0,11242720.0
2016,1,1286,SC,144.35555555555553,22.96516681088361,21.84437414397456,81.53547474804486,75.81240678983377,940.5235148376692,940.0425639934176,72.18,2.85,2.89,491.95,8629.0,5816186.0,6910553.0
2016,1,653,RS,104.53529411764706,24.85089782940055,23.63472899904904,76.6398556621074,71.00091596370368,977.7453831627772,977.2457708493632,40.06,2.69,2.75,534.46,10291.0,9566801.0,11286500.0
2016,1,20651,MS,232.75999999999976,26.62844103708207,25.40844216728324,80.44316239997208,74.46036509572457,963.5311558659045,962.9396769843388,7.51,2.88,3.05,602.61,5813.0,2270282.0,2682386.0
2016,1,9069,MT,281.6285714285712,25.89291208949451,24.864098308756603,86.61276636739629,82.22961423310883,963.6592878553408,962.9002756872944,3.66,2.83,3.05,292.82,5263.0,2588797.0,3305531.0
2016,1,20480,GO,328.6285714285712,24.308530738600307,23.241050842124142,85.17277352114213,79.51848530802883,929.9079131522916,929.3158194642236,19.69,2.95,2.96,565.63,12717.0,6043805.0,6695855.0
2016,1,2265,DF,1114.0000000000016,22.30770617395225,21.20198287516899,86.91077061739531,81.2942767012168,895.9868409193331,895.459621451105,515.09,3.05,2.98,962.49,2451.0,2875337.0,2977216.0
2016,2,4019,RO,239.1,26.977052996264828,25.830916405023547,83.80266188040201,77.75864155343832,980.1280160008304,979.320773843357,7.52,2.98,3.11,164.21,5417.0,1309638.0,1787279.0
2016,2,2599,AC,283.79999999999984,26.318657635467986,25.343390804597693,77.33333333333334,84.45450191570883,987.3421182266012,986.6369868637106,4.98,3.39,3.54,127.5,1938.0,591481.0,816687.0
2016,2,2518,AM,239.2999999999998,27.920968435028147,26.790252562752503,81.92655095841066,76.45787877688933,1003.547494283895,1002.8277752069404,2.57,3.02,3.84,187.81,5175.0,2647223.0,4001667.0
2016,2,75,RR,33.400000000000006,29.256321839080453,28.1566091954023,62.449712643678176,57.806034482758655,1001.8515804597702,1001.2170977011496,2.29,3.53,3.85,241.95,1038.0,394535.0,514229.0
2016,2,4081,PA,180.24545454545444,27.2811275575723,26.19311884943997,82.02504782539434,77.04999016104166,996.5294147284455,995.8890008118136,6.63,2.99,3.63,62.26,40583.0,4968194.0,8272724.0
2016,2,421,AP,357.7999999999994,26.473275862068974,25.588864942528737,88.63936781609188,86.03448275862064,1010.3232040229882,1009.7396551724136,5.48,3.85,3.86,116.89,653.0,700361.0,782295.0
2016,2,5730,TO,57.07142857142858,28.23974892588616,26.78471610059632,72.84385378470806,65.48782979616529,975.1481520148895,974.5713833537046,5.52,3.26,3.15,457.07,2661.0,1285494.0,1532902.0
2016,2,6009,MA,80.7,28.17682633292548,27.021515657786686,76.51094740827308,70.76636012602215,996.3852692495147,995.7869362436728,20.95,2.93,3.54,144.84,52643.0,3877680.0,6954036.0
2016,2,775,PI,53.875,28.038994957282387,26.68957224268452,71.33599130245726,64.7602998245524,982.1121271007364,981.5394402561852,12.77,3.06,3.25,216.06,15546.0,2033439.0,3212180.0
2016,2,6344,CE,55.86000000000001,28.106677763019256,26.903949767599965,72.09684397419926,66.52899182044135,983.8661481975876,983.290570185955,60.2,3.06,3.2,224.05,19779.0,6630692.0,8963663.0
2016,2,17561,RN,27.62857142857143,29.27464387200021,28.03799124035193,70.73383420917972,64.74625676607057,1001.8874290712838,1001.3396704435696,65.8,3.16,3.24,302.17,7181.0,2678787.0,3474998.0
2016,2,8927,PB,39.05,27.26536459774727,25.96451279150754,71.4289346750497,65.37230603448276,973.9819392023304,973.4456120495385,70.83,3.0,3.2,304.16,10830.0,2935630.0,3999415.0
2016,2,36849,PE,42.63636363636363,26.786542692627847,25.46895757725401,68.9186445626088,63.210683508956286,965.5776319989972,965.0541080273108,95.95,2.98,3.11,266.12,11249.0,7477191.0,9410336.0
2016,2,4646,AL,30.03333333333333,27.988409961685807,26.813601532567045,71.31010137586708,66.30547554089208,1000.4201628352492,999.9149425287357,120.62,2.89,3.19,243.61,5277.0,2297767.0,3358963.0
2016,2,2127,SE,22.950000000000003,27.56702085678992,26.31180464288574,73.37761462816617,67.77742744174486,994.1339166398936,993.6667091104356,103.37,2.95,3.03,397.56,1318.0,1675875.0,2265779.0
2016,2,24608,BA,23.930000000000003,26.786824406343023,25.442261537853256,73.70665536613342,67.5212090949807,970.8637014318216,970.3701358427672,27.05,2.92,3.05,318.08,34764.0,10847503.0,15276566.0
2016,2,160763,MG,107.15744680851064,25.58393061272508,24.0596706320798,72.80401651234085,65.55610461781224,931.5954701420004,931.0846627653632,35.8,2.89,2.98,438.24,27583.0,17758443.0,20997560.0
2016,2,13289,ES,36.06666666666667,27.7373832269752,26.33143353616072,73.03842391719189,66.8818944518604,989.8486410933742,989.366786359017,86.22,2.88,2.97,432.13,6652.0,3307770.0,3973697.0
2016,2,21149,RJ,222.09230769230768,26.7946105453892,25.49935054182829,79.25060242357237,72.9943632974779,990.4992718045972,990.0010922933618,379.98,2.74,2.75,660.38,6539.0,16033224.0,16635996.0
2016,2,109163,SP,191.38709677419348,25.261440029016995,23.971178707278288,80.4399117276015,73.84363014197446,944.269726525703,943.7145514256616,180.28,2.96,2.98,637.41,23128.0,42756931.0,44749699.0
2016,2,31069,PR,244.87368421052616,24.987321171164645,23.75935698972906,85.12254118970786,79.38176614781047,947.4356950452104,946.8818441649724,56.41,2.85,2.94,581.34,16361.0,9531126.0,11242720.0
2016,2,3028,SC,196.94736842105257,23.220424048431408,22.157280004440107,86.51275380742214,81.25253476596242,944.4176139224472,943.9083383338136,72.18,2.85,2.89,491.95,8629.0,5816186.0,6910553.0
2016,2,1357,RS,116.17714285714284,24.65572398873444,23.44468379829388,81.99228398415897,76.488112229735,975.3862550517292,974.8664047475158,40.06,2.69,2.75,534.46,10291.0,9566801.0,11286500.0
2016,2,18091,MS,173.64,27.13096569507828,25.840766232994827,80.84524099970851,74.40069719829627,967.0907914611444,966.4716944251096,7.51,2.88,3.05,602.61,5813.0,2270282.0,2682386.0
2016,2,10009,MT,113.81290322580648,26.885546527111007,25.55106245535466,82.40340365383433,76.41612156317159,966.6586521342616,965.8673574040638,3.66,2.83,3.05,292.82,5263.0,2588797.0,3305531.0
2016,2,36037,GO,123.63636363636364,25.745665732181585,24.286275139371995,76.02062524401539,68.32445356702921,931.8051073485464,931.2091865489226,19.69,2.95,2.96,565.63,12717.0,6043805.0,6695855.0
2016,2,6001,DF,256.99999999999994,23.97549350024076,22.331295137217143,74.02022147327875,65.84689455946086,897.7461242176216,897.2339431872883,515.09,3.05,2.98,962.49,2451.0,2875337.0,2977216.0
2016,3,3329,RO,385.0999999999998,26.557226278698057,25.55351672236754,85.67743751816332,80.52600382640708,980.5109170662596,979.7292835173884,7.52,2.98,3.11,164.21,5417.0,1309638.0,1787279.0
2016,3,1797,AC,147.19999999999993,26.3654957246686,25.437446979076768,88.66619528514691,84.27743353953034,988.5048269467956,987.8541365439949,4.98,3.39,3.54,127.5,1938.0,591481.0,816687.0
2016,3,2402,AM,304.6428571428571,27.860725673875777,26.817929184303047,83.14497723699813,77.849656172725,1004.8158887012938,1004.1133849997698,2.57,3.02,3.84,187.81,5175.0,2647223.0,4001667.0
2016,3,132,RR,0.0,30.634366576819414,29.595148247978425,53.63611859838273,49.69811320754716,1002.3280323450138,1001.6896226415092,2.29,3.53,3.85,241.95,1038.0,394535.0,514229.0
2016,3,3827,PA,342.2111111111111,27.07863346927825,26.0755127583014,85.3877584507696,80.96559461285676,1000.5458796009896,999.8758797342464,6.63,2.99,3.63,62.26,40583.0,4968194.0,8272724.0
2016,3,685,AP,371.8999999999995,26.72061186461389,25.832571939149545,88.69432734604115,86.09102364369504,1010.9918270405664,1010.4078766495596,5.48,3.85,3.86,116.89,653.0,700361.0,782295.0
2016,3,3565,TO,187.79999999999995,27.44892273501544,26.216182263387623,80.25108553482077,74.13043908077444,975.9009306892674,975.2972293197056,5.52,3.26,3.15,457.07,2661.0,1285494.0,1532902.0
2016,3,7986,MA,247.12727272727253,27.64688230716332,26.59837093519312,82.0062560727551,76.68965487639575,996.374675273709,995.7489716645828,20.95,2.93,3.54,144.84,52643.0,3877680.0,6954036.0
2016,3,975,PI,116.2125,28.31708027920393,27.094568721947745,74.13155801396653,67.95664418455286,982.4854246181668,981.8742898543704,12.77,3.06,3.25,216.06,15546.0,2033439.0,3212180.0
2016,3,10831,CE,153.67999999999995,28.3224640189232,27.1407747554368,73.85267745919093,68.48260810647693,984.0970185068668,983.5125043271696,60.2,3.06,3.2,224.05,19779.0,6630692.0,8963663.0
2016,3,21847,RN,77.39999999999998,29.147585393049628,28.051793817995705,72.7408986805019,67.51317920463839,1002.2673350542502,1001.6941013259628,65.8,3.16,3.24,302.17,7181.0,2678787.0,3474998.0
2016,3,12189,PB,151.06666666666666,27.361603891227865,26.14127393496148,73.47489481870397,67.83650951156824,974.0802912816506,973.5360040294788,70.83,3.0,3.2,304.16,10830.0,2935630.0,3999415.0
2016,3,26018,PE,71.27999999999999,27.769548491159064,26.44716230851292,66.4620322431346,61.20308660563836,965.635017428876,965.1015092927008,95.95,2.98,3.11,266.12,11249.0,7477191.0,9410336.0
2016,3,5208,AL,98.23333333333328,28.43156362007169,27.268257168458792,71.00446502690615,66.05102078409348,1000.578472222222,1000.0718413978497,120.62,2.89,3.19,243.61,5277.0,2297767.0,3358963.0
2016,3,1490,SE,39.45,27.96018531928901,26.673989795918374,72.0477463243362,66.24063748079878,994.3497658547286,993.8582960280886,103.37,2.95,3.03,397.56,1318.0,1675875.0,2265779.0
2016,3,25728,BA,28.840000000000007,27.4789658409124,26.058573988952325,71.0222078078562,64.95112894843805,971.0867413536206,970.566569600771,27.05,2.92,3.05,318.08,34764.0,10847503.0,15276566.0
2016,3,202922,MG,114.6549019607843,24.81390207613748,23.4365631439966,75.91175446441274,69.47920914372361,933.3830070425932,932.8787691332676,35.8,2.89,2.98,438.24,27583.0,17758443.0,20997560.0
2016,3,12443,ES,93.95,26.83775865458821,25.55670097603389,77.32080059477987,71.48083056031889,991.0668675015048,990.572478534482,86.22,2.88,2.97,432.13,6652.0,3307770.0,3973697.0
2016,3,23237,RJ,160.32857142857137,25.690003849792483,24.58093037908136,82.94214711629165,77.50815840059974,990.9935871588312,990.4813479972092,379.98,2.74,2.75,660.38,6539.0,16033224.0,16635996.0
2016,3,131765,SP,150.73999999999998,24.379071529661925,23.09406890732729,80.38355577178369,74.04089074647315,945.2718532023586,944.7349892604176,180.28,2.96,2.98,637.41,23128.0,42756931.0,44749699.0
2016,3,37914,PR,108.65454545454544,22.96228223423065,21.689435090534413,80.831793333906,74.8103852596299,947.04580085464,946.5380708776996,56.41,2.85,2.94,581.34,16361.0,9531126.0,11242720.0
2016,3,4768,SC,240.4315789473683,20.935491762617826,19.847792753241567,84.02082463390195,78.77114699615278,946.2533456048478,945.766472087419,72.18,2.85,2.89,491.95,8629.0,5816186.0,6910553.0
2016,3,2473,RS,202.6971428571428,21.54169360859599,20.406119446477646,81.6429812728483,76.48835353470602,977.8403639748096,977.3789507218746,40.06,2.69,2.75,534.46,10291.0,9566801.0,11286500.0
2016,3,11856,MS,97.0173913043478,25.93442788135071,24.6077009327961,77.16983735110894,70.82446177827909,969.2577421511688,968.689634686175,7.51,2.88,3.05,602.61,5813.0,2270282.0,2682386.0
2016,3,5641,MT,178.18064516129027,26.421912946114976,25.26925659796285,84.33356613506275,79.03811554779595,968.0480931883326,967.267862393252,3.66,2.83,3.05,292.82,5263.0,2588797.0,3305531.0
2016,3,39075,GO,154.93636363636367,25.322296062230595,24.03034410065584,77.93324756242302,71.2061762602414,932.3999679435397,931.8475406013276,19.69,2.95,2.96,565.63,12717.0,6043805.0,6695855.0
2016,3,6802,DF,363.39999999999975,23.5111572153066,22.121853388658376,76.98340248962654,69.91147994467488,898.2430152143846,897.7431074227756,515.09,3.05,2.98,962.49,2451.0,2875337.0,2977216.0
2016,4,1875,RO,117.75,27.257067221625487,26.00295407130464,80.13762548541683,74.11663393258785,980.0009503784648,979.2195093703812,7.52,2.98,3.11,164.21,5417.0,1309638.0,1787279.0
2016,4,1194,AC,106.0,26.24005714193213,25.231380309505315,87.3711111111111,82.52972222222218,988.4140606384356,987.7659413040664,4.98,3.39,3.54,127.5,1938.0,591481.0,816687.0
2016,4,2802,AM,215.61333333333323,27.148806394249505,26.19138442994337,85.36739148967801,79.99308964893848,1005.6252493548676,1004.9686635297988,2.57,3.02,3.84,187.81,5175.0,2647223.0,4001667.0
2016,4,104,RR,270.39999999999986,28.535277777777782,27.52777777777777,72.06527777777767,67.36805555555553,1001.8448611111108,1001.165972222222,2.29,3.53,3.85,241.95,1038.0,394535.0,514229.0
2016,4,3178,PA,237.54444444444417,27.32994639809464,26.29424981722279,84.21477851673596,79.52933133289822,996.3721520556396,995.710758672308,6.63,2.99,3.63,62.26,40583.0,4968194.0,8272724.0
2016,4,541,AP,347.1000000000004,27.15763285024154,26.2070440821256,87.28577898550725,84.1536533816425,1010.2158031400965,1009.6080797101448,5.48,3.85,3.86,116.89,653.0,700361.0,782295.0
2016,4,2096,TO,58.55,27.73949467826164,26.363374551293948,75.20263722165453,68.43990554601886,974.62347856319,974.0800860940496,5.52,3.26,3.15,457.07,2661.0,1285494.0,1532902.0
2016,4,7262,MA,125.36923076923074,27.94813128427361,26.825452942963828,79.94491827378113,74.33241784153876,994.967801185204,994.3764853326686,20.95,2.93,3.54,144.84,52643.0,3877680.0,6954036.0
2016,4,2427,PI,42.72222222222222,28.81382736003561,27.443628687380368,67.69306917208627,61.40079494848116,981.6315685722165,981.0644203791328,12.77,3.06,3.25,216.06,15546.0,2033439.0,3212180.0
2016,4,18432,CE,89.38461538461534,27.48930000136732,26.38942152965113,76.68517147212297,71.60688564640948,983.4868016241444,982.9401443405088,60.2,3.06,3.2,224.05,19779.0,6630692.0,8963663.0
2016,4,7812,RN,74.85714285714286,28.385411175133008,27.354032469037687,75.19422285140294,70.19124472923151,1001.6646300251672,1001.0594208777624,65.8,3.16,3.24,302.17,7181.0,2678787.0,3474998.0
2016,4,7943,PB,106.59999999999997,26.39315351316079,25.27367327377068,76.48360618843824,71.08623727664465,973.525818688788,973.0078523859312,70.83,3.0,3.2,304.16,10830.0,2935630.0,3999415.0
2016,4,10097,PE,52.05999999999998,27.14268525276148,25.85153407981151,67.77385404279728,62.53865542018563,965.2818697628378,964.761644161583,95.95,2.98,3.11,266.12,11249.0,7477191.0,9410336.0
2016,4,3559,AL,99.16666666666669,27.327268518518515,26.24875,75.14717950246387,70.1019062935967,1000.3121064814812,999.824375,120.62,2.89,3.19,243.61,5277.0,2297767.0,3358963.0
2016,4,810,SE,40.75000000000001,27.24210350076103,26.04191476407916,73.62528538812785,68.08025114155248,994.0452614155244,993.5547781582952,103.37,2.95,3.03,397.56,1318.0,1675875.0,2265779.0
2016,4,11073,BA,31.97073170731708,26.73445265483948,25.33314900697105,70.3513045482736,64.47296897841122,970.8891862060852,970.3832567327776,27.05,2.92,3.05,318.08,34764.0,10847503.0,15276566.0
2016,4,154810,MG,25.16981132075472,24.3543369968645,22.78014009181945,68.92793132067017,62.384015953550566,932.6978067363442,932.2389940805828,35.8,2.89,2.98,438.24,27583.0,17758443.0,20997560.0
2016,4,8620,ES,27.77142857142857,26.24274133522216,24.902255345503534,76.19089150197294,70.41055040177257,995.220433389062,994.7406027084354,86.22,2.88,2.97,432.13,6652.0,3307770.0,3973697.0
2016,4,24342,RJ,25.120000000000005,24.60147451845311,23.328989980540765,79.75397539559818,73.9567591734139,980.0326598367736,979.5787887805708,379.98,2.74,2.75,660.38,6539.0,16033224.0,16635996.0
2016,4,81167,SP,29.680000000000003,24.28552939410008,22.79706190122333,70.53121533018503,63.94514137950297,945.2890964112106,944.8191284414202,180.28,2.96,2.98,637.41,23128.0,42756931.0,44749699.0
2016,4,28558,PR,75.46666666666667,23.494198931578364,22.132475573926296,75.40478482263578,69.18106492950278,946.87167460928,946.3766600468832,56.41,2.85,2.94,581.34,16361.0,9531126.0,11242720.0
2016,4,2997,SC,137.16666666666669,21.667438516599766,20.58828635096937,82.94384955342056,77.88294524314641,946.010610805024,945.505811839398,72.18,2.85,2.89,491.95,8629.0,5816186.0,6910553.0
2016,4,2210,RS,206.82222222222217,21.182468116828385,20.18968106074408,83.07768277498641,78.53765295989413,979.5473535873906,978.9659435470696,40.06,2.69,2.75,534.46,10291.0,9566801.0,11286500.0
2016,4,6295,MS,62.21818181818184,26.037759303952463,24.563594188431647,67.13018936106451,62.59592615244296,968.8966551532836,968.3816373017604,7.51,2.88,3.05,602.61,5813.0,2270282.0,2682386.0
2016,4,2206,MT,43.00666666666665,26.56329914464332,25.184034754832165,76.71470313473574,70.6146882614975,966.9741449163646,966.263851816564,3.66,2.83,3.05,292.82,5263.0,2588797.0,3305531.0
2016,4,26513,GO,13.16190476190476,25.227335325733893,23.662043303366463,65.12087622088276,58.14274444335448,932.209290461894,931.7443574773356,19.69,2.95,2.96,565.63,12717.0,6043805.0,6695855.0
2016,4,4022,DF,14.6,24.009505144537,22.324007839294456,63.559529642332215,56.300832925036765,897.7100440960317,897.2588437040665,515.09,3.05,2.98,962.49,2451.0,2875337.0,2977216.0
2016,5,887,RO,77.50000000000001,25.97201263631125,24.798776222588256,82.5363348309904,77.23537609945964,983.1247273095448,982.4752987159834,7.52,2.98,3.11,164.21,5417.0,1309638.0,1787279.0
2016,5,576,AC,85.83999999999997,25.30678533372081,24.272645427685745,87.33890874745715,82.68005231037489,990.540417514289,989.9611995059574,4.98,3.39,3.54,127.5,1938.0,591481.0,816687.0
2016,5,1698,AM,206.02857142857133,27.213103976816207,26.18387573118609,85.49519608095792,80.76666463966941,1006.161812088062,1005.4763710774288,2.57,3.02,3.84,187.81,5175.0,2647223.0,4001667.0
2016,5,106,RR,327.19999999999965,27.31632928475031,26.181781376518213,81.64507422402167,76.18893387314438,1003.5171390013496,1002.8596491228076,2.29,3.53,3.85,241.95,1038.0,394535.0,514229.0
2016,5,1785,PA,124.99,27.65574219692706,26.55097006982004,81.76511998251699,76.69389059437232,998.269619366578,997.6442675477472,6.63,2.99,3.63,62.26,40583.0,4968194.0,8272724.0
2016,5,344,AP,414.1999999999997,26.46666666666669,25.4959677419355,91.64381720430106,90.60215053763432,1011.6783602150538,1011.1193548387088,5.48,3.85,3.86,116.89,653.0,700361.0,782295.0
2016,5,1719,TO,12.137500000000005,27.57769105054891,26.01763983664185,68.98168800285734,62.02498249398451,976.3380896237496,975.8434105712836,5.52,3.26,3.15,457.07,2661.0,1285494.0,1532902.0
2016,5,3077,MA,65.70666666666665,27.996859555137444,26.81347361737617,77.2832004286692,71.88478155408464,997.8614226779506,997.3134674291128,20.95,2.93,3.54,144.84,52643.0,3877680.0,6954036.0
2016,5,1738,PI,32.888888888888886,28.85873655913979,27.368166383701187,61.76143187031823,55.76645076537776,983.5608800226374,983.0055178268252,12.77,3.06,3.25,216.06,15546.0,2033439.0,3212180.0
2016,5,23140,CE,50.49230769230769,27.866863509972923,26.59807717772852,71.17446514742858,65.65140004639235,985.3447653124452,984.810025679438,60.2,3.06,3.2,224.05,19779.0,6630692.0,8963663.0
2016,5,5275,RN,65.62857142857143,28.241781874039948,27.14781105990783,71.66549544346042,66.6841330567528,1003.5260368663596,1002.9964285714284,65.8,3.16,3.24,302.17,7181.0,2678787.0,3474998.0
2016,5,5011,PB,108.57499999999996,25.776377725385863,24.61902092924693,75.80925988290804,70.55575269922858,975.4253566646332,974.9294571250872,70.83,3.0,3.2,304.16,10830.0,2935630.0,3999415.0
2016,5,5619,PE,93.06,25.85156517289141,24.67053589286404,70.99601027872848,66.17370153912356,967.2866969245322,966.7794492232414,95.95,2.98,3.11,266.12,11249.0,7477191.0,9410336.0
2016,5,2803,AL,144.49999999999994,26.125873655913978,25.0866711469534,77.267932834658,72.50095887875953,1002.2799059139784,1001.799910394265,120.62,2.89,3.19,243.61,5277.0,2297767.0,3358963.0
2016,5,319,SE,140.60000000000002,25.85843279569892,24.716803763440872,77.52236559139786,72.35325268817205,996.2855618279572,995.822440860215,103.37,2.95,3.03,397.56,1318.0,1675875.0,2265779.0
2016,5,4963,BA,50.15609756097562,25.552749815510253,24.21989408970572,71.77875337781336,66.3609694529801,972.8113167577689,972.3078844865817,27.05,2.92,3.05,318.08,34764.0,10847503.0,15276566.0
2016,5,56112,MG,21.67692307692308,21.621861429315192,20.16146010188828,72.98258107621056,67.09341670891277,935.0940107085188,934.6162984499992,35.8,2.89,2.98,438.24,27583.0,17758443.0,20997560.0
2016,5,3158,ES,15.599999999999998,23.49474641395518,22.283564727962748,76.6058351483098,71.25378777170187,993.4584327194758,992.9549860863352,86.22,2.88,2.97,432.13,6652.0,3307770.0,3973697.0
2016,5,13037,RJ,59.546666666666695,20.801236397371447,19.740045848158296,84.56062428470686,79.62267814732378,982.9995834069806,982.4993617898692,379.98,2.74,2.75,660.38,6539.0,16033224.0,16635996.0
2016,5,30579,SP,94.10666666666668,19.4013286609595,18.182200992471422,79.69064186244718,74.45267096295288,947.8851958367476,947.3610994477832,180.28,2.96,2.98,637.41,23128.0,42756931.0,44749699.0
2016,5,6544,PR,158.4799999999999,16.74436357705236,15.787083999611516,84.8804493071037,80.5903111561621,946.3748175017256,945.8637148622308,56.41,2.85,2.94,581.34,16361.0,9531126.0,11242720.0
2016,5,859,SC,121.08421052631576,14.86896518090422,13.942833867035644,86.60805724004025,82.51703989045788,949.0056331604288,948.5129444477265,72.18,2.85,2.89,491.95,8629.0,5816186.0,6910553.0
2016,5,673,RS,69.89444444444449,14.347773831034768,13.41161904869066,85.45770100842739,81.32235725891809,980.588193963869,980.1024735071694,40.06,2.69,2.75,534.46,10291.0,9566801.0,11286500.0
2016,5,1812,MS,136.30476190476188,20.865929879802685,19.749811641353467,77.743634453409,72.11629448553052,972.1458554099348,971.6014246054004,7.51,2.88,3.05,602.61,5813.0,2270282.0,2682386.0
2016,5,904,MT,16.066666666666666,25.855382628234576,24.438758790372884,76.00081419140294,70.11100447556656,969.747704586282,969.111264866182,3.66,2.83,3.05,292.82,5263.0,2588797.0,3305531.0
2016,5,13222,GO,13.954545454545457,24.243539711900567,22.665990397016007,64.79705943305035,58.26487749890115,934.0729442427548,933.5739542690588,19.69,2.95,2.96,565.63,12717.0,6043805.0,6695855.0
2016,5,2319,DF,33.2,22.81303501945527,21.08750000000002,64.66974708171207,57.45428015564203,899.2466926070033,898.7980058365755,515.09,3.05,2.98,962.49,2451.0,2875337.0,2977216.0
2016,6,392,RO,18.950000000000003,25.247291666666666,23.96999999999999,77.5545138888889,72.02291666666667,985.328506944444,984.7777430555552,7.52,2.98,3.11,164.21,5417.0,1309638.0,1787279.0
2016,6,362,AC,33.20000000000001,24.407822721746008,23.283651566215188,85.474979067834,80.70177997842883,991.7937321287966,991.2702422650784,4.98,3.39,3.54,127.5,1938.0,591481.0,816687.0
2016,6,1331,AM,111.47499999999998,26.798079180550417,25.67915101812547,83.93859634825364,78.7267719834191,1007.5129898898912,1006.9289534667182,2.57,3.02,3.84,187.81,5175.0,2647223.0,4001667.0
2016,6,168,RR,340.3999999999995,26.783812405446287,25.54765506807867,82.1089258698942,76.31618759455367,1004.9175491679274,1004.2682299546142,2.29,3.53,3.85,241.95,1038.0,394535.0,514229.0
2016,6,921,PA,58.5157894736842,27.27652587499321,26.09697426909867,78.41306902849887,72.9952543108444,999.5497410407712,998.998358037212,6.63,2.99,3.63,62.26,40583.0,4968194.0,8272724.0
2016,6,251,AP,196.6,26.831285331384013,25.740762670565307,86.18086013645225,82.67113791423,1012.8171357212474,1012.2617616959068,5.48,3.85,3.86,116.89,653.0,700361.0,782295.0
2016,6,769,TO,14.6,26.987063722700025,25.31414421860749,64.4466732329978,57.504195209766,977.8358287516696,977.344856588654,5.52,3.26,3.15,457.07,2661.0,1285494.0,1532902.0
2016,6,1091,MA,31.440000000000005,27.77058786994521,26.44284011129893,71.5296346810587,65.96247490713334,999.058632239699,998.5429943729628,20.95,2.93,3.54,144.84,52643.0,3877680.0,6954036.0
2016,6,982,PI,11.526315789473683,28.38872780662916,26.86408711584297,56.39072360985672,50.93988931785546,985.0027937409436,984.469329717858,12.77,3.06,3.25,216.06,15546.0,2033439.0,3212180.0
2016,6,15461,CE,17.8,27.87221312909952,26.492460269902143,64.35102849305268,58.752549879012,986.601640785509,986.0764287806844,60.2,3.06,3.2,224.05,19779.0,6630692.0,8963663.0
2016,6,3181,RN,42.05714285714287,27.65018989760229,26.530961476483025,69.86391120373055,64.80780476946028,1004.9258560912634,1004.4278819400027,65.8,3.16,3.24,302.17,7181.0,2678787.0,3474998.0
2016,6,3103,PB,56.08571428571428,25.354742747149903,24.11908985770801,71.59288832525098,66.28396131104306,976.7928300738048,976.3203873947166,70.83,3.0,3.2,304.16,10830.0,2935630.0,3999415.0
2016,6,3388,PE,34.436363636363645,24.357463032061915,23.151820411829743,73.17415488038756,68.0267506238153,968.8494841763408,968.3817604684906,95.95,2.98,3.11,266.12,11249.0,7477191.0,9410336.0
2016,6,1635,AL,115.3333333333333,25.393555013927585,24.33401036830704,77.86123555658723,73.0833360913229,1003.8320496750232,1003.3738220881048,120.62,2.89,3.19,243.61,5277.0,2297767.0,3358963.0
2016,6,271,SE,128.0,24.37100694444445,23.36652777777776,81.98125,77.19583333333334,992.8462847222224,992.403090277778,103.37,2.95,3.03,397.56,1318.0,1675875.0,2265779.0
2016,6,2106,BA,37.25581395348839,24.409686727421803,23.095329020494667,71.5976862307231,66.25989343525325,974.3847401524424,973.898664046806,27.05,2.92,3.05,318.08,34764.0,10847503.0,15276566.0
2016,6,11198,MG,38.340740740740735,19.820142621205115,18.3280287264444,72.21254244334212,66.37005426300679,936.9160604410298,936.4438450070656,35.8,2.89,2.98,438.24,27583.0,17758443.0,20997560.0
2016,6,964,ES,54.20000000000002,21.633783525644333,20.5793314188087,79.11147776481012,74.09094893776621,995.9705717817952,995.4909191649924,86.22,2.88,2.97,432.13,6652.0,3307770.0,3973697.0
2016,6,5061,RJ,95.8823529411765,18.1690803440783,17.154270394076434,85.7807182565953,80.92008450583131,984.3064328871023,983.8040742506456,379.98,2.74,2.75,660.38,6539.0,16033224.0,16635996.0
2016,6,8266,SP,98.9857142857143,17.27147604690908,15.94089556407034,78.47486422340816,72.7208404574015,949.7154947227727,949.2242825702076,180.28,2.96,2.98,637.41,23128.0,42756931.0,44749699.0
2016,6,1623,PR,81.40952380952382,14.260770639771527,13.12298582727098,81.12339715858326,76.0833085217679,950.0477027308048,949.5654368499512,56.41,2.85,2.94,581.34,16361.0,9531126.0,11242720.0
2016,6,139,SC,54.73333333333336,11.493210800222082,10.474273299943372,83.71661811185258,78.85985893666003,949.82393458433,949.354929947419,72.18,2.85,2.89,491.95,8629.0,5816186.0,6910553.0
2016,6,93,RS,23.284848484848485,11.305339495088432,10.114113382493102,81.64820051172822,76.66746805987606,981.916467213088,981.451480799948,40.06,2.69,2.75,534.46,10291.0,9566801.0,11286500.0
2016,6,441,MS,31.50909090909092,18.94295273241048,17.629666577417417,74.43845092711936,68.64820658804982,973.9051907291896,973.3962839334032,7.51,2.88,3.05,602.61,5813.0,2270282.0,2682386.0
2016,6,398,MT,12.99375,24.310967231073192,22.76685102512793,71.77437248559956,65.94456879076972,971.296214852168,970.6748016678883,3.66,2.83,3.05,292.82,5263.0,2588797.0,3305531.0
2016,6,5396,GO,7.363636363636363,22.632025908925623,20.97586674772111,60.85683938540815,54.56002321478804,935.5795631194673,935.114668244802,19.69,2.95,2.96,565.63,12717.0,6043805.0,6695855.0
2016,6,1099,DF,2.0,20.87716279069771,19.14223255813952,62.054418604651126,55.43813953488364,900.961302325582,900.5244651162785,515.09,3.05,2.98,962.49,2451.0,2875337.0,2977216.0
2016,7,339,RO,0.25,27.08844571186245,25.335402291415093,62.39535535621872,55.55300694324652,985.3072636349264,984.8137921554254,7.52,2.98,3.11,164.21,5417.0,1309638.0,1787279.0
2016,7,192,AC,21.33333333333333,25.543845989577893,24.09548273460689,79.37933540790092,73.53366424146797,989.6444596862308,989.1297821367313,4.98,3.39,3.54,127.5,1938.0,591481.0,816687.0
2016,7,799,AM,64.25,27.551323308811195,26.31267660166919,79.71053713376452,73.98406485043213,1006.4574891058646,1005.9064204026084,2.57,3.02,3.84,187.81,5175.0,2647223.0,4001667.0
2016,7,409,RR,207.99999999999983,27.051707317073173,25.679024390243903,81.38536585365861,74.85691056910566,1003.9839024390238,1003.3214634146344,2.29,3.53,3.85,241.95,1038.0,394535.0,514229.0
2016,7,657,PA,52.23000000000001,27.4284822716512,26.173751141411618,74.80271201575891,69.11405418156316,998.8939820236662,998.373563758515,6.63,2.99,3.63,62.26,40583.0,4968194.0,8272724.0
2016,7,228,AP,81.19999999999997,27.06223118279572,25.95873655913979,84.7170698924731,81.18010752688167,1011.8310483870966,1011.2922043010748,5.48,3.85,3.86,116.89,653.0,700361.0,782295.0
2016,7,314,TO,0.1058823529411764,27.203317827887613,25.158472718667863,51.86383808627407,44.47964307475085,977.9981083969216,977.4885574992996,5.52,3.26,3.15,457.07,2661.0,1285494.0,1532902.0
2016,7,767,MA,13.45714285714286,28.354078887934328,26.81052701677977,61.561163243285,55.645156466047695,998.510321347154,997.9633022841354,20.95,2.93,3.54,144.84,52643.0,3877680.0,6954036.0
2016,7,416,PI,3.644444444444445,28.352880477095027,26.71442198518457,46.9655804035365,41.99721167014288,984.1721553461118,983.622708453256,12.77,3.06,3.25,216.06,15546.0,2033439.0,3212180.0
2016,7,8771,CE,2.3714285714285706,27.961945092657704,26.55478188056546,56.68871028719866,51.51840794668741,986.1597138447704,985.6323152114912,60.2,3.06,3.2,224.05,19779.0,6630692.0,8963663.0
2016,7,1696,RN,7.314285714285712,28.25795561194655,26.88095503813211,60.74070042502696,55.05184712351158,1004.6097129570026,1004.081703904325,65.8,3.16,3.24,302.17,7181.0,2678787.0,3474998.0
2016,7,1468,PB,19.35,25.016960994075045,23.70612505486066,67.71520531599735,62.318092710056966,976.6135344662058,976.1379495830593,70.83,3.0,3.2,304.16,10830.0,2935630.0,3999415.0
2016,7,2105,PE,26.683333333333337,23.85198252688172,22.602374551971323,70.70138888888893,65.39594534050177,968.7783042114696,968.3052867383512,95.95,2.98,3.11,266.12,11249.0,7477191.0,9410336.0
2016,7,1103,AL,86.66666666666669,24.366321939225976,23.224644762332176,77.28651834287103,71.88925887539654,1004.1491696264708,1003.6972543526894,120.62,2.89,3.19,243.61,5277.0,2297767.0,3358963.0
2016,7,256,SE,50.7,24.35657677711284,23.10083430642728,80.24736070381229,74.05718963831862,998.0684366029288,997.6253889943076,103.37,2.95,3.03,397.56,1318.0,1675875.0,2265779.0
2016,7,1224,BA,48.013953488372096,23.36043126860523,21.979943833497387,72.15358453652605,66.55189472375181,975.1857830104216,974.6998764088617,27.05,2.92,3.05,318.08,34764.0,10847503.0,15276566.0
2016,7,2684,MG,4.025925925925926,20.534265394820054,18.830543922508483,65.54888105952742,59.30980577956549,937.15249020394,936.701817532227,35.8,2.89,2.98,438.24,27583.0,17758443.0,20997560.0
2016,7,659,ES,35.888888888888886,21.396663241629167,20.236305196569813,78.1218178469867,73.04261176945877,995.6162770686504,995.1655236206988,86.22,2.88,2.97,432.13,6652.0,3307770.0,3973697.0
2016,7,2697,RJ,10.435294117647056,19.367321203345643,18.177523020499063,79.92626660106046,74.5193816168545,983.1191183964412,982.6479330680024,379.98,2.74,2.75,660.38,6539.0,16033224.0,16635996.0
2016,7,4309,SP,9.483870967741936,18.970331085800343,17.31249806688987,67.92746435356185,61.237856706008806,948.5969655768356,948.130249731592,180.28,2.96,2.98,637.41,23128.0,42756931.0,44749699.0
2016,7,1291,PR,60.41,16.6148596473629,15.263295491230869,75.31425897304025,69.6374270650675,948.1841068308328,947.6915950659654,56.41,2.85,2.94,581.34,16361.0,9531126.0,11242720.0
2016,7,131,SC,103.62,13.984207385274686,12.860958741620122,81.6056667815283,76.57626860609774,947.4455708101002,946.908592827424,72.18,2.85,2.89,491.95,8629.0,5816186.0,6910553.0
2016,7,83,RS,110.32820512820513,13.657705358149244,12.577584141548035,82.7353022999811,78.15686333724686,980.3634789559771,979.8084380334952,40.06,2.69,2.75,534.46,10291.0,9566801.0,11286500.0
2016,7,217,MS,14.199999999999998,21.078192476488777,19.41393343174307,61.9111751676473,55.43221549836815,973.50621761732,972.9995595085184,7.51,2.88,3.05,602.61,5813.0,2270282.0,2682386.0
2016,7,285,MT,0.1151515151515151,25.793743629402456,23.786550209899133,55.37558874796143,48.64856827296577,971.3721717101816,970.7255891986966,3.66,2.83,3.05,292.82,5263.0,2588797.0,3305531.0
2016,7,2240,GO,0.0095238095238095,23.65342987513855,21.78334461039234,49.01838426058461,42.64435713150984,934.8144782580072,934.3404265731134,19.69,2.95,2.96,565.63,12717.0,6043805.0,6695855.0
2016,7,471,DF,0.0,21.390585585585587,19.49364864864868,53.44594594594589,46.86801801801796,900.3941891891888,899.9612612612608,515.09,3.05,2.98,962.49,2451.0,2875337.0,2977216.0
2016,8,163,RO,34.25,28.051162750278085,26.269891893770865,60.644668845012944,53.68268562291434,984.5226999907304,983.9097220291064,7.52,2.98,3.11,164.21,5417.0,1309638.0,1787279.0
2016,8,162,AC,66.85000000000002,26.097558784316327,24.66300019246068,76.83962448486577,70.63443672729856,988.8184415103466,988.2128095932826,4.98,3.39,3.54,127.5,1938.0,591481.0,816687.0
2016,8,577,AM,69.5,28.70773357182192,27.455481345307444,75.83134822167082,69.90415632754342,1005.9505825787406,1005.3507407223386,2.57,3.02,3.84,187.81,5175.0,2647223.0,4001667.0
2016,8,453,RR,99.40000000000002,27.839775910364114,26.45434173669468,77.34593837535014,70.95658263305309,1003.3455182072836,1002.707282913165,2.29,3.53,3.85,241.95,1038.0,394535.0,514229.0
2016,8,610,PA,25.170000000000005,28.02090756755911,26.76555662602473,72.184932629815,66.62052965733616,997.9744879593972,997.4350507586298,6.63,2.99,3.63,62.26,40583.0,4968194.0,8272724.0
2016,8,354,AP,47.70000000000001,27.890053763440843,26.72842741935484,79.94018817204302,76.06518817204302,1011.481922043011,1010.9430107526878,5.48,3.85,3.86,116.89,653.0,700361.0,782295.0
2016,8,247,TO,1.3294117647058823,28.79631612218678,26.7805193084736,48.4782587158518,41.583153388399694,977.202528577525,976.6393570975964,5.52,3.26,3.15,457.07,2661.0,1285494.0,1532902.0
2016,8,609,MA,3.506666666666668,29.594002799171,27.97428012061808,55.80649308090458,50.11660743766966,996.9579245223136,996.375944965505,20.95,2.93,3.54,144.84,52643.0,3877680.0,6954036.0
2016,8,299,PI,0.0444444444444444,29.400625266054394,27.740901331461675,42.66890747221832,38.030890810142296,983.4150584414028,982.8374737789233,12.77,3.06,3.25,216.06,15546.0,2033439.0,3212180.0
2016,8,5079,CE,1.7999999999999998,28.6918658135102,27.19256295358104,53.32702836467167,47.90811035803189,985.9758907847896,985.398431015112,60.2,3.06,3.2,224.05,19779.0,6630692.0,8963663.0
2016,8,969,RN,14.51428571428572,27.594478896622736,26.37088363742417,62.86887587164076,57.75213109301247,1004.6403802594252,1004.1127867711158,65.8,3.16,3.24,302.17,7181.0,2678787.0,3474998.0
2016,8,457,PB,12.424999999999995,25.50472217247476,24.1386631644829,64.15772117760088,58.75537980076422,976.5313591532848,976.0234178987456,70.83,3.0,3.2,304.16,10830.0,2935630.0,3999415.0
2016,8,1938,PE,14.35,24.55228223273853,23.231429467744345,66.08557226334972,60.732851941380126,968.469118673932,967.9603558843108,95.95,2.98,3.11,266.12,11249.0,7477191.0,9410336.0
2016,8,768,AL,41.600000000000016,24.742156071006622,23.539863385526505,72.61809524877742,67.39922528640699,1006.679896997024,1006.2004061046562,120.62,2.89,3.19,243.61,5277.0,2297767.0,3358963.0
2016,8,376,SE,36.32,24.775323565408016,23.40656119164868,77.40027691926659,70.89428702510718,997.882668628288,997.3901091538814,103.37,2.95,3.03,397.56,1318.0,1675875.0,2265779.0
2016,8,963,BA,57.90952380952382,24.31049242247679,22.934772218413045,68.59773155266936,63.305008958606514,974.1250301955394,973.5959646989056,27.05,2.92,3.05,318.08,34764.0,10847503.0,15276566.0
2016,8,2035,MG,13.40377358490566,21.871966858296176,20.17384917545437,61.53479632775701,55.34055677054992,936.5495666044724,936.0484912541248,35.8,2.89,2.98,438.24,27583.0,17758443.0,20997560.0
2016,8,566,ES,18.95555555555556,22.216135176597845,20.955019485518747,74.96161900968973,69.41915102826322,994.5806150027176,994.0784475952388,86.22,2.88,2.97,432.13,6652.0,3307770.0,3973697.0
2016,8,1330,RJ,43.400000000000006,20.334136386375967,19.0321715635185,77.60396962539613,71.6659395949227,981.8242362851148,981.29548490229,379.98,2.74,2.75,660.38,6539.0,16033224.0,16635996.0
2016,8,3984,SP,73.47407407407408,19.910373587501564,18.33424065308732,68.49997378363871,62.328906858866524,947.004665848551,946.4571520679342,180.28,2.96,2.98,637.41,23128.0,42756931.0,44749699.0
2016,8,1432,PR,152.9263157894736,17.73612166753187,16.44822066481003,75.90340058207371,70.3922438404308,945.73830269627,945.1520863145772,56.41,2.85,2.94,581.34,16361.0,9531126.0,11242720.0
2016,8,150,SC,161.37999999999994,15.00318007687452,13.91499445263742,82.86729033687861,78.074860532568,946.6523812408764,946.0625377675358,72.18,2.85,2.89,491.95,8629.0,5816186.0,6910553.0
2016,8,123,RS,116.31500000000004,15.428888993559314,14.265479438250944,79.6203246276158,74.47615486127992,978.9345659796652,978.3480476605991,40.06,2.69,2.75,534.46,10291.0,9566801.0,11286500.0
2016,8,252,MS,75.832,22.64081897034161,21.04034154819163,60.89333874714697,56.250175575808846,969.9630806313256,969.400001789084,7.51,2.88,3.05,602.61,5813.0,2270282.0,2682386.0
2016,8,353,MT,31.271428571428576,26.864871866567803,24.990810355356093,56.87128868151144,50.40467597888863,969.1921184438744,968.4769929158766,3.66,2.83,3.05,292.82,5263.0,2588797.0,3305531.0
2016,8,1970,GO,14.54285714285714,24.695942834314973,22.896049756662208,49.75784867743811,43.39075848579999,933.6776446215376,933.1532321602537,19.69,2.95,2.96,565.63,12717.0,6043805.0,6695855.0
2016,8,234,DF,39.4,22.743710691823928,20.89919137466307,52.420485175202174,45.78706199460917,899.48679245283,899.0074573225531,515.09,3.05,2.98,962.49,2451.0,2875337.0,2977216.0
2016,9,141,RO,109.2,26.781893912928968,25.38658114630061,71.34294498640742,65.21313815321224,984.6645957812048,984.011946905315,7.52,2.98,3.11,164.21,5417.0,1309638.0,1787279.0
2016,9,121,AC,51.76666666666667,26.250490185789364,24.95309469759284,79.43899849719706,73.44939426403093,989.3774322058327,988.6994640994518,4.98,3.39,3.54,127.5,1938.0,591481.0,816687.0
2016,9,380,AM,106.39999999999998,27.63679998570027,26.47367104286512,81.32864736686938,75.6726422306325,1005.7661227739344,1005.0496775800316,2.57,3.02,3.84,187.81,5175.0,2647223.0,4001667.0
2016,9,187,RR,105.8,28.632916666666667,27.174166666666665,73.15555555555555,66.45000000000016,1003.0030555555558,1002.35375,2.29,3.53,3.85,241.95,1038.0,394535.0,514229.0
2016,9,463,PA,61.2,27.97386651298473,26.74375546384498,74.53711687971702,68.92600642495329,996.2204671656716,995.603073937444,6.63,2.99,3.63,62.26,40583.0,4968194.0,8272724.0
2016,9,205,AP,34.9,28.15576388888888,26.95368055555556,77.68263888888886,73.67569444444452,1011.176111111111,1010.6186111111112,5.48,3.85,3.86,116.89,653.0,700361.0,782295.0
2016,9,142,TO,57.54117647058823,29.936095542316025,28.175067467696923,52.86562609055086,46.05810987880943,976.3729697398796,975.7232967713096,5.52,3.26,3.15,457.07,2661.0,1285494.0,1532902.0
2016,9,203,MA,24.000000000000004,29.731158105571566,28.289527804290703,60.27610022656124,54.832082850767264,997.4270289193464,996.8106975605004,20.95,2.93,3.54,144.84,52643.0,3877680.0,6954036.0
2016,9,147,PI,13.063157894736843,30.634944556188767,29.04344715890044,45.47737927687567,40.69830789760762,983.076955129996,982.4586302589676,12.77,3.06,3.25,216.06,15546.0,2033439.0,3212180.0
2016,9,2779,CE,2.557142857142857,28.91312218383917,27.498306861840373,55.85411316953749,50.71636456629865,985.3962116018012,984.7958890622972,60.2,3.06,3.2,224.05,19779.0,6630692.0,8963663.0
2016,9,456,RN,12.97142857142857,28.116904761904767,26.913174603174603,62.7936507936508,57.72837301587301,1004.1646031746031,1003.5971428571428,65.8,3.16,3.24,302.17,7181.0,2678787.0,3474998.0
2016,9,221,PB,6.700000000000001,26.17564612319963,24.84523079993193,63.45766308474743,58.26938248572903,976.1425481834372,975.6001064959491,70.83,3.0,3.2,304.16,10830.0,2935630.0,3999415.0
2016,9,1297,PE,10.150000000000002,25.952627314814816,24.61572916666666,62.884606481481455,57.727754597434696,967.6831712962965,967.140833333333,95.95,2.98,3.11,266.12,11249.0,7477191.0,9410336.0
2016,9,425,AL,21.266666666666666,25.947878435562256,24.677340162560743,70.92795029277441,65.49431167249256,1003.0929237891738,1002.5668954248364,120.62,2.89,3.19,243.61,5277.0,2297767.0,3358963.0
2016,9,183,SE,23.84,25.643191932663527,24.179308163658447,76.14168114094495,69.82674043236928,997.1796978350552,996.5961745456316,103.37,2.95,3.03,397.56,1318.0,1675875.0,2265779.0
2016,9,787,BA,34.028571428571425,25.34913794162487,23.95530783206367,67.42304996958214,61.9520950236895,972.8329650755117,972.2730094340934,27.05,2.92,3.05,318.08,34764.0,10847503.0,15276566.0
2016,9,1855,MG,32.67272727272728,23.90121819073581,22.23086756881913,59.13983649171153,52.96538338314669,934.1320058217686,933.5859572836284,35.8,2.89,2.98,438.24,27583.0,17758443.0,20997560.0
2016,9,524,ES,34.55555555555556,23.272200321579064,22.045667726800144,74.8367845085032,69.45249802548437,993.7330552213142,993.1874827787292,86.22,2.88,2.97,432.13,6652.0,3307770.0,3973697.0
2016,9,812,RJ,61.97647058823532,21.446305470721665,20.345275908671777,79.05849550954872,73.74687414845161,981.3459803692728,980.809221446526,379.98,2.74,2.75,660.38,6539.0,16033224.0,16635996.0
2016,9,4391,SP,28.046666666666667,21.06974061357927,19.55330161696796,67.11727741431672,60.827580196066506,946.7051866636276,946.1884733373348,180.28,2.96,2.98,637.41,23128.0,42756931.0,44749699.0
2016,9,1588,PR,48.38333333333334,18.62669717359126,17.193530068610087,70.41173514335354,63.95909206307154,946.4562782207072,945.9435208879524,56.41,2.85,2.94,581.34,16361.0,9531126.0,11242720.0
2016,9,162,SC,81.20000000000003,15.990535619464968,14.808737632504393,77.53067568665587,71.72713523563193,947.001146062074,946.4899010416002,72.18,2.85,2.89,491.95,8629.0,5816186.0,6910553.0
2016,9,71,RS,59.780000000000015,15.352594867163152,14.128633220805948,77.45478633493923,71.918115945747,980.0116104219042,979.5046341150849,40.06,2.69,2.75,534.46,10291.0,9566801.0,11286500.0
2016,9,263,MS,33.339130434782604,22.892186251113625,21.302616518882665,57.25458365980767,52.70401498354808,970.4166818350386,969.8859204900336,7.51,2.88,3.05,602.61,5813.0,2270282.0,2682386.0
2016,9,335,MT,45.96153846153848,26.607592196903955,25.07105157708457,65.5292643703504,59.36567003069216,968.830348368425,968.0641695727456,3.66,2.83,3.05,292.82,5263.0,2588797.0,3305531.0
2016,9,2131,GO,25.54285714285715,26.879053839617548,25.125364519272853,46.501244077391135,40.4109010897912,932.6623006926116,932.1055099364733,19.69,2.95,2.96,565.63,12717.0,6043805.0,6695855.0
2016,9,153,DF,112.60000000000002,24.736414305620062,22.903483511379456,49.70227589410126,43.29725963771486,898.4632141198318,897.9474686483991,515.09,3.05,2.98,962.49,2451.0,2875337.0,2977216.0
2016,10,158,RO,107.6,27.923488635606454,26.630145479038216,73.15940265933635,67.04905547788174,981.7225011926312,981.0448176458352,7.52,2.98,3.11,164.21,5417.0,1309638.0,1787279.0
2016,10,125,AC,176.43999999999994,26.93452091877566,25.681528657096305,81.65224097799384,75.59829882060838,986.8384041908032,986.1114123907854,4.98,3.39,3.54,127.5,1938.0,591481.0,816687.0
2016,10,338,AM,128.45,28.33342912284108,27.145281610075106,79.05172666614345,73.22111947062916,1005.0952697962268,1004.3322246979236,2.57,3.02,3.84,187.81,5175.0,2647223.0,4001667.0
2016,10,111,RR,29.2,30.096808510638297,28.53164893617021,66.01063829787233,59.11968085106382,1000.3954787234044,999.7558510638293,2.29,3.53,3.85,241.95,1038.0,394535.0,514229.0
2016,10,438,PA,59.82727272727272,28.0587004841416,26.89975387607448,75.00317872459196,69.6333674980507,995.6906784272164,995.0695216120944,6.63,2.99,3.63,62.26,40583.0,4968194.0,8272724.0
2016,10,164,AP,0.8,28.385340583702927,27.142223617296096,74.6521945315111,70.34601696369691,1009.1618698456284,1008.595400245694,5.48,3.85,3.86,116.89,653.0,700361.0,782295.0
2016,10,190,TO,80.58750000000002,28.37948388017047,26.870956162012533,68.30664850814924,61.17479501655848,974.5710951073194,973.9244373872264,5.52,3.26,3.15,457.07,2661.0,1285494.0,1532902.0
2016,10,137,MA,40.48333333333335,29.64055165865717,28.254689073412536,63.40801976110292,57.69907426332014,994.4393885091916,993.8041762882432,20.95,2.93,3.54,144.84,52643.0,3877680.0,6954036.0
2016,10,121,PI,20.305882352941172,31.123898645071066,29.511764800414447,46.53794019832455,41.21728671982385,980.8836009562232,980.25022922294,12.77,3.06,3.25,216.06,15546.0,2033439.0,3212180.0
2016,10,2194,CE,1.3285714285714283,29.47231903106201,28.05589574029808,53.94572002014944,48.90323493554817,983.4073086125182,982.806932777962,60.2,3.06,3.2,224.05,19779.0,6630692.0,8963663.0
2016,10,259,RN,4.628571428571427,28.723744448980927,27.51128164398293,61.888363287247365,56.86980470270221,1002.1338433819813,1001.555294431782,65.8,3.16,3.24,302.17,7181.0,2678787.0,3474998.0
2016,10,336,PB,5.074999999999999,27.18803713208186,25.82717075157977,60.67869770661368,55.464444203775486,973.9466986780304,973.3851911833063,70.83,3.0,3.2,304.16,10830.0,2935630.0,3999415.0
2016,10,904,PE,3.1333333333333324,27.404102659529443,25.96964483419633,58.9351735749502,53.64046199702908,965.4144583204214,964.8463292658588,95.95,2.98,3.11,266.12,11249.0,7477191.0,9410336.0
2016,10,251,AL,15.966666666666663,27.117847954049072,25.847932579211868,68.65821893920645,63.42390505220553,1000.667111973666,1000.1257739080328,120.62,2.89,3.19,243.61,5277.0,2297767.0,3358963.0
2016,10,172,SE,10.08,26.642260727607862,25.441587403798646,73.34697246737643,67.88895401769732,994.4422372009102,993.9055935580564,103.37,2.95,3.03,397.56,1318.0,1675875.0,2265779.0
2016,10,1055,BA,61.46190476190476,26.64450105417907,25.309248722395512,67.28278113631849,61.785301452769154,970.495266834404,969.912110858586,27.05,2.92,3.05,318.08,34764.0,10847503.0,15276566.0
2016,10,2355,MG,89.51851851851853,24.39608587368241,22.97540342416541,66.97766688396537,60.92305345031314,931.9534104183502,931.3884784729036,35.8,2.89,2.98,438.24,27583.0,17758443.0,20997560.0
2016,10,518,ES,92.4888888888889,23.486450473521195,22.455744653346457,79.2244976592591,74.48388958842578,991.2361577000056,990.6913475607348,86.22,2.88,2.97,432.13,6652.0,3307770.0,3973697.0
2016,10,745,RJ,95.23529411764704,22.1276613750503,21.125843457068694,81.67727197512532,76.74250897663069,978.8634016605135,978.3248839181576,379.98,2.74,2.75,660.38,6539.0,16033224.0,16635996.0
2016,10,6338,SP,106.24375000000003,23.00405212403032,21.592270921550668,72.17674419930273,66.01881787198755,944.0984774209988,943.499554500628,180.28,2.96,2.98,637.41,23128.0,42756931.0,44749699.0
2016,10,2401,PR,162.63478260869564,20.7071822144314,19.49573044905403,77.05270397490855,71.63851299505203,943.6813039716836,943.0803866035866,56.41,2.85,2.94,581.34,16361.0,9531126.0,11242720.0
2016,10,171,SC,198.39999999999992,17.860322038481762,16.843351088537336,82.68965678146243,77.77363406994557,944.527034407825,943.9101689907804,72.18,2.85,2.89,491.95,8629.0,5816186.0,6910553.0
2016,10,127,RS,241.0536585365853,18.40266736212672,17.271489999124828,79.54579743879577,74.49585912045345,976.8969592319218,976.231434396624,40.06,2.69,2.75,534.46,10291.0,9566801.0,11286500.0
2016,10,269,MS,101.07272727272726,25.482664027056128,23.97970109906544,63.919063001245725,58.71985211734755,967.3389370190948,966.7276906152698,7.51,2.88,3.05,602.61,5813.0,2270282.0,2682386.0
2016,10,414,MT,107.23076923076924,26.95332568513192,25.52160258728009,72.68060559339368,66.2221205990734,966.6153939801028,965.8361248201664,3.66,2.83,3.05,292.82,5263.0,2588797.0,3305531.0
2016,10,2655,GO,92.21,26.4464986831072,24.85930956261597,61.00898780585872,53.79744514187971,930.6950627827574,930.0471784405822,19.69,2.95,2.96,565.63,12717.0,6043805.0,6695855.0
2016,10,170,DF,387.5999999999998,24.115447523852776,22.542980463425728,64.81917310313501,57.67696501590192,896.5837800999544,896.0280781462973,515.09,3.05,2.98,962.49,2451.0,2875337.0,2977216.0
2016,11,382,RO,225.53333333333333,27.39281450305563,26.251995782734088,81.4499387771957,75.65465241203229,991.9486527083268,991.1951389171844,7.52,2.98,3.11,164.21,5417.0,1309638.0,1787279.0
2016,11,223,AC,130.79999999999998,27.386860498211007,26.03108822817516,83.01380208481993,77.1860157084586,985.8958646107704,985.1721405465854,4.98,3.39,3.54,127.5,1938.0,591481.0,816687.0
2016,11,472,AM,134.79999999999998,28.05079879230797,26.973741374239488,81.42027142891467,76.2872478186824,1003.8921194331572,1003.2010525514444,2.57,3.02,3.84,187.81,5175.0,2647223.0,4001667.0
2016,11,73,RR,3.0,29.653768844221112,28.262814070351773,67.8391959798995,61.92964824120606,999.906030150754,999.3201005025124,2.29,3.53,3.85,241.95,1038.0,394535.0,514229.0
2016,11,504,PA,64.35652173913044,28.23591993728921,27.09538605605049,75.90980230104844,70.61987629769787,993.6379399136144,993.0433881310132,6.63,2.99,3.63,62.26,40583.0,4968194.0,8272724.0
2016,11,137,AP,33.20000000000001,28.44687499999999,27.233819444444457,76.83541666666667,71.67916666666675,1008.4425694444442,1007.8977777777776,5.48,3.85,3.86,116.89,653.0,700361.0,782295.0
2016,11,341,TO,150.94444444444443,27.639278899945708,26.33824469094041,75.39393793811182,68.9625981061415,975.1616131815332,974.546965774946,5.52,3.26,3.15,457.07,2661.0,1285494.0,1532902.0
2016,11,214,MA,51.91999999999998,29.54893798017448,28.24863851584308,65.9685172195535,60.61319530783968,994.7142472821124,994.1199701189292,20.95,2.93,3.54,144.84,52643.0,3877680.0,6954036.0
2016,11,92,PI,25.578947368421048,31.05763298191931,29.54795057363309,49.66465443522184,44.49872705639252,980.0696151080303,979.4706346459604,12.77,3.06,3.25,216.06,15546.0,2033439.0,3212180.0
2016,11,2636,CE,0.9571428571428572,29.699000962797584,28.33918571201996,54.95097938857642,50.130372962649446,982.5988716031212,982.0269988100468,60.2,3.06,3.2,224.05,19779.0,6630692.0,8963663.0
2016,11,262,RN,3.2285714285714286,29.733384523353028,28.390919937422115,60.5558986149359,55.321667832372206,1001.2940855573436,1000.722440955102,65.8,3.16,3.24,302.17,7181.0,2678787.0,3474998.0
2016,11,138,PB,1.6000000000000003,27.192529552708127,25.883391425177148,63.26828396292683,58.25867030080799,971.3428322101536,970.8246188201542,70.83,3.0,3.2,304.16,10830.0,2935630.0,3999415.0
2016,11,873,PE,5.15,28.22501775113585,26.77448112221657,57.940567294711855,52.7874085308531,964.5146181941096,963.9699877610032,95.95,2.98,3.11,266.12,11249.0,7477191.0,9410336.0
2016,11,156,AL,13.439999999999998,27.1613284070732,25.92125956405819,70.2433647420925,65.14928570628402,997.61367342032,997.1136767922457,120.62,2.89,3.19,243.61,5277.0,2297767.0,3358963.0
2016,11,152,SE,7.32,27.1324638000309,25.977809959820743,72.0915897851955,66.95266998918251,993.3871773682584,992.8710921032296,103.37,2.95,3.03,397.56,1318.0,1675875.0,2265779.0
2016,11,1172,BA,98.89090909090906,26.441262249158665,25.20791182450472,70.48423100377843,65.00077136355613,969.596247004274,969.0422011229008,27.05,2.92,3.05,318.08,34764.0,10847503.0,15276566.0
2016,11,3102,MG,242.7824561403508,23.572794982946032,22.316308337578228,76.42940349741306,70.26025534778111,931.5534684619096,931.011871142698,35.8,2.89,2.98,438.24,27583.0,17758443.0,20997560.0
2016,11,768,ES,213.68888888888875,24.081046168645265,23.0069932025822,81.05598929158432,75.80210273371436,989.6289177015516,989.1110019238836,86.22,2.88,2.97,432.13,6652.0,3307770.0,3973697.0
2016,11,1009,RJ,320.9176470588234,22.800624500306697,21.74133625331028,82.3299213847333,76.96252498961516,977.3343451594712,976.823532305432,379.98,2.74,2.75,660.38,6539.0,16033224.0,16635996.0
2016,11,8919,SP,101.45454545454544,23.337988240544792,21.985183760313205,75.3276089507858,69.09435299961562,943.8067643705352,943.2584044879547,180.28,2.96,2.98,637.41,23128.0,42756931.0,44749699.0
2016,11,3050,PR,90.05833333333334,22.187522563089527,20.781801239879137,73.9425731905456,67.36019568086654,939.7384011657956,939.2055710013542,56.41,2.85,2.94,581.34,16361.0,9531126.0,11242720.0
2016,11,274,SC,103.952380952381,19.6596390642392,18.51315603891253,78.83378630597718,73.06473238992561,944.310305643231,943.7996406271444,72.18,2.85,2.89,491.95,8629.0,5816186.0,6910553.0
2016,11,176,RS,120.29523809523812,20.67436705080725,19.31593168682751,72.3268160757339,65.73545907079237,974.4823822996046,973.9264542879664,40.06,2.69,2.75,534.46,10291.0,9566801.0,11286500.0
2016,11,311,MS,77.46363636363635,25.99436964718813,24.57960918512714,67.66359840821085,61.11515185318047,966.6941307106212,966.1007427937164,7.51,2.88,3.05,602.61,5813.0,2270282.0,2682386.0
2016,11,638,MT,179.33333333333331,26.169808417587724,24.930508640456555,80.70844475644104,74.91630861690726,965.4504355640108,964.692782763454,3.66,2.83,3.05,292.82,5263.0,2588797.0,3305531.0
2016,11,3333,GO,177.447619047619,24.68222773918156,23.447299457831527,75.6831879341195,68.9080746801239,929.9891755277182,929.397927581712,19.69,2.95,2.96,565.63,12717.0,6043805.0,6695855.0
2016,11,209,DF,613.3999999999988,22.608297771455653,21.36666666666668,79.11332385016604,72.74158368895218,895.95808440019,895.4103366524417,515.09,3.05,2.98,962.49,2451.0,2875337.0,2977216.0
2016,12,950,RO,193.3999999999999,27.17001370722936,25.994137232347043,79.90721839503038,73.72091511353891,980.4247196069404,979.5944503080592,7.52,2.98,3.11,164.21,5417.0,1309638.0,1787279.0
2016,12,379,AC,226.6799999999998,27.206912233340702,25.839430112429323,85.14417422887492,79.59550852705178,986.6239287103504,985.8661894722752,4.98,3.39,3.54,127.5,1938.0,591481.0,816687.0
2016,12,559,AM,338.08749999999986,26.7224462435912,25.77634386394033,85.74458877291022,81.15817941627137,1005.0747643679564,1004.3863172616444,2.57,3.02,3.84,187.81,5175.0,2647223.0,4001667.0
2016,12,68,RR,113.0,28.774596774193547,27.59731182795701,67.85618279569894,62.79704301075266,1001.0713709677416,1000.4225806451618,2.29,3.53,3.85,241.95,1038.0,394535.0,514229.0
2016,12,637,PA,226.3583333333332,27.10400674465573,26.021215968383373,81.1661044251064,75.92660673130227,994.3071220868906,993.696058498481,6.63,2.99,3.63,62.26,40583.0,4968194.0,8272724.0
2016,12,75,AP,358.2999999999998,26.9437580202664,25.869944190008408,85.43747451154861,80.57044637229829,1009.1901267755215,1008.6233555688308,5.48,3.85,3.86,116.89,653.0,700361.0,782295.0
2016,12,435,TO,158.0444444444444,26.62248999372963,25.412937548553412,80.26300938102291,73.7020690941369,976.0830600945504,975.464818521624,5.52,3.26,3.15,457.07,2661.0,1285494.0,1532902.0
2016,12,230,MA,83.92857142857143,28.011022242974544,26.92701008239571,73.95783178700292,68.97152655621855,995.4218735881992,994.8437255840024,20.95,2.93,3.54,144.84,52643.0,3877680.0,6954036.0
2016,12,120,PI,61.810526315789474,29.5093587175818,28.08207050074679,60.84260117287317,54.829775230774935,980.8287155847802,980.237905194058,12.77,3.06,3.25,216.06,15546.0,2033439.0,3212180.0
2016,12,1997,CE,26.369230769230768,29.04409879132716,27.78531440632553,60.972026634675245,55.84420964034096,982.7410805332872,982.1944165368544,60.2,3.06,3.2,224.05,19779.0,6630692.0,8963663.0
2016,12,310,RN,33.2,29.454770538801267,28.23020985248625,64.06285851519996,58.74432244101092,1001.0523897274916,1000.5021203373489,65.8,3.16,3.24,302.17,7181.0,2678787.0,3474998.0
2016,12,74,PB,51.50000000000001,27.526638426613435,26.264387184266543,62.82047814843848,57.8233542628821,972.8624352107988,972.346043535501,70.83,3.0,3.2,304.16,10830.0,2935630.0,3999415.0
2016,12,714,PE,19.9,28.15801676816768,26.776785677759776,59.59206356983918,54.32219910137834,964.2301224747412,963.703763754184,95.95,2.98,3.11,266.12,11249.0,7477191.0,9410336.0
2016,12,162,AL,20.766666666666666,27.99085265140032,26.74915527909092,67.9559122109776,62.894063812137766,999.356719696574,998.8546375804297,120.62,2.89,3.19,243.61,5277.0,2297767.0,3358963.0
2016,12,207,SE,20.72,27.460635886734504,26.308364924789142,72.1024005158971,67.00611541025414,993.100017389792,992.579188114077,103.37,2.95,3.03,397.56,1318.0,1675875.0,2265779.0
2016,12,1409,BA,52.695238095238096,26.92097004665112,25.607308749610056,69.88383757380144,63.91058018841241,968.9315927626808,968.3885972506632,27.05,2.92,3.05,318.08,34764.0,10847503.0,15276566.0
2016,12,4661,MG,197.5724137931033,24.16963174882112,22.80756653138525,77.32122200253576,70.58935175806363,931.7570095082164,931.21517063152,35.8,2.89,2.98,438.24,27583.0,17758443.0,20997560.0
2016,12,1422,ES,173.9555555555555,25.64384179440573,24.490310101542928,80.26437973942704,74.64259432262702,988.9678846108866,988.4482275378164,86.22,2.88,2.97,432.13,6652.0,3307770.0,3973697.0
2016,12,1511,RJ,218.87058823529404,24.61389576853482,23.43423825378944,81.47681110157843,75.55293174478393,976.5226778272128,975.9963113382493,379.98,2.74,2.75,660.38,6539.0,16033224.0,16635996.0
2016,12,9112,SP,162.18749999999994,24.49722306820169,23.11131539336291,77.36000282511247,70.77211262168365,943.683765626946,943.1066111108828,180.28,2.96,2.98,637.41,23128.0,42756931.0,44749699.0
2016,12,3077,PR,174.13846153846148,23.234611783089967,22.0140306072262,81.5657757044739,75.63628993884805,942.131621089072,941.5953444467984,56.41,2.85,2.94,581.34,16361.0,9531126.0,11242720.0
2016,12,367,SC,212.46363636363628,21.454402945663663,20.34305101434993,83.17523608959901,77.82221932966121,942.1028998722852,941.5850232398724,72.18,2.85,2.89,491.95,8629.0,5816186.0,6910553.0
2016,12,298,RS,149.99512195121952,23.25661307219205,21.95878877011169,75.67948581708065,69.73116116302903,972.2485316705862,971.71462217104,40.06,2.69,2.75,534.46,10291.0,9566801.0,11286500.0
2016,12,460,MS,202.09565217391292,26.06200821498534,24.77076481284048,76.00198515987181,72.02254158431097,966.3292634779372,965.728491716886,7.51,2.88,3.05,602.61,5813.0,2270282.0,2682386.0
2016,12,955,MT,256.99310344827575,25.372331721083093,24.232230587392188,85.30601040222044,80.0615206078896,966.4488242493834,965.685661310424,3.66,2.83,3.05,292.82,5263.0,2588797.0,3305531.0
2016,12,4333,GO,159.49999999999997,25.01347813208298,23.66613411319863,75.68934510024306,68.53807228173117,930.5960147486924,930.003546560966,19.69,2.95,2.96,565.63,12717.0,6043805.0,6695855.0
2016,12,282,DF,490.9999999999996,23.003675136116144,21.573911070780383,75.665607985481,68.73684210526316,896.521334543804,895.9681797548792,515.09,3.05,2.98,962.49,2451.0,2875337.0,2977216.0
2017,1,1288,RO,230.3999999999998,26.9592008797654,25.69255254154448,79.92833577712611,73.59417766373411,981.6522513440856,980.8093322336266,7.59,2.89,3.03,138.51,4224.0,1328206.0,1805788.0
2017,1,834,AC,244.4399999999997,26.38623253885596,25.159969509026023,76.57422192419696,83.02897941010019,987.4292459275732,986.6591033646058,5.05,3.34,3.49,112.91,1320.0,600692.0,829619.0
2017,1,1247,AM,282.3599999999999,26.263360146235566,25.325079929697168,86.44223775011902,81.91303931301182,1005.851405562208,1005.1666833006504,2.61,2.93,3.74,182.73,4365.0,2695115.0,4063614.0
2017,1,177,RR,29.6,28.145161290322594,27.005241935483856,67.69489247311832,62.63709677419352,1002.0821236559142,1001.443951612904,2.33,3.48,3.83,242.74,969.0,401110.0,522636.0
2017,1,2425,PA,295.35199999999986,26.168343350785605,25.11182963548055,85.48740194916861,80.58599000599045,995.3228582871834,994.6729541747184,6.7,2.86,3.56,61.08,31902.0,4938397.0,8366628.0
2017,1,186,AP,347.0999999999998,25.7755376344086,24.91330645161291,89.66868279569891,85.71774193548377,1010.1440860215058,1009.5659274193548,5.59,3.77,3.77,116.76,816.0,713903.0,797722.0
2017,1,1312,TO,209.03529411764703,26.02158890357182,24.80919265700349,83.35032564850087,76.78044205286011,976.6648401549214,976.049397795228,5.58,3.13,3.08,452.08,2057.0,1280962.0,1550194.0
2017,1,469,MA,229.04615384615377,27.198595622410064,26.106657319825647,79.7404996905409,74.72522057281012,996.4761733824744,995.8543050806272,21.09,2.86,3.46,130.19,44360.0,3922233.0,7000229.0
2017,1,241,PI,65.18823529411765,29.053346103396954,27.60827836427156,65.11859729423077,58.915421620924526,982.1612553527756,981.5369633423256,12.79,2.99,3.17,207.53,12033.0,2033500.0,3219257.0
2017,1,3796,CE,59.2923076923077,28.619637684332886,27.34040128227644,65.39083293217813,59.945034190940405,983.0793332617632,982.5138089133412,60.59,2.98,3.13,218.55,16133.0,6666696.0,9020460.0
2017,1,625,RN,23.2,29.36789569387832,28.153995484261287,65.15429788445971,59.91030888824913,1001.3206430333056,1000.7716431637392,66.41,3.11,3.17,291.8,4053.0,2718552.0,3507003.0
2017,1,186,PB,46.575,27.5722178472095,26.307056203933104,63.73188361037342,58.689678222449935,973.0927619291496,972.575132525763,71.29,2.95,3.15,306.73,7607.0,2959029.0,4025558.0
2017,1,1000,PE,7.633333333333333,28.138682496640484,26.772373009165168,59.11009473165236,54.149300804159765,964.5484245559402,964.0289538250972,96.59,2.91,3.04,250.38,8913.0,7528327.0,9473266.0
2017,1,206,AL,18.500000000000004,28.0046146953405,26.75849014336918,67.1776433691756,62.05689964157705,999.8000896057348,999.3148073476702,121.22,2.88,3.1,217.97,5214.0,2376534.0,3375823.0
2017,1,175,SE,3.08,27.577598300988434,26.335955440744435,69.91194843630147,64.46028053951581,993.5800565492984,993.0941516157972,104.39,2.86,2.95,379.64,1805.0,1693853.0,2288116.0
2017,1,3033,BA,22.96666666666667,27.796957085391835,26.282336909604982,63.98529726608093,57.840062117303965,969.2418201343198,968.7126989973768,27.17,2.85,2.97,315.26,23901.0,10925938.0,15344447.0
2017,1,9962,MG,114.7438596491228,25.33029365905365,23.846948094693616,71.23235973361143,64.37724282331597,932.5625082698576,932.0440082130264,36.01,2.84,2.92,373.15,16658.0,17929528.0,21119536.0
2017,1,1986,ES,28.77777777777777,27.19199611239739,25.75090814358288,71.58321581049552,65.25779543210496,989.4827451092528,988.9981742978358,87.15,2.82,2.91,412.14,4696.0,3365495.0,4016356.0
2017,1,2531,RJ,224.58749999999992,25.98698113729643,24.71410127475816,79.91542804973044,73.6766233580664,976.6640786514464,976.1628294283051,381.87,2.68,2.7,655.66,3850.0,16084849.0,16718956.0
2017,1,10185,SP,283.69999999999976,24.47733325181309,23.25463410676081,82.42003767461648,76.35174215190382,944.5740352329886,944.0258536438704,181.67,2.9,2.92,628.86,16944.0,42982604.0,45094866.0
2017,1,4382,PR,197.87692307692305,24.097536724978447,22.784985958747168,83.58887397846355,77.17046770294623,942.5147529172692,941.9690903164076,56.8,2.79,2.89,577.02,12354.0,9581656.0,11320892.0
2017,1,571,SC,202.79047619047608,23.048408331236168,21.846548838519503,80.0695214199895,74.8989241324422,942.7492424029034,942.2311106312324,73.13,2.77,2.84,480.21,7751.0,5843771.0,7001161.0
2017,1,476,RS,143.0829268292683,24.10340974672855,22.85438576768801,81.3035464409389,75.57617339053486,972.181121081874,971.630239853808,40.19,2.63,2.7,523.63,8573.0,9612991.0,11322895.0
2017,1,889,MS,188.9391304347825,26.392219887086508,25.070168597327378,76.2766659739718,72.33810220444944,967.0131216104204,966.3953724742944,7.6,2.85,3.01,598.95,3044.0,2313240.0,2713147.0
2017,1,1545,MT,245.72142857142848,25.60059997093844,24.39590777983973,84.53889977378547,78.9742156061733,967.2694086796351,966.503492575977,3.7,2.71,3.0,292.71,4223.0,2564525.0,3344544.0
2017,1,7135,GO,180.89,24.9743874247274,23.628662885104458,76.09471723293025,68.98672856279263,931.074733096371,930.50955628032,19.93,2.89,2.91,546.81,10373.0,6110768.0,6778772.0
2017,1,408,DF,458.4,23.200991437584467,21.660928346101848,75.26678684091927,67.8904912122578,896.855926092835,896.3453808021638,525.86,2.99,2.92,789.67,1573.0,2935435.0,3039444.0
2017,2,1218,RO,272.4,26.776358713274053,25.60084778408747,83.48927233795406,77.2341589124066,983.6024231526584,982.7907562071244,7.59,2.89,3.03,138.51,4224.0,1328206.0,1805788.0
2017,2,812,AC,131.03999999999994,27.25719123092497,25.830469951269134,73.25143912845493,68.32211528489589,986.2895412800752,985.5365960204708,5.05,3.34,3.49,112.91,1320.0,600692.0,829619.0
2017,2,1353,AM,274.07999999999987,26.386507957355768,25.51218330200665,86.3708643117343,81.68570912947642,1004.3442571213104,1003.6499888770736,2.61,2.93,3.74,182.73,4365.0,2695115.0,4063614.0
2017,2,288,RR,59.333333333333336,19.549889424862737,18.77913640659401,69.42032484301411,66.05897164738629,971.389995559466,970.8092103529376,2.33,3.48,3.83,242.74,969.0,401110.0,522636.0
2017,2,3396,PA,341.0071428571426,25.89453186406812,24.9285682702764,86.81892732202486,81.92362256840073,995.0017078213568,994.359775598709,6.7,2.86,3.56,61.08,31902.0,4938397.0,8366628.0
2017,2,241,AP,463.0999999999997,25.53697916666666,24.645461309523803,90.28273809523807,86.23214285714289,1010.2045386904758,1009.6393601190476,5.59,3.77,3.77,116.76,816.0,713903.0,797722.0
2017,2,2641,TO,298.14736842105253,25.293079091921715,24.255263755741368,86.44924994443254,80.35092503256787,976.9728910687554,976.3536624136168,5.58,3.13,3.08,452.08,2057.0,1280962.0,1550194.0
2017,2,1793,MA,210.2749999999999,26.61941319279174,25.60311112994016,83.119390620324,78.33947146817255,996.9180158870404,996.3073448944796,21.09,2.86,3.46,130.19,44360.0,3922233.0,7000229.0
2017,2,319,PI,167.7176470588235,27.08772211295945,25.92833732295281,78.02875030603086,72.29713220398439,981.5909908075904,980.9962739296884,12.79,2.99,3.17,207.53,12033.0,2033500.0,3219257.0
2017,2,7717,CE,141.21666666666667,27.535100139332805,26.360552627182045,74.05037652403385,68.74301212929511,983.178306900147,982.639762224282,60.59,2.98,3.13,218.55,16133.0,6666696.0,9020460.0
2017,2,825,RN,133.44000000000003,28.86406270381992,27.695509657407488,69.05487976923196,63.6102098377077,1001.1378428226236,1000.556822733036,66.41,3.11,3.17,291.8,4053.0,2718552.0,3507003.0
2017,2,304,PB,65.02500000000002,27.32209599920612,26.105042903347726,67.6838734936965,62.015349931536285,972.7666023290642,972.2388660049464,71.29,2.95,3.15,306.73,7607.0,2959029.0,4025558.0
2017,2,1143,PE,42.67272727272727,27.91575051881108,26.59533655777213,61.52430530733669,56.15680956525788,961.57705376668,961.0503478265722,96.59,2.91,3.04,250.38,8913.0,7528327.0,9473266.0
2017,2,165,AL,24.933333333333334,28.24880952380952,27.055877976190484,67.61483134920633,62.570932539682566,999.2575396825396,998.7718005952382,121.22,2.88,3.1,217.97,5214.0,2376534.0,3375823.0
2017,2,112,SE,15.4,27.715446428571425,26.534613095238097,70.71845238095234,65.51845238095237,993.0695238095236,992.5941666666668,104.39,2.86,2.95,379.64,1805.0,1693853.0,2288116.0
2017,2,2214,BA,81.9952380952381,26.82541521781205,25.505394829968047,71.41835240024608,65.37026605406004,969.7273960132316,969.1977512041082,27.17,2.85,2.97,315.26,23901.0,10925938.0,15344447.0
2017,2,9612,MG,139.13684210526313,24.34918832928075,22.95716055978912,76.7207244919201,70.180743578594,932.4249116003184,931.915600398659,36.01,2.84,2.92,373.15,16658.0,17929528.0,21119536.0
2017,2,1341,ES,69.30909090909093,25.9791425770888,24.627279702558745,79.49700952678309,73.06504239596937,987.0847812967731,986.6279858801412,87.15,2.82,2.91,412.14,4696.0,3365495.0,4016356.0
2017,2,2185,RJ,104.03749999999998,25.65827515060685,24.36875140054484,78.40245574937884,72.17697378393079,977.4038999914331,976.9345172988676,381.87,2.68,2.7,655.66,3850.0,16084849.0,16718956.0
2017,2,10735,SP,82.825,25.9535842602166,24.492049763456965,74.90337104106304,68.01619783390433,946.395496267525,945.8638884620984,181.67,2.9,2.92,628.86,16944.0,42982604.0,45094866.0
2017,2,3373,PR,130.576,24.93271161386928,23.556416252825848,79.77600116152406,73.12270800049,942.6091832787798,942.0849264730956,56.8,2.79,2.89,577.02,12354.0,9581656.0,11320892.0
2017,2,378,SC,136.87272727272727,23.394211810446706,22.234270878392017,80.71914474858977,75.3405406007943,942.87103770899,942.3826577139948,73.13,2.77,2.84,480.21,7751.0,5843771.0,7001161.0
2017,2,238,RS,145.39473684210526,24.30729408726848,23.06119914291812,82.32125953330656,76.55634419510677,969.4675569079088,968.9476795908964,40.19,2.63,2.7,523.63,8573.0,9612991.0,11322895.0
2017,2,871,MS,124.52173913043474,26.7990325738559,25.426028054281467,73.22736313111106,70.6881097921086,966.7282603183636,966.0677315027204,7.6,2.85,3.01,598.95,3044.0,2313240.0,2713147.0
2017,2,1968,MT,252.5259259259257,25.27798065782014,24.14800242669844,86.4865176067414,81.34494287212073,967.054679370122,966.2764321982409,3.7,2.71,3.0,292.71,4223.0,2564525.0,3344544.0
2017,2,8596,GO,189.37142857142848,24.45334056433331,23.141756892426887,79.41382774716313,72.45768140796076,930.8890516280612,930.323392161482,19.93,2.89,2.91,546.81,10373.0,6110768.0,6778772.0
2017,2,469,DF,901.8,22.374824307565124,21.04563869367508,80.59322033898292,73.98470442331549,897.150434063663,896.631417941298,525.86,2.99,2.92,789.67,1573.0,2935435.0,3039444.0
2017,3,1448,RO,265.5199999999999,27.34438576132823,26.05514004671085,82.57505550964062,75.904698757387,983.54487602891,982.7590736386996,7.59,2.89,3.03,138.51,4224.0,1328206.0,1805788.0
2017,3,646,AC,192.28,27.245691879686312,25.839129264613888,73.9459489283492,69.0248024774438,986.2800611863656,985.4658906062316,5.05,3.34,3.49,112.91,1320.0,600692.0,829619.0
2017,3,1244,AM,320.9899999999999,26.76486967607485,25.75132842486539,86.84012847370101,81.93138461387505,1004.8873799456404,1004.1338047790904,2.61,2.93,3.74,182.73,4365.0,2695115.0,4063614.0
2017,3,528,RR,128.35000000000002,26.065507096447806,25.070065460350463,74.77608648485653,71.06137767525526,977.3575024664776,976.7270375071444,2.33,3.48,3.83,242.74,969.0,401110.0,522636.0
2017,3,2535,PA,345.08461538461523,26.15404412336665,25.13703829156902,86.2068261115607,81.162993046173,995.963243790301,995.2892010444002,6.7,2.86,3.56,61.08,31902.0,4938397.0,8366628.0
2017,3,255,AP,569.0,25.620833333333334,24.772446236559155,90.97849462365583,87.22983870967744,1010.2502016129032,1009.6601478494622,5.59,3.77,3.77,116.76,816.0,713903.0,797722.0
2017,3,2954,TO,185.93,26.34748978080521,25.14070504653897,83.9829589921103,77.09554175726434,976.8178813585232,976.1714877112508,5.58,3.13,3.08,452.08,2057.0,1280962.0,1550194.0
2017,3,2486,MA,295.2461538461536,26.567952241643187,25.53797416071088,84.03766711807388,79.2974025515347,996.3547034897208,995.7095400146576,21.09,2.86,3.46,130.19,44360.0,3922233.0,7000229.0
2017,3,751,PI,151.77777777777771,27.037231314684547,25.806166243462737,79.3672398237819,73.41895425689535,981.7248195567512,981.0857874707784,12.79,2.99,3.17,207.53,12033.0,2033500.0,3219257.0
2017,3,14685,CE,168.3285714285714,26.300948731631888,25.21700071676073,83.60614733247148,78.8486165547491,983.759958364362,982.995424753048,60.59,2.98,3.13,218.55,16133.0,6666696.0,9020460.0
2017,3,1404,RN,89.11428571428571,28.1815170652214,27.126219958499767,76.66553910391555,70.9964144625606,1001.3026161084476,1000.6754838314118,66.41,3.11,3.17,291.8,4053.0,2718552.0,3507003.0
2017,3,598,PB,79.72500000000002,26.93236829624971,25.789591217062668,73.06887892048465,67.37539835432663,972.793270987474,972.2506294052176,71.29,2.95,3.15,306.73,7607.0,2959029.0,4025558.0
2017,3,1650,PE,51.581818181818186,27.89185942938581,26.5851332894821,63.94387727135695,58.42633339442816,961.6044059071268,961.04950359032,96.59,2.91,3.04,250.38,8913.0,7528327.0,9473266.0
2017,3,310,AL,20.46666666666667,28.436103992898545,27.26012356379593,68.84936815395439,63.85002135463771,999.0123934361706,998.493580628412,121.22,2.88,3.1,217.97,5214.0,2376534.0,3375823.0
2017,3,182,SE,45.64,27.987818174268945,26.79503607453488,72.62095353009731,67.26948172187727,990.895969747512,990.3707268620456,104.39,2.86,2.95,379.64,1805.0,1693853.0,2288116.0
2017,3,2169,BA,83.1857142857143,27.041044373136085,25.70901915943968,70.53914077913566,64.61023147961245,968.7820168060244,968.2320312630196,27.17,2.85,2.97,315.26,23901.0,10925938.0,15344447.0
2017,3,11260,MG,102.62857142857142,24.44317236987936,22.97675496559591,73.72808606141092,67.0621250751581,932.6834767659736,932.1797935863518,36.01,2.84,2.92,373.15,16658.0,17929528.0,21119536.0
2017,3,2277,ES,74.35384615384618,25.67644150477125,24.34290481957736,77.08219135452308,70.84733774455637,987.855174249544,987.3582724707356,87.15,2.82,2.91,412.14,4696.0,3365495.0,4016356.0
2017,3,2501,RJ,184.9375,24.404874052985456,23.18742043139701,81.39242683397676,75.58002368703751,977.8705535796064,977.4069715056796,381.87,2.68,2.7,655.66,3850.0,16084849.0,16718956.0
2017,3,12033,SP,151.70322580645157,24.04582757651576,22.76028736699831,78.14704372628164,72.21333521063904,949.1559196287408,948.6512531943716,181.67,2.9,2.92,628.86,16944.0,42982604.0,45094866.0
2017,3,3708,PR,106.91666666666666,23.52603893644228,22.244188579291635,80.2803924861225,74.26021506603001,943.9504172290556,943.4598058532996,56.8,2.79,2.89,577.02,12354.0,9581656.0,11320892.0
2017,3,344,SC,128.5727272727272,21.043129266472008,19.997179049283105,82.02201611915555,77.18565190951354,945.0262984946532,944.5606863344892,73.13,2.77,2.84,480.21,7751.0,5843771.0,7001161.0
2017,3,235,RS,145.2428571428571,22.0751031922776,20.872917014369,80.75682070714862,75.48225419341675,975.8756786545172,975.385533147288,40.19,2.63,2.7,523.63,8573.0,9612991.0,11322895.0
2017,3,957,MS,125.03636363636366,26.26632951976256,24.995400050963685,75.33932623594653,68.51012830575348,967.7210691024025,967.1615203568196,7.6,2.85,3.01,598.95,3044.0,2313240.0,2713147.0
2017,3,2449,MT,200.5478260869565,25.89657989639224,24.686502923771755,85.18505620073132,79.74922119392606,967.3969627481938,966.6180346079636,3.7,2.71,3.0,292.71,4223.0,2564525.0,3344544.0
2017,3,12724,GO,169.37142857142857,25.05672194662936,23.696856755658803,77.3213005622743,70.15671947509523,931.1395882272664,930.574418843864,19.93,2.89,2.91,546.81,10373.0,6110768.0,6778772.0
2017,3,919,DF,616.3999999999999,23.099491353000968,21.599457443201075,77.84910139030178,70.49508307900973,897.3949474398097,896.8735164462524,525.86,2.99,2.92,789.67,1573.0,2935435.0,3039444.0
2017,4,570,RO,161.95000000000002,27.363005511256503,26.06812289920262,81.29394245666643,74.8221637133965,984.521233102751,983.7710617778688,7.59,2.89,3.03,138.51,4224.0,1328206.0,1805788.0
2017,4,432,AC,204.5333333333333,25.478659849209883,24.502104617736173,88.00592420568998,83.72404209534551,987.8743238883698,987.2218642223291,5.05,3.34,3.49,112.91,1320.0,600692.0,829619.0
2017,4,965,AM,305.3777777777776,26.85271703133936,25.90551849089923,87.6349947288958,82.98164438622909,1005.3062792218868,1004.5785873747708,2.61,2.93,3.74,182.73,4365.0,2695115.0,4063614.0
2017,4,479,RR,127.4,26.72113426609905,25.637111052744853,70.28978476531289,66.6047823394654,971.4531090017188,970.836345282912,2.33,3.48,3.83,242.74,969.0,401110.0,522636.0
2017,4,1058,PA,272.6692307692306,26.642086767048312,25.563034918587512,85.74221044303818,80.54201476293652,995.9949211208996,995.3167956188778,6.7,2.86,3.56,61.08,31902.0,4938397.0,8366628.0
2017,4,107,AP,398.3999999999997,26.396466503267973,25.46935049019609,89.26482843137255,84.84513888888888,1010.2176838235288,1009.6094648692812,5.59,3.77,3.77,116.76,816.0,713903.0,797722.0
2017,4,2207,TO,136.42,27.209144377426465,25.891179069341987,81.00990836641438,73.75714045803285,977.0438267521588,976.4457266743456,5.58,3.13,3.08,452.08,2057.0,1280962.0,1550194.0
2017,4,1270,MA,222.0142857142856,27.0995180841932,25.980739465630883,82.01095022737128,76.99125623488588,996.3737007631944,995.7540375516364,21.09,2.86,3.46,130.19,44360.0,3922233.0,7000229.0
2017,4,1001,PI,96.0470588235294,27.505354917503485,26.23775150513587,76.3090764344391,70.2891098550501,981.9652330109571,981.3688402191342,12.79,2.99,3.17,207.53,12033.0,2033500.0,3219257.0
2017,4,23061,CE,148.5333333333333,26.74554859924433,25.663324210698363,80.73993625709082,75.7314722979313,986.3744135083372,985.8045440358673,60.59,2.98,3.13,218.55,16133.0,6666696.0,9020460.0
2017,4,1180,RN,88.25714285714287,28.185481452389432,27.094199319998427,75.75401263968561,70.23142165151734,1001.9005706146652,1001.2979061702142,66.41,3.11,3.17,291.8,4053.0,2718552.0,3507003.0
2017,4,377,PB,158.19999999999993,26.61902478448276,25.477371288314178,74.3144179537835,68.70392346144635,973.2740301724136,972.7343660201152,71.29,2.95,3.15,306.73,7607.0,2959029.0,4025558.0
2017,4,1645,PE,79.38181818181819,26.76533943560352,25.562928124301365,70.44518947919971,65.03505762769535,962.3865186319936,961.8509810123364,96.59,2.91,3.04,250.38,8913.0,7528327.0,9473266.0
2017,4,403,AL,138.54999999999998,27.63606608320649,26.49965848554033,74.33684672521436,69.19857650896152,999.8639060121764,999.348157661086,121.22,2.88,3.1,217.97,5214.0,2376534.0,3375823.0
2017,4,173,SE,98.1,26.6756442219578,25.585058570388487,80.72582133974629,75.37532246596592,991.6577598274208,991.169057042117,104.39,2.86,2.95,379.64,1805.0,1693853.0,2288116.0
2017,4,1556,BA,75.2604651162791,26.244360893484007,25.00738312265628,74.65363717226211,68.88219412212868,969.84677820967,969.330292873713,27.17,2.85,2.97,315.26,23901.0,10925938.0,15344447.0
2017,4,7568,MG,49.02592592592594,23.41608673138615,22.028205898100172,74.62245610189959,68.56425403804217,933.937217938054,933.4681693427096,36.01,2.84,2.92,373.15,16658.0,17929528.0,21119536.0
2017,4,1421,ES,39.06153846153848,24.48383403249009,23.251450915219724,79.52510779379817,73.65183872409519,989.5242763726023,989.0522969704376,87.15,2.82,2.91,412.14,4696.0,3365495.0,4016356.0
2017,4,1836,RJ,124.35294117647057,22.48515426324164,21.460807251471124,83.67429877222592,78.7278036302421,979.8505825302416,979.3857139824596,381.87,2.68,2.7,655.66,3850.0,16084849.0,16718956.0
2017,4,8059,SP,123.5333333333333,22.300826272303283,21.114476132789296,79.3052419867168,74.17991601746759,950.3328746037508,949.8465572909618,181.67,2.9,2.92,628.86,16944.0,42982604.0,45094866.0
2017,4,2120,PR,103.82400000000004,20.193628179552206,19.078080686072813,81.5620358264043,76.5418446844584,945.289093246346,944.8019573582104,56.8,2.79,2.89,577.02,12354.0,9581656.0,11320892.0
2017,4,261,SC,105.68181818181816,18.508705533063186,17.480557797965584,80.7513711890534,76.7420232517739,946.0388592043048,945.5275150105408,73.13,2.77,2.84,480.21,7751.0,5843771.0,7001161.0
2017,4,90,RS,193.06190476190463,18.855523308190367,17.77919567802414,79.89916063128699,75.08114841537227,976.7202309871728,976.197773373697,40.19,2.63,2.7,523.63,8573.0,9612991.0,11322895.0
2017,4,679,MS,148.82,23.710323227152426,22.48283989382411,75.21523766567985,70.95194383656022,969.2719983292842,968.7210022639044,7.6,2.85,3.01,598.95,3044.0,2313240.0,2713147.0
2017,4,1811,MT,133.52631578947367,25.912052256469952,24.69938814548693,83.96989002418499,78.76056224658734,967.9667765942932,967.2324112188412,3.7,2.71,3.0,292.71,4223.0,2564525.0,3344544.0
2017,4,12452,GO,78.81818181818183,24.871111317754032,23.54305442770457,74.78916744252746,68.22845516566093,931.9388858886016,931.4410527366822,19.93,2.89,2.91,546.81,10373.0,6110768.0,6778772.0
2017,4,932,DF,151.60000000000002,23.14634743096821,21.70146801817543,75.36176162181064,68.49842712338331,898.1566585110115,897.6947221251312,525.86,2.99,2.92,789.67,1573.0,2935435.0,3039444.0
2017,5,405,RO,108.96,28.114643987660244,26.725573527767835,78.97485805603395,71.97605447832555,985.30376776639,984.6165920678128,7.59,2.89,3.03,138.51,4224.0,1328206.0,1805788.0
2017,5,330,AC,55.066666666666656,26.78968930934657,25.386184346567408,85.06219351884673,78.3828281933121,989.039124350112,988.4480562448302,5.05,3.34,3.49,112.91,1320.0,600692.0,829619.0
2017,5,678,AM,184.625,27.652411550010456,26.51603167018246,85.98479813990218,80.42088952088449,1005.5263174914476,1004.8701477168672,2.61,2.93,3.74,182.73,4365.0,2695115.0,4063614.0
2017,5,794,RR,285.6666666666666,26.05156909735265,24.96711672026529,79.27148587238095,75.17073239223832,972.1162287527728,971.5021198979914,2.33,3.48,3.83,242.74,969.0,401110.0,522636.0
2017,5,1023,PA,113.23846153846154,27.38590360868263,26.234489121759594,82.09034621191286,76.69906101481422,996.46510584606,995.6955256702852,6.7,2.86,3.56,61.08,31902.0,4938397.0,8366628.0
2017,5,156,AP,206.99999999999983,27.578494623655928,26.672580645161304,84.58198924731185,79.90725806451613,1010.26935483871,1009.6759408602146,5.59,3.77,3.77,116.76,816.0,713903.0,797722.0
2017,5,2462,TO,17.96666666666667,27.6006104709108,26.105624093788368,72.97491100076553,65.6711261235538,977.6937664051466,977.1932629742938,5.58,3.13,3.08,452.08,2057.0,1280962.0,1550194.0
2017,5,1148,MA,120.24999999999996,27.532595392372297,26.371792293350943,78.5341687367337,73.40042775319466,996.972174291668,996.3960552752897,21.09,2.86,3.46,130.19,44360.0,3922233.0,7000229.0
2017,5,2085,PI,49.02352941176471,28.19123749619548,26.79389652771228,67.47785208432302,61.54498505924818,983.7123833691336,983.1786308669784,12.79,2.99,3.17,207.53,12033.0,2033500.0,3219257.0
2017,5,15932,CE,87.04615384615386,27.15757530397347,25.96445684433797,74.79216821500836,69.92838388802878,984.4960062887476,983.9894020559044,60.59,2.98,3.13,218.55,16133.0,6666696.0,9020460.0
2017,5,927,RN,67.76666666666667,28.34168776670055,27.146852809964525,71.68906249712926,67.80060793716908,1003.3296148623972,1002.8266033193,66.41,3.11,3.17,291.8,4053.0,2718552.0,3507003.0
2017,5,334,PB,120.48571428571424,25.946154696849696,24.858442859332907,75.0971588818657,70.15539663485467,974.3182573332008,973.8364970000556,71.29,2.95,3.15,306.73,7607.0,2959029.0,4025558.0
2017,5,2604,PE,131.68333333333322,25.76360843923516,24.673668883867112,73.35720138007264,68.95991759042039,966.2549224807065,965.7717688713316,96.59,2.91,3.04,250.38,8913.0,7528327.0,9473266.0
2017,5,585,AL,403.8399999999999,25.872962003687107,24.940418328105608,80.80227319172663,76.5878740087863,1001.1535282781851,1000.6902034691656,121.22,2.88,3.1,217.97,5214.0,2376534.0,3375823.0
2017,5,211,SE,173.7142857142857,25.39799931267779,24.432190001916982,84.13819952033514,79.2878129860912,992.8821019742344,992.4296871299696,104.39,2.86,2.95,379.64,1805.0,1693853.0,2288116.0
2017,5,1644,BA,58.35714285714285,25.410659180304847,24.137814278838302,73.04764755632259,67.63023329676233,971.1550548580456,970.6526367623464,27.17,2.85,2.97,315.26,23901.0,10925938.0,15344447.0
2017,5,6220,MG,56.90909090909092,21.58312185941758,20.234055544717314,75.55714146178639,69.88381795243367,935.3817309238584,934.9123278451856,36.01,2.84,2.92,373.15,16658.0,17929528.0,21119536.0
2017,5,1203,ES,82.2909090909091,22.260297512280932,21.1468924268187,81.6990216286348,76.25171453910195,989.2282873171677,988.75263453715,87.15,2.82,2.91,412.14,4696.0,3365495.0,4016356.0
2017,5,1905,RJ,78.44705882352945,20.3853432852155,19.354342344802365,84.98900845813985,80.25329753008398,980.943348895702,980.4669129412608,381.87,2.68,2.7,655.66,3850.0,16084849.0,16718956.0
2017,5,6070,SP,129.42352941176472,20.85823858066473,19.74477473042699,81.13078562156296,76.32725062163733,950.9868920212596,950.4810277614224,181.67,2.9,2.92,628.86,16944.0,42982604.0,45094866.0
2017,5,1610,PR,193.14615384615377,19.40921941774596,18.44357764148522,86.21450480312501,82.0179315309897,945.5806221324568,945.0399703894404,56.8,2.79,2.89,577.02,12354.0,9581656.0,11320892.0
2017,5,194,SC,275.24761904761885,17.128441056557595,16.280740783117395,85.06466843868857,85.65046425526386,942.7918020480892,942.247286356157,73.13,2.77,2.84,480.21,7751.0,5843771.0,7001161.0
2017,5,93,RS,287.2292682926828,17.11760802982489,16.253141993508482,87.36668612308286,83.81085727041227,976.9955532157516,976.4187409026274,40.19,2.63,2.7,523.63,8573.0,9612991.0,11322895.0
2017,5,551,MS,126.7,23.49548292365186,22.42994174082684,78.76613755269183,75.49256559242252,969.625022967276,969.1095032477951,7.6,2.85,3.01,598.95,3044.0,2313240.0,2713147.0
2017,5,1222,MT,35.026086956521745,26.14068820463141,24.81828453467749,80.42249306945861,74.77849526515021,967.8495560383732,967.197362044323,3.7,2.71,3.0,292.71,4223.0,2564525.0,3344544.0
2017,5,14627,GO,56.330000000000005,24.15962038493732,22.731176096348527,70.97525549996178,64.35701177500665,932.9686007856128,932.5032101879376,19.93,2.89,2.91,546.81,10373.0,6110768.0,6778772.0
2017,5,1266,DF,163.60000000000008,21.73899392302501,20.22538825118164,73.85516542876432,67.09655638082364,899.1991897366657,898.770627954085,525.86,2.99,2.92,789.67,1573.0,2935435.0,3039444.0
2017,6,282,RO,6.199999999999999,26.180208895152933,24.679743909908296,74.36478830871293,67.55042301150007,983.7167309043718,983.2330561704804,7.59,2.89,3.03,138.51,4224.0,1328206.0,1805788.0
2017,6,243,AC,16.200000000000003,26.18131410219619,24.74768549065012,69.9245229739918,65.14239062759161,989.3589262183372,988.8847783886577,5.05,3.34,3.49,112.91,1320.0,600692.0,829619.0
2017,6,447,AM,121.6,27.13571661655853,26.040866149826908,84.93882876743818,79.8112842303643,1006.3528851483898,1005.804195769137,2.61,2.93,3.74,182.73,4365.0,2695115.0,4063614.0
2017,6,804,RR,274.8,25.777151917652247,24.66190344483354,81.2469798716587,76.66640981746353,972.4294058525104,971.836537675333,2.33,3.48,3.83,242.74,969.0,401110.0,522636.0
2017,6,532,PA,76.224,27.41751053408935,26.18224288968481,77.30230702569293,71.51518453852863,996.4293896562058,995.772105106656,6.7,2.86,3.56,61.08,31902.0,4938397.0,8366628.0
2017,6,110,AP,107.00000000000004,27.61433021806852,26.70109034267911,83.18535825545166,78.48753894080997,1010.6364485981308,1010.078816199376,5.59,3.77,3.77,116.76,816.0,713903.0,797722.0
2017,6,1260,TO,7.460000000000002,26.364723241234387,24.68570734253336,64.64871560201044,57.5301116589128,978.8438878695448,978.3740995535871,5.58,3.13,3.08,452.08,2057.0,1280962.0,1550194.0
2017,6,558,MA,49.96666666666665,27.267118165285783,25.97499171221528,72.87238990873601,67.31916029616013,997.3310377909432,996.8253125806234,21.09,2.86,3.46,130.19,44360.0,3922233.0,7000229.0
2017,6,1710,PI,10.810526315789472,27.93792639112166,26.48811349399132,59.276028198023845,53.85078949136695,983.9343089023,983.4274086442445,12.79,2.99,3.17,207.53,12033.0,2033500.0,3219257.0
2017,6,7329,CE,34.215384615384615,27.18331572663584,25.953980178359767,69.33060998078383,64.61507905043624,986.6822707402184,986.1954933354508,60.59,2.98,3.13,218.55,16133.0,6666696.0,9020460.0
2017,6,796,RN,58.02857142857144,27.561080660835767,26.415923901306552,65.43188084757715,62.948725660660166,1004.040575612785,1003.5622640913508,66.41,3.11,3.17,291.8,4053.0,2718552.0,3507003.0
2017,6,443,PB,118.0,24.761639731364536,23.6922426329889,76.28908399417678,71.45386343859144,975.5310142755604,975.0844010910253,71.29,2.95,3.15,306.73,7607.0,2959029.0,4025558.0
2017,6,2455,PE,126.15999999999993,23.754686267048168,22.760655008793652,74.97840693043669,74.89771724062386,967.7519310721416,967.3069470315532,96.59,2.91,3.04,250.38,8913.0,7528327.0,9473266.0
2017,6,627,AL,165.83999999999995,24.885586547634983,23.82944588848868,82.55410207579702,76.92917538597415,1002.819266571391,1002.3777763908917,121.22,2.88,3.1,217.97,5214.0,2376534.0,3375823.0
2017,6,116,SE,153.36666666666667,24.19243190482513,23.178369192591443,86.84266728453598,82.01943943647404,994.630022238524,994.20893141019,104.39,2.86,2.95,379.64,1805.0,1693853.0,2288116.0
2017,6,1142,BA,40.50697674418606,24.4620381572621,23.10477369886328,71.24190297123721,65.27376943402821,972.9497948014366,972.463823470288,27.17,2.85,2.97,315.26,23901.0,10925938.0,15344447.0
2017,6,3346,MG,16.519298245614035,20.43576751807924,18.90435894816015,71.92930342169777,65.88597376637713,937.0410442639188,936.6030186883662,36.01,2.84,2.92,373.15,16658.0,17929528.0,21119536.0
2017,6,902,ES,60.60000000000001,21.95689466237971,20.74456152719244,82.495772887891,76.9308038197308,991.3058923017963,990.863454625688,87.15,2.82,2.91,412.14,4696.0,3365495.0,4016356.0
2017,6,1280,RJ,76.0705882352941,19.89916384423953,18.747152205494224,84.3430799914834,79.2343606780218,983.0541408193196,982.603458166123,381.87,2.68,2.7,655.66,3850.0,16084849.0,16718956.0
2017,6,3947,SP,57.3176470588235,18.956954797903204,17.627630836504153,76.73633057496184,71.12681236924996,953.5767280091064,953.1142456588528,181.67,2.9,2.92,628.86,16944.0,42982604.0,45094866.0
2017,6,944,PR,122.1565217391304,17.220197472188495,16.11016463444268,82.03361358772786,77.11019101198475,947.6924217909226,947.2039938309308,56.8,2.79,2.89,577.02,12354.0,9581656.0,11320892.0
2017,6,96,SC,119.62105263157892,15.034685683342476,14.066142234914206,82.1267195297325,78.38303655393105,945.9001217849813,945.3943706389588,73.13,2.77,2.84,480.21,7751.0,5843771.0,7001161.0
2017,6,54,RS,126.54999999999998,14.768894435244606,13.769405753744037,83.89516008559676,79.95344594447134,977.182892232772,976.6818439482,40.19,2.63,2.7,523.63,8573.0,9612991.0,11322895.0
2017,6,386,MS,44.936363636363645,20.84307547447751,19.518439898256727,70.9035282662919,65.16665232694761,971.9938141269166,971.5081403986512,7.6,2.85,3.01,598.95,3044.0,2313240.0,2713147.0
2017,6,726,MT,2.3846153846153846,24.510543023682946,22.936268630978063,70.62238923024876,64.430501729564,964.4377979469176,963.831260391212,3.7,2.71,3.0,292.71,4223.0,2564525.0,3344544.0
2017,6,9750,GO,1.3090909090909093,22.40572045579536,20.86063217855399,63.10363877139713,56.55598185342648,934.756335200008,934.3192474062984,19.93,2.89,2.91,546.81,10373.0,6110768.0,6778772.0
2017,6,1101,DF,0.0,20.511600279524785,18.886652690426256,66.51642208245975,59.89238294898668,900.718273934311,900.3030747728859,525.86,2.99,2.92,789.67,1573.0,2935435.0,3039444.0
2017,7,136,RO,0.0,26.97023474937325,25.209592746639768,58.06714407335016,51.31123312458417,986.4165228399607,985.9174659460796,7.59,2.89,3.03,138.51,4224.0,1328206.0,1805788.0
2017,7,171,AC,13.333333333333334,26.578092962534,24.827125824933468,57.83861465274635,53.42970905649382,990.8265416378716,990.2595371315728,5.05,3.34,3.49,112.91,1320.0,600692.0,829619.0
2017,7,376,AM,80.15294117647059,26.90419218345831,25.69804525106671,80.31270914749976,74.78124699502008,1008.1506621795372,1007.606924468168,2.61,2.93,3.74,182.73,4365.0,2695115.0,4063614.0
2017,7,825,RR,344.99999999999994,24.68585104314088,23.66886399921674,85.15099666358508,81.00197948389676,974.175806029989,973.5688186969182,2.33,3.48,3.83,242.74,969.0,401110.0,522636.0
2017,7,428,PA,31.704347826086963,27.19699529948811,25.87929065112085,69.78472978002311,63.8177361093268,998.0145164373648,997.3470456862098,6.7,2.86,3.56,61.08,31902.0,4938397.0,8366628.0
2017,7,84,AP,,,,,,,,5.59,3.77,3.77,116.76,816.0,713903.0,797722.0
2017,7,583,TO,0.91,25.25735512315024,23.46754456533665,56.46138941952656,49.70686259264515,981.3481172628592,980.8350276271098,5.58,3.13,3.08,452.08,2057.0,1280962.0,1550194.0
2017,7,362,MA,22.042857142857148,27.22158847074208,25.754611291101188,63.44939931430551,57.56003458810203,999.2048202370016,998.685294719098,21.09,2.86,3.46,130.19,44360.0,3922233.0,7000229.0
2017,7,880,PI,7.568421052631581,27.065719522561448,25.652324906930914,54.19083516604808,49.45382399297976,986.3751954151348,985.8500844404234,12.79,2.99,3.17,207.53,12033.0,2033500.0,3219257.0
2017,7,3088,CE,38.78333333333335,26.535735291626803,25.342419164288323,64.4684717856626,60.0828249924972,988.8056884232872,988.3041361786038,60.59,2.98,3.13,218.55,16133.0,6666696.0,9020460.0
2017,7,653,RN,114.31428571428567,26.18278211063427,25.158070305134924,68.84594870854382,64.32594345544993,1006.2824706987592,1005.7915128047104,66.41,3.11,3.17,291.8,4053.0,2718552.0,3507003.0
2017,7,406,PB,135.22499999999994,23.13739031750861,22.163036864548012,77.26104251804193,72.87036181636381,977.7730405689362,977.3197655819788,71.29,2.95,3.15,306.73,7607.0,2959029.0,4025558.0
2017,7,1548,PE,131.0181818181817,21.94586362515056,20.981908212166065,75.17275638970753,75.30869332578197,970.206653724624,969.7557541755548,96.59,2.91,3.04,250.38,8913.0,7528327.0,9473266.0
2017,7,359,AL,146.74999999999997,23.44548682605048,22.34369804773889,81.26861545263328,75.08736203178408,1005.7149093456871,1005.2689673415696,121.22,2.88,3.1,217.97,5214.0,2376534.0,3375823.0
2017,7,78,SE,107.63333333333338,22.89813307782517,21.77237802600256,84.83059588984426,79.1080378412511,997.556835984744,997.1164354152586,104.39,2.86,2.95,379.64,1805.0,1693853.0,2288116.0
2017,7,912,BA,55.55348837209304,22.1670547802454,20.901762188156145,72.46302879930275,67.32606997758364,976.096431336884,975.6000953672624,27.17,2.85,2.97,315.26,23901.0,10925938.0,15344447.0
2017,7,1459,MG,7.3900000000000015,18.526308159333748,16.996616539494806,67.86784803674436,61.868095973205,940.39023350077,939.9447214607096,36.01,2.84,2.92,373.15,16658.0,17929528.0,21119536.0
2017,7,481,ES,86.93333333333332,19.52026836605837,18.35222695124989,84.31568499569494,78.38845683851329,998.143221121761,997.71022751084,87.15,2.82,2.91,412.14,4696.0,3365495.0,4016356.0
2017,7,953,RJ,53.337500000000006,18.244982127386216,17.01981455980476,82.27798173397808,76.68639674825587,988.2095941739494,987.779299202646,381.87,2.68,2.7,655.66,3850.0,16084849.0,16718956.0
2017,7,2498,SP,3.508108108108108,18.25182791810648,16.74062101763702,67.74699011966199,61.950301776286594,957.2410507256938,956.8019939591372,181.67,2.9,2.92,628.86,16944.0,42982604.0,45094866.0
2017,7,727,PR,4.946153846153845,16.996796196862487,15.59451907306615,70.87947091356538,65.30561567313778,951.7971139859904,951.3507579733074,56.8,2.79,2.89,577.02,12354.0,9581656.0,11320892.0
2017,7,89,SC,11.509090909090906,14.8631212515556,13.637382749578853,75.51165479350614,70.50354244063064,952.483975769854,952.0434875704088,73.13,2.77,2.84,480.21,7751.0,5843771.0,7001161.0
2017,7,44,RS,23.066666666666663,15.553715065936752,14.283649204229718,74.68490466855587,68.78258790429572,981.0405941735446,980.594056155792,40.19,2.63,2.7,523.63,8573.0,9612991.0,11322895.0
2017,7,226,MS,0.8,20.921456538598648,19.207971405980462,54.5056486998753,50.6563467424118,977.6719385290857,977.181991400158,7.6,2.85,3.01,598.95,3044.0,2313240.0,2713147.0
2017,7,414,MT,0.0482758620689655,24.666507455670217,22.78953394424728,54.64380769923726,48.179112574294,968.1193023352888,967.3780675451256,3.7,2.71,3.0,292.71,4223.0,2564525.0,3344544.0
2017,7,3720,GO,0.0,20.77217184998772,19.08428772638447,54.91811230758642,48.653207052374015,939.8633458207664,939.3950825426332,19.93,2.89,2.91,546.81,10373.0,6110768.0,6778772.0
2017,7,303,DF,0.0,18.447866134479582,16.864568621430777,57.81086889775866,52.02824685293216,902.3274485723056,901.8765735339284,525.86,2.99,2.92,789.67,1573.0,2935435.0,3039444.0
2017,8,171,RO,33.12,28.209250794996123,26.60914521247614,66.51760056403374,59.85759731405601,985.8746715177742,985.2891052774276,7.59,2.89,3.03,138.51,4224.0,1328206.0,1805788.0
2017,8,175,AC,23.1,29.2799618795589,27.34096641752816,72.54144840496377,64.55083771887081,989.0669637837068,988.2842235474626,5.05,3.34,3.49,112.91,1320.0,600692.0,829619.0
2017,8,465,AM,70.8,28.51186387411425,27.192708628101222,77.87327628953486,71.8265691533782,1005.0769313399292,1004.3776697916736,2.61,2.93,3.74,182.73,4365.0,2695115.0,4063614.0
2017,8,394,RR,109.6,25.81999236036213,24.506114161519115,76.56547414779226,72.7436840213093,957.1650703091811,956.5906349070168,2.33,3.48,3.83,242.74,969.0,401110.0,522636.0
2017,8,545,PA,35.023999999999994,28.076351962568587,26.761945773612343,71.54399217071183,65.57261815079745,995.9715783945176,995.2627103861664,6.7,2.86,3.56,61.08,31902.0,4938397.0,8366628.0
2017,8,67,AP,4.7,29.050895522388064,27.913719971570725,76.06541577825163,70.35053304904052,1010.0856716417912,1009.5719090262976,5.59,3.77,3.77,116.76,816.0,713903.0,797722.0
2017,8,439,TO,4.777777777777778,27.92785810739919,25.83980967676213,51.17731571968118,43.3807842064597,978.3103566277136,977.7768884218684,5.58,3.13,3.08,452.08,2057.0,1280962.0,1550194.0
2017,8,267,MA,7.071428571428571,28.796822926686527,27.29135094930637,60.65218587646091,54.807433311056144,997.0605157672836,996.496690214186,21.09,2.86,3.46,130.19,44360.0,3922233.0,7000229.0
2017,8,404,PI,3.722222222222221,29.307573736627543,27.63752986857825,45.85857969210284,41.03500152762959,983.2114943295304,982.6478075665544,12.79,2.99,3.17,207.53,12033.0,2033500.0,3219257.0
2017,8,1584,CE,6.014285714285713,27.996556590955844,26.580008834112096,59.68908108054925,54.76468040382159,985.7756247652115,985.2305738597148,60.59,2.98,3.13,218.55,16133.0,6666696.0,9020460.0
2017,8,854,RN,6.628571428571427,27.273022273425493,26.07632488479264,67.06731950844853,61.01801075268816,1004.9254224270352,1004.4162826420892,66.41,3.11,3.17,291.8,4053.0,2718552.0,3507003.0
2017,8,585,PB,21.65000000000001,24.70850625099495,23.483700469616057,69.62365862747652,64.78061504637799,976.3811189380452,975.891845780149,71.29,2.95,3.15,306.73,7607.0,2959029.0,4025558.0
2017,8,1768,PE,38.41818181818185,23.468733647994945,22.30510052679988,69.4285486817921,68.34719789532708,968.5900984400984,968.1081513906424,96.59,2.91,3.04,250.38,8913.0,7528327.0,9473266.0
2017,8,260,AL,105.74999999999994,23.583135896968585,22.52584366077395,82.41772417527811,76.75710725577505,1003.8768775438916,1003.4223646042162,121.22,2.88,3.1,217.97,5214.0,2376534.0,3375823.0
2017,8,85,SE,69.56666666666669,22.92821359538795,21.82805421866899,86.75068407876354,81.80047820720505,995.6318588843064,995.1893787439418,104.39,2.86,2.95,379.64,1805.0,1693853.0,2288116.0
2017,8,735,BA,29.8046511627907,23.376401779381407,21.976082475353035,67.6254827829821,62.23414674948863,973.1218758182166,972.6065808908346,27.17,2.85,2.97,315.26,23901.0,10925938.0,15344447.0
2017,8,1540,MG,4.931147540983608,21.196755820372303,19.477903777376618,59.2467268561672,53.43588069337148,935.9133129302484,935.4165059604704,36.01,2.84,2.92,373.15,16658.0,17929528.0,21119536.0
2017,8,597,ES,11.815384615384612,20.17701332254619,18.966560031104912,77.96164944299126,72.20747743790884,993.4779569480564,992.9903809206876,87.15,2.82,2.91,412.14,4696.0,3365495.0,4016356.0
2017,8,716,RJ,51.28888888888889,19.207922269811952,18.051585656149708,79.66377545132701,74.26682078963799,984.8751491067532,984.3821954202324,381.87,2.68,2.7,655.66,3850.0,16084849.0,16718956.0
2017,8,3071,SP,58.20000000000002,20.40091738896347,18.94051516225661,67.6792390851769,62.08860458457096,952.1243055456652,951.601708156877,181.67,2.9,2.92,628.86,16944.0,42982604.0,45094866.0
2017,8,1082,PR,110.56666666666668,19.00529024636376,17.731784258333406,72.70216671038163,67.39073848850656,948.9680647376211,948.4223920257484,56.8,2.79,2.89,577.02,12354.0,9581656.0,11320892.0
2017,8,117,SC,125.22857142857144,16.019887751681214,14.940751057624055,77.29606863447765,75.71105982999867,944.055649740806,943.5124800374336,73.13,2.77,2.84,480.21,7751.0,5843771.0,7001161.0
2017,8,45,RS,149.58048780487803,16.435950486850047,15.259368489828791,78.95767885311308,73.83993829466854,976.5459441807866,975.8951212458932,40.19,2.63,2.7,523.63,8573.0,9612991.0,11322895.0
2017,8,365,MS,61.64545454545456,24.105036033844403,22.516681925962843,58.64258511729072,51.9288506341155,969.6563206210424,969.0835521715192,7.6,2.85,3.01,598.95,3044.0,2313240.0,2713147.0
2017,8,417,MT,13.66,27.827765877571007,25.93014514826888,55.71017283721879,49.03809070003672,963.523533341528,962.8360987542068,3.7,2.71,3.0,292.71,4223.0,2564525.0,3344544.0
2017,8,2285,GO,0.7727272727272727,25.23109296556635,23.3490100728946,43.42576171592962,37.58857304636018,936.1573096238092,935.6553145169756,19.93,2.89,2.91,546.81,10373.0,6110768.0,6778772.0
2017,8,221,DF,0.0,22.87445911772972,21.043579657207104,43.45137299771167,38.064091559370425,897.417729699354,896.9572632762013,525.86,2.99,2.92,789.67,1573.0,2935435.0,3039444.0
2017,9,134,RO,65.64000000000001,28.370638092124825,26.90852665926815,69.18330541570543,62.34101232081877,985.6348378303344,984.9899502962776,7.59,2.89,3.03,138.51,4224.0,1328206.0,1805788.0
2017,9,124,AC,124.5,26.34723147753656,25.096108315742704,81.4962365047233,75.92731082513981,988.70768153512,988.0371539163856,5.05,3.34,3.49,112.91,1320.0,600692.0,829619.0
2017,9,434,AM,99.43333333333337,28.13363297559412,26.980335840755227,80.5010998957445,74.99002885013888,1004.636308203799,1003.9224731788684,2.61,2.93,3.74,182.73,4365.0,2695115.0,4063614.0
2017,9,192,RR,133.19999999999996,28.86152777777777,27.47777777777778,72.30138888888897,66.10277777777789,1002.4111111111116,1001.7348611111114,2.33,3.48,3.83,242.74,969.0,401110.0,522636.0
2017,9,382,PA,16.066666666666666,28.56540736078836,27.266583058803025,68.1817617644711,62.52239225979502,995.036384979717,994.288762906808,6.7,2.86,3.56,61.08,31902.0,4938397.0,8366628.0
2017,9,68,AP,24.466666666666665,28.377912962962974,27.173353703703704,79.5637235382591,73.97203459296857,1010.2578981481482,1009.7052185185188,5.59,3.77,3.77,116.76,816.0,713903.0,797722.0
2017,9,220,TO,0.8333333333333333,29.331569149559616,27.372110929158104,43.13399271002153,36.64336495021584,978.156299707968,977.5607499027644,5.58,3.13,3.08,452.08,2057.0,1280962.0,1550194.0
2017,9,172,MA,0.7571428571428573,30.11973362627147,28.52522726456017,52.316034843184,46.64752539340074,996.3223060846512,995.7194737552926,21.09,2.86,3.46,130.19,44360.0,3922233.0,7000229.0
2017,9,274,PI,0.2555555555555555,29.84865038361247,28.294890876957574,44.179135147764114,39.76966460073942,983.4379866747156,982.82611058645,12.79,2.99,3.17,207.53,12033.0,2033500.0,3219257.0
2017,9,1576,CE,1.4,28.849144856366856,27.353201174558503,54.5705642684003,49.76960913889432,985.7469398436716,985.1453083146232,60.59,2.98,3.13,218.55,16133.0,6666696.0,9020460.0
2017,9,599,RN,12.342857142857149,27.63071320948408,26.40400506656069,63.229950668499775,57.33774929336113,1004.9717533997834,1004.419099664437,66.41,3.11,3.17,291.8,4053.0,2718552.0,3507003.0
2017,9,323,PB,30.371428571428595,25.102699884530555,23.83732866926864,66.13894804199042,61.0168810103731,976.576152297927,976.0484050856808,71.29,2.95,3.15,306.73,7607.0,2959029.0,4025558.0
2017,9,1288,PE,39.072727272727306,24.072722783894783,22.74518040568965,71.45796929864991,65.6367448183176,967.7345814778548,967.1944455694852,96.59,2.91,3.04,250.38,8913.0,7528327.0,9473266.0
2017,9,181,AL,73.8,23.95482881136952,22.793613879660388,80.07524053632451,73.80004450517387,1003.2418789221114,1002.7507364341084,121.22,2.88,3.1,217.97,5214.0,2376534.0,3375823.0
2017,9,68,SE,181.16666666666663,23.194689106210834,22.050799966599936,86.48585795040631,81.03631058219345,996.2646033148842,995.789933269902,104.39,2.86,2.95,379.64,1805.0,1693853.0,2288116.0
2017,9,512,BA,58.88837209302328,23.68410746066024,22.3899224843454,69.85308466505727,64.38136567591766,975.0558227858356,974.518332736184,27.17,2.85,2.97,315.26,23901.0,10925938.0,15344447.0
2017,9,1944,MG,19.485245901639345,22.86647955786142,21.156923630804144,54.266545020981845,48.51528298104388,937.0431813014596,936.5235805362012,36.01,2.84,2.92,373.15,16658.0,17929528.0,21119536.0
2017,9,473,ES,26.60000000000001,21.48073079778944,20.13832434195238,77.97615239991441,71.91796869669487,995.2876096782816,994.7916294162586,87.15,2.82,2.91,412.14,4696.0,3365495.0,4016356.0
2017,9,548,RJ,21.233333333333327,21.32198761600312,19.90281206673517,73.3292940989939,66.99556695024583,980.2996583802712,979.6985223207864,381.87,2.68,2.7,655.66,3850.0,16084849.0,16718956.0
2017,9,5536,SP,24.13333333333333,24.297289134849525,22.582169526663368,54.14512809988742,48.26613852990729,952.422362321481,951.881596882993,181.67,2.9,2.92,628.86,16944.0,42982604.0,45094866.0
2017,9,1892,PR,35.772727272727266,23.199536157905744,21.73670472734949,61.826463377394646,56.20945720477885,949.2760176428726,948.7825966407902,56.8,2.79,2.89,577.02,12354.0,9581656.0,11320892.0
2017,9,118,SC,63.72380952380952,19.693286614909425,18.621298388571205,73.94172819412718,72.34542394408689,944.6743979223376,944.1893485110206,73.13,2.77,2.84,480.21,7751.0,5843771.0,7001161.0
2017,9,61,RS,132.66666666666663,19.49174941788929,18.467985099369205,79.87266568774074,75.25707261537255,977.9260975586468,977.316447247655,40.19,2.63,2.7,523.63,8573.0,9612991.0,11322895.0
2017,9,523,MS,19.808,26.960347632451004,25.175072516271605,49.110593956665504,44.12416337286006,969.124905098409,968.564659288096,7.6,2.85,3.01,598.95,3044.0,2313240.0,2713147.0
2017,9,266,MT,19.20833333333333,28.96111443290123,27.111305747210608,51.78712446160301,45.274948685095694,962.8972229010908,962.1840349247824,3.7,2.71,3.0,292.71,4223.0,2564525.0,3344544.0
2017,9,1986,GO,14.2,26.320611873738216,24.54347505980227,39.57181345723807,34.248705379448026,936.5013972509978,935.9313178067888,19.93,2.89,2.91,546.81,10373.0,6110768.0,6778772.0
2017,9,220,DF,59.6,22.944338532640067,21.42466782206817,43.467187048279925,39.054929170280346,898.2403952339436,897.7219122348154,525.86,2.99,2.92,789.67,1573.0,2935435.0,3039444.0
2017,10,171,RO,144.59999999999997,27.599783274700485,26.2741836420894,76.18021209518771,69.58344639866654,983.870747800489,983.1653617160335,7.59,2.89,3.03,138.51,4224.0,1328206.0,1805788.0
2017,10,231,AC,106.53333333333332,26.74994892869021,25.49182364166152,81.3943774051024,75.93107946537445,986.9394129966586,986.269949680903,5.05,3.34,3.49,112.91,1320.0,600692.0,829619.0
2017,10,440,AM,150.87777777777777,27.89254761563426,26.779145563874785,81.86061324327363,76.5641910640616,1003.2907017392272,1002.5841432153692,2.61,2.93,3.74,182.73,4365.0,2695115.0,4063614.0
2017,10,151,RR,14.866666666666667,29.227808168428663,28.036348340411426,69.73180927062727,64.17595083162814,998.15037820233,997.5496097393926,2.33,3.48,3.83,242.74,969.0,401110.0,522636.0
2017,10,407,PA,66.12592592592593,28.39788855122427,27.170433564341003,71.70830593101886,66.07343369635436,993.8138804779154,993.0434275085252,6.7,2.86,3.56,61.08,31902.0,4938397.0,8366628.0
2017,10,96,AP,7.466666666666666,28.46393369175626,27.2445340501792,78.8783602150537,73.37029569892474,1009.0864247311828,1008.5357078853044,5.59,3.77,3.77,116.76,816.0,713903.0,797722.0
2017,10,178,TO,70.0235294117647,30.295836392201,28.52333959784515,52.923021058725936,46.41249031515874,976.0763619600324,975.4416773437216,5.58,3.13,3.08,452.08,2057.0,1280962.0,1550194.0
2017,10,122,MA,22.785714285714285,30.27383914484368,28.884072243735687,57.498151858546535,52.36863434209969,994.314670841753,993.6859606304132,21.09,2.86,3.46,130.19,44360.0,3922233.0,7000229.0
2017,10,136,PI,22.14444444444444,31.7624744103779,30.13420600657877,40.766420932726405,36.3814728489835,980.5059808194934,979.874468598096,12.79,2.99,3.17,207.53,12033.0,2033500.0,3219257.0
2017,10,1158,CE,7.242857142857144,29.325734471647955,27.92125173608199,57.69372718306324,53.012886444419486,983.6769154354814,983.0793453189648,60.59,2.98,3.13,218.55,16133.0,6666696.0,9020460.0
2017,10,614,RN,15.399999999999997,28.38185579112812,27.18598422535571,64.50868065348756,58.8253449946738,1002.9535735778168,1002.3871479043016,66.41,3.11,3.17,291.8,4053.0,2718552.0,3507003.0
2017,10,379,PB,18.6,26.42688907657657,25.16468522958441,64.41885171461783,59.552134190642256,974.3803216724792,973.8388373655914,71.29,2.95,3.15,306.73,7607.0,2959029.0,4025558.0
2017,10,1099,PE,15.250000000000004,26.324136853634368,24.94016122215254,64.11658633385514,58.33050844761637,965.9344382561194,965.380024177642,96.59,2.91,3.04,250.38,8913.0,7528327.0,9473266.0
2017,10,196,AL,32.080000000000005,25.52926387833687,24.320829036890466,74.77347406336837,69.44576291508446,1000.5884301470804,1000.0666884919376,121.22,2.88,3.1,217.97,5214.0,2376534.0,3375823.0
2017,10,59,SE,53.85714285714286,24.69124921524406,23.502276993465053,82.7396856305322,77.38777089543457,993.3964102477388,992.8946593760384,104.39,2.86,2.95,379.64,1805.0,1693853.0,2288116.0
2017,10,610,BA,17.604545454545455,26.31556269351951,24.90241147959189,62.865911667321086,57.51280394254491,971.2762143756784,970.7091863338844,27.17,2.85,2.97,315.26,23901.0,10925938.0,15344447.0
2017,10,2517,MG,70.31379310344828,25.37937590743465,23.778220628786567,58.24491686871857,52.18504348382511,931.5392189283856,930.9647491258014,36.01,2.84,2.92,373.15,16658.0,17929528.0,21119536.0
2017,10,503,ES,46.30909090909091,24.869759555072346,23.491078418969305,73.3530354950512,67.4985989669939,989.4643809586704,988.8934913853706,87.15,2.82,2.91,412.14,4696.0,3365495.0,4016356.0
2017,10,684,RJ,89.2888888888889,23.286355553029853,22.01043793384164,76.68072931850642,70.74348124729089,974.6194744736168,973.9438259817456,381.87,2.68,2.7,655.66,3850.0,16084849.0,16718956.0
2017,10,8054,SP,137.33157894736846,23.80598709419436,22.464097369041152,70.82100944903402,64.78135400726535,950.1304339154268,949.4985100558353,181.67,2.9,2.92,628.86,16944.0,42982604.0,45094866.0
2017,10,2182,PR,279.17391304347814,21.4476179660626,20.2100377790922,77.5087148268167,71.68658154201573,945.7174796925816,944.9974200242426,56.8,2.79,2.89,577.02,12354.0,9581656.0,11320892.0
2017,10,130,SC,213.40952380952373,18.662725047512527,17.580972685870698,78.14286276288531,76.25978807587971,943.0805021767944,942.384402267912,73.13,2.77,2.84,480.21,7751.0,5843771.0,7001161.0
2017,10,76,RS,226.01463414634136,18.96735033861221,17.81766655099822,78.49722040184291,73.03110485244066,973.6448062293344,972.8780332143554,40.19,2.63,2.7,523.63,8573.0,9612991.0,11322895.0
2017,10,536,MS,149.76,25.94970746359449,24.48685941862666,66.89079645537535,59.896599557586384,966.7731083321098,966.0997483090208,7.6,2.85,3.01,598.95,3044.0,2313240.0,2713147.0
2017,10,307,MT,105.91176470588232,27.233316378220305,25.767369325494133,71.35368834334943,65.04638592695176,960.832921340895,960.0653061952802,3.7,2.71,3.0,292.71,4223.0,2564525.0,3344544.0
2017,10,2722,GO,68.24,28.04134296371553,26.38153530565581,47.76967073129807,41.673898024967954,933.1997536003088,932.6205066694124,19.93,2.89,2.91,546.81,10373.0,6110768.0,6778772.0
2017,10,221,DF,143.4000000000001,25.86827004219414,24.155949367088603,46.62212765957453,41.20907801418444,894.8301547116735,894.2969620253149,525.86,2.99,2.92,789.67,1573.0,2935435.0,3039444.0
2017,11,247,RO,204.8799999999999,27.08787646847544,25.888650614020115,82.3733773274645,76.01212734942065,982.4412372712752,981.7157740180044,7.59,2.89,3.03,138.51,4224.0,1328206.0,1805788.0
2017,11,460,AC,236.95999999999987,26.255049907149488,25.1314554962344,86.81515333230163,81.7819470236253,985.9761218791908,985.2635682322292,5.05,3.34,3.49,112.91,1320.0,600692.0,829619.0
2017,11,323,AM,181.9125,27.478244590842888,26.440738685620868,85.27716634775976,80.42099633133773,1001.937447290365,1001.2109940756906,2.61,2.93,3.74,182.73,4365.0,2695115.0,4063614.0
2017,11,138,RR,11.066666666666666,29.405579195074903,28.24787485952247,67.76692349696324,62.612957254780646,997.190240067131,996.593583992349,2.33,3.48,3.83,242.74,969.0,401110.0,522636.0
2017,11,426,PA,78.3153846153846,28.27203932971771,27.11373443353221,72.64078431736432,67.10616056283446,993.0465431289216,992.269086209678,6.7,2.86,3.56,61.08,31902.0,4938397.0,8366628.0
2017,11,53,AP,21.066666666666663,28.789697293447293,27.469017094017094,78.56752136752138,72.07238247863246,1008.162307692308,1007.6193910256408,5.59,3.77,3.77,116.76,816.0,713903.0,797722.0
2017,11,289,TO,174.99999999999997,27.380297973059367,26.05232228937541,76.56888735314686,69.3341330373858,976.093801737788,975.4396126704648,5.58,3.13,3.08,452.08,2057.0,1280962.0,1550194.0
2017,11,147,MA,62.0125,28.520387291193227,27.37953415392981,68.57669984692106,63.40960179091835,993.7771422625876,993.2111452391224,21.09,2.86,3.46,130.19,44360.0,3922233.0,7000229.0
2017,11,98,PI,51.54444444444445,30.134943905003816,28.62066370218196,57.3143613427409,51.302197891329584,979.6429520766026,979.0408677385244,12.79,2.99,3.17,207.53,12033.0,2033500.0,3219257.0
2017,11,862,CE,10.830769230769231,28.89388128349993,27.50890301318267,59.99246704331453,55.25845465739534,981.4009533898304,980.8446666304504,60.59,2.98,3.13,218.55,16133.0,6666696.0,9020460.0
2017,11,558,RN,1.6249999999999998,28.84616172653285,27.622398815242786,61.87732480575384,56.368114572490335,1002.6364536611724,1002.0834103553696,66.41,3.11,3.17,291.8,4053.0,2718552.0,3507003.0
2017,11,335,PB,3.4222222222222225,27.601414644535343,26.26255413290731,60.502152858605285,55.62071505328491,973.394263177669,972.8619349605412,71.29,2.95,3.15,306.73,7607.0,2959029.0,4025558.0
2017,11,918,PE,12.099999999999998,27.869039503561208,26.403417776961003,59.37036153292757,53.12507138496464,963.8382259229328,963.3051496118818,96.59,2.91,3.04,250.38,8913.0,7528327.0,9473266.0
2017,11,161,AL,9.159999999999998,27.155132556568727,25.826908139142176,71.4914351851852,66.13495370370372,998.0915413059162,997.5637031024532,121.22,2.88,3.1,217.97,5214.0,2376534.0,3375823.0
2017,11,64,SE,11.571428571428571,26.372287196730227,25.08402598981232,77.4017599638332,71.92004627596224,990.7934538559044,990.2877532255092,104.39,2.86,2.95,379.64,1805.0,1693853.0,2288116.0
2017,11,479,BA,101.10952380952378,26.096935141409105,24.8693498999334,72.23590719041447,66.69199196167871,969.152103538937,968.600817411176,27.17,2.85,2.97,315.26,23901.0,10925938.0,15344447.0
2017,11,2602,MG,166.625,23.499630669219016,22.279640427654336,75.3703389465247,69.05173454290163,930.3132763699869,929.7737596667592,36.01,2.84,2.92,373.15,16658.0,17929528.0,21119536.0
2017,11,482,ES,153.18333333333337,23.83027952833952,22.78996696209745,79.7175899473527,74.55086554069653,987.4133993524832,986.9049924617418,87.15,2.82,2.91,412.14,4696.0,3365495.0,4016356.0
2017,11,759,RJ,231.12941176470576,22.40486230563209,21.31665803182732,80.08871136748334,74.80713912123747,973.2308479836548,972.6365002982232,381.87,2.68,2.7,655.66,3850.0,16084849.0,16718956.0
2017,11,6979,SP,193.21052631578937,23.178877853777244,21.87036015038338,75.63797655433754,69.51890094723345,948.7354117676568,948.1573847786892,181.67,2.9,2.92,628.86,16944.0,42982604.0,45094866.0
2017,11,2437,PR,167.384,21.691449212264985,20.39116348118359,75.02694800964342,68.74682453631966,941.4461536502696,940.8672820656404,56.8,2.79,2.89,577.02,12354.0,9581656.0,11320892.0
2017,11,138,SC,152.1363636363636,19.406650502925324,18.21355507020144,73.8216744142012,70.97888187654569,942.1858158122078,941.63354463664,73.13,2.77,2.84,480.21,7751.0,5843771.0,7001161.0
2017,11,85,RS,126.22926829268292,20.260741132964323,18.88277666941262,70.1408542408259,63.378022536416815,973.1450942398984,972.5323059404952,40.19,2.63,2.7,523.63,8573.0,9612991.0,11322895.0
2017,11,608,MS,192.55384615384617,25.52886268453081,24.198385175156588,73.65995145165684,67.71099815192223,965.4376220916084,964.8063020249808,7.6,2.85,3.01,598.95,3044.0,2313240.0,2713147.0
2017,11,455,MT,212.8882352941176,26.32451457952871,25.0556700816198,81.6268646720232,75.80875705279065,959.9689700059132,959.2136993582797,3.7,2.71,3.0,292.71,4223.0,2564525.0,3344544.0
2017,11,2580,GO,238.9652173913043,25.04887404875041,23.768246659237903,73.55021413252774,66.882779270439,932.4677007877287,931.8634383660834,19.93,2.89,2.91,546.81,10373.0,6110768.0,6778772.0
2017,11,200,DF,1511.6000000000008,22.51056679008828,21.25225071225072,79.76410256410249,72.96809116809126,894.0898575498576,893.538547008546,525.86,2.99,2.92,789.67,1573.0,2935435.0,3039444.0
2017,12,291,RO,270.3999999999998,26.27486296231569,25.23792490291325,85.47680388428395,80.08674507951223,982.6886571249398,982.0119659549692,7.59,2.89,3.03,138.51,4224.0,1328206.0,1805788.0
2017,12,825,AC,200.0799999999999,26.080577018375,24.97273094957529,86.89081295723473,82.06429088721956,986.4509755977806,985.7843386974024,5.05,3.34,3.49,112.91,1320.0,600692.0,829619.0
2017,12,339,AM,264.0857142857142,26.99205185935896,26.013324015540167,86.2021876875745,81.54161865779582,1003.273261552604,1002.61053062758,2.61,2.93,3.74,182.73,4365.0,2695115.0,4063614.0
2017,12,81,RR,30.4,28.456356538857328,27.3183687717179,70.29985142350078,65.23862560213566,997.424180499008,996.81738065411,2.33,3.48,3.83,242.74,969.0,401110.0,522636.0
2017,12,365,PA,206.57037037037023,27.085920535979863,26.067189616415018,78.41247777856,73.43149203575811,994.019412466338,993.255379802337,6.7,2.86,3.56,61.08,31902.0,4938397.0,8366628.0
2017,12,46,AP,147.60000000000005,27.533870967741898,26.51612903225807,80.04032258064525,75.51209677419355,1008.396370967742,1007.8629032258058,5.59,3.77,3.77,116.76,816.0,713903.0,797722.0
2017,12,337,TO,283.18999999999994,25.922050549896888,24.806908343515097,83.88290952347003,77.4428368801356,975.9797650479418,975.374811092448,5.58,3.13,3.08,452.08,2057.0,1280962.0,1550194.0
2017,12,154,MA,94.5,27.9591760950588,26.90292245068499,72.65873167443004,67.84686343819266,994.1444476472396,993.5828922038272,21.09,2.86,3.46,130.19,44360.0,3922233.0,7000229.0
2017,12,145,PI,63.06666666666667,29.00495887718913,27.66194938360812,65.31538479881429,59.451038455139866,980.5018134921136,979.9280351191868,12.79,2.99,3.17,207.53,12033.0,2033500.0,3219257.0
2017,12,574,CE,22.28571428571429,29.11974490976184,27.773960918302688,62.08614887009675,57.282521816312986,982.69155650508,982.1535817450684,60.59,2.98,3.13,218.55,16133.0,6666696.0,9020460.0
2017,12,480,RN,6.4,29.200293562349383,27.987422990956823,62.59861763272686,57.14982276777563,1002.5538501626474,1002.0379046499988,66.41,3.11,3.17,291.8,4053.0,2718552.0,3507003.0
2017,12,269,PB,4.488888888888889,28.474804666223203,27.033794451092607,59.80189245993412,54.4087982002595,973.2766925163064,972.7676507030968,71.29,2.95,3.15,306.73,7607.0,2959029.0,4025558.0
2017,12,956,PE,19.49230769230769,28.578134516741745,27.0990155275345,58.47505536972111,52.54569701626996,963.7455987331068,963.23943078407,96.59,2.91,3.04,250.38,8913.0,7528327.0,9473266.0
2017,12,161,AL,33.37142857142858,27.8666734492254,26.605460296066823,70.4781415735132,65.25607583563402,997.70489351803,997.210687855302,121.22,2.88,3.1,217.97,5214.0,2376534.0,3375823.0
2017,12,24,SE,33.400000000000006,27.086388569762267,25.85457165148516,76.34521762566534,71.09627876243869,990.2797173283916,989.8001179774276,104.39,2.86,2.95,379.64,1805.0,1693853.0,2288116.0
2017,12,462,BA,96.72558139534884,26.576623378004697,25.335732561696418,73.07755897171073,67.39377783570241,967.8578393994956,967.345006883253,27.17,2.85,2.97,315.26,23901.0,10925938.0,15344447.0
2017,12,3506,MG,243.08852459016376,23.903106208559567,22.674478010045164,79.36243842817038,73.0957278659114,929.9599164535042,929.4508846894712,36.01,2.84,2.92,373.15,16658.0,17929528.0,21119536.0
2017,12,680,ES,240.7333333333332,25.140351060253675,24.02675392128184,81.07685238571969,75.558924776,986.2477171210884,985.754416808976,87.15,2.82,2.91,412.14,4696.0,3365495.0,4016356.0
2017,12,1032,RJ,172.33333333333331,23.978993066075063,22.89121608624159,83.2705032826365,77.96454030008846,972.371481112166,971.8009180368092,381.87,2.68,2.7,655.66,3850.0,16084849.0,16718956.0
2017,12,6828,SP,204.3315789473684,24.456032657479,23.219365531066416,79.10854706928609,73.07932159985313,947.479242316061,946.956448839216,181.67,2.9,2.92,628.86,16944.0,42982604.0,45094866.0
2017,12,2501,PR,227.34399999999988,23.529529137238985,22.35857856519209,80.18999383295626,74.39609447440155,941.0683258898958,940.55895040757,56.8,2.79,2.89,577.02,12354.0,9581656.0,11320892.0
2017,12,179,SC,177.01818181818177,21.86704604844396,20.73556208072299,77.8942242849499,75.7765398914942,941.6969388242394,941.1999145553466,73.13,2.77,2.84,480.21,7751.0,5843771.0,7001161.0
2017,12,113,RS,101.46341463414636,23.673239705190248,22.315339565451065,73.9345305858262,67.59831215573818,972.0317472541726,971.4749037568904,40.19,2.63,2.7,523.63,8573.0,9612991.0,11322895.0
2017,12,630,MS,190.94615384615372,26.267184168499547,25.05770610263823,79.1471393737874,73.45088365645702,965.33607689824,964.7458111072136,7.6,2.85,3.01,598.95,3044.0,2313240.0,2713147.0
2017,12,713,MT,255.69677419354835,25.51880218680901,24.40511510319765,85.92536134400052,80.96083042504127,959.9213819691506,959.209061532654,3.7,2.71,3.0,292.71,4223.0,2564525.0,3344544.0
2017,12,2624,GO,263.6,24.431448532362875,23.25923557973972,79.81117387212004,73.31481133520407,932.6784414466003,932.1195470119956,19.93,2.89,2.91,546.81,10373.0,6110768.0,6778772.0
2017,12,232,DF,1219.0000000000005,22.399943741209576,21.1768495077356,82.0879840546697,75.38621475363155,894.1373839662448,893.6288326300999,525.86,2.99,2.92,789.67,1573.0,2935435.0,3039444.0
2018,1,377,RO,292.71999999999986,26.070942723568525,24.95325772753571,85.67124891909258,79.9273068038939,983.183107623738,982.4440899102298,7.39,2.7,2.84,142.22,4107.0,1292114.0,1757589.0
2018,1,1250,AC,171.6399999999999,25.659177168458783,24.56860544802868,87.62197956989246,82.82985268817205,987.3349641935484,986.6430340501796,5.3,3.39,3.54,122.85,1367.0,629627.0,869265.0
2018,1,608,AM,199.06666666666663,27.354101371755448,26.189483398223743,84.2425601448255,78.62010366557871,1004.0865457251764,1003.3173289325576,2.62,2.58,3.59,162.08,3991.0,2485768.0,4080611.0
2018,1,107,RR,36.2,27.975032243573025,26.83720147523405,68.8220988030026,63.79086238877783,998.1180730661104,997.4904952105616,2.57,3.77,4.13,236.03,1148.0,447714.0,576568.0
2018,1,849,PA,196.5599999999999,26.407940939811787,25.33086748930251,82.01881092237792,76.44640267810396,994.7988530872072,994.0039370273532,6.82,2.87,3.5,68.87,29320.0,5138483.0,8513497.0
2018,1,104,AP,275.2999999999998,26.53359830505992,25.63164553485103,83.1438172043012,78.7379032258065,1009.0916232677037,1008.5126461281536,5.81,3.76,3.76,109.29,899.0,742138.0,829494.0
2018,1,572,TO,219.50526315789463,25.880903447291303,24.62517425501973,83.59345161730056,76.33535680469262,976.560073908673,975.909453780067,5.6,3.15,2.99,460.43,1823.0,1333359.0,1555229.0
2018,1,246,MA,193.03333333333327,26.84052632352077,25.737746489217933,79.00629443563074,73.82434778776663,995.647727487346,995.0195890307472,21.19,2.85,3.38,131.15,43339.0,4050141.0,7035055.0
2018,1,269,PI,99.33750000000002,27.6394054395952,26.28937381404175,71.92082595336309,65.73945793641683,980.4490512333966,979.8329696394688,12.97,2.96,3.14,197.18,9996.0,2064448.0,3264531.0
2018,1,1038,CE,58.43076923076922,28.350838475616047,27.05219135312868,66.34306078481936,61.16810388641181,983.130857227254,982.566092882727,60.96,2.9,3.07,232.96,14411.0,6678826.0,9075649.0
2018,1,642,RN,49.825,28.972726364079733,27.75506393687704,61.49336684967072,56.408220670203214,1002.6795654470476,1002.146514697911,65.88,2.96,3.06,303.87,4286.0,2663836.0,3479010.0
2018,1,411,PB,61.45714285714284,28.652358739194604,27.10967561218036,60.943296366297446,54.61736641993415,973.5526455528448,973.0180138901436,70.77,2.85,3.05,317.83,7281.0,2937945.0,3996496.0
2018,1,1191,PE,27.166666666666664,27.88383300819748,26.390376525705264,62.60412612236836,56.61687219651782,964.2083560691004,963.6831551439002,96.83,2.83,2.96,248.8,7917.0,7538379.0,9496294.0
2018,1,234,AL,61.08571428571429,27.631452906786567,26.379117240322785,72.30208280382271,66.89046378632885,998.2461864599768,997.7507056322224,119.32,2.76,2.94,241.53,3398.0,2360787.0,3322820.0
2018,1,30,SE,18.28,27.37656904075656,26.10542526755552,74.76567700991349,69.2999436245074,992.8318619794912,992.3546644682208,103.94,2.73,2.83,379.93,1317.0,1687628.0,2278308.0
2018,1,977,BA,63.89756097560976,26.965615414054312,25.549903926759267,70.1187113629358,63.95868616420496,968.6374407549844,968.097710564157,26.23,2.68,2.77,332.78,20925.0,10607504.0,14812617.0
2018,1,5638,MG,176.58596491228064,24.72671706678812,23.303250424564133,74.88863560238603,67.88397269895339,931.2963158764744,930.7826905805756,35.87,2.74,2.83,419.78,15535.0,17835172.0,21040662.0
2018,1,887,ES,91.32307692307694,26.83118056436767,25.41308795594123,74.46844714348174,67.99815585830471,987.0959218675364,986.59614287452,86.19,2.7,2.78,414.68,4719.0,3335131.0,3972388.0
2018,1,2128,RJ,328.96666666666664,24.872787892155664,23.69733478410923,82.61546879007041,76.74986985579824,972.8737319825868,972.3237656854552,391.94,2.69,2.71,634.36,4359.0,16527120.0,17159960.0
2018,1,9659,SP,251.9513513513513,24.316093222823643,23.11883080604463,81.70425485873795,75.52668659277394,948.1830455893764,947.652121474188,183.46,2.85,2.88,655.97,16873.0,43460950.0,45538936.0
2018,1,2831,PR,251.0083333333332,23.070946351921208,21.951892377775856,84.68950202985017,78.93605621211002,940.8450967147292,940.3096014809548,56.94,2.74,2.83,576.49,10871.0,9657404.0,11348937.0
2018,1,275,SC,249.6761904761903,21.90566633542781,20.80923358438932,81.3186482169466,79.60579536911443,943.6568218919492,943.151739231239,73.9,2.75,2.78,476.42,7533.0,5982975.0,7075494.0
2018,1,191,RS,163.03902439024387,23.706398967841697,22.43639000694408,78.05598719519456,71.94489496845304,972.3963584780612,971.831583042677,40.21,2.58,2.64,505.97,7923.0,9643439.0,11329605.0
2018,1,850,MS,200.8818181818181,25.941431096344967,24.727745730847737,81.00207516685713,75.18438145290352,966.4614734727272,965.8394430210756,7.69,2.8,2.98,550.24,3356.0,2343119.0,2748023.0
2018,1,1607,MT,240.82857142857137,25.582405239544137,24.332365224894296,84.57352340683077,79.01945822595843,960.7628130259836,960.0157862130792,3.81,2.69,3.01,280.86,4168.0,2623944.0,3441998.0
2018,1,9290,GO,211.59047619047607,24.806440040806923,23.483585312553792,76.52777440894207,69.23398575799227,933.6225295636584,933.0617298353908,20.35,2.87,2.89,514.97,10955.0,6256140.0,6921161.0
2018,1,342,DF,660.7999999999985,22.760289301310035,21.32352620087332,76.64710698689947,69.32696506550204,895.258296943232,894.7437772925756,514.65,2.82,2.74,769.76,2030.0,2872910.0,2974703.0
2018,2,278,RO,241.6799999999997,26.032787204928223,25.04784356265501,86.2820959162482,80.95704364392819,982.914591571509,982.2198656827331,7.39,2.7,2.84,142.22,4107.0,1292114.0,1757589.0
2018,2,945,AC,166.64999999999992,25.665293761856724,24.74987362822083,88.48768588058017,84.38232078320483,987.0813163752013,986.4262619918112,5.3,3.39,3.54,122.85,1367.0,629627.0,869265.0
2018,2,509,AM,237.0399999999999,27.5318736767256,26.355384775839266,83.54274366979267,77.85837847389834,1003.991752698414,1003.3006487463448,2.62,2.58,3.59,162.08,3991.0,2485768.0,4080611.0
2018,2,88,RR,31.6,28.426009014217207,27.3557709189791,62.88293293936282,58.38849456149367,998.3073484069884,997.712370460775,2.57,3.77,4.13,236.03,1148.0,447714.0,576568.0
2018,2,1260,PA,336.19999999999993,25.82449463872318,24.892880661282128,85.53369489770589,80.76340550109302,995.6176451319534,994.8365387319132,6.82,2.87,3.5,68.87,29320.0,5138483.0,8513497.0
2018,2,143,AP,234.19999999999987,25.65339393287436,24.922907702237527,86.7068452380953,82.93452380952385,1009.2891019434884,1008.7093346600687,5.81,3.76,3.76,109.29,899.0,742138.0,829494.0
2018,2,567,TO,358.5263157894736,25.41486852717989,24.329007998344352,87.00753937825742,80.81163206343689,976.544196397686,975.9249304432112,5.6,3.15,2.99,460.43,1823.0,1333359.0,1555229.0
2018,2,253,MA,350.08333333333286,26.12359647084501,25.14128808021976,83.92556151400063,79.29245360033501,995.8439654573616,995.212354322522,21.19,2.85,3.38,131.15,43339.0,4050141.0,7035055.0
2018,2,242,PI,250.25333333333325,26.34442401960784,25.263506652661064,82.344734757669,76.88658999599795,980.6462797619048,980.0366421568624,12.97,2.96,3.14,197.18,9996.0,2064448.0,3264531.0
2018,2,1506,CE,180.27272727272728,27.012877795394004,25.84155317107985,76.33668658551498,71.38151863564553,982.9979749036752,982.4136019262362,60.96,2.9,3.07,232.96,14411.0,6678826.0,9075649.0
2018,2,985,RN,131.8,28.170962382392872,27.06815678710359,69.82251846950376,64.21731113358956,1002.2862270132442,1001.7185701411272,65.88,2.96,3.06,303.87,4286.0,2663836.0,3479010.0
2018,2,440,PB,164.44,27.067557161753594,25.811059417381266,72.23115582875435,65.94322306520043,972.1920773657484,971.6539205512988,70.77,2.85,3.05,317.83,7281.0,2937945.0,3996496.0
2018,2,1264,PE,114.4181818181818,27.354601804965167,25.93220569533776,69.50560988582457,63.21550620362732,963.658509598925,963.1292760950388,96.83,2.83,2.96,248.8,7917.0,7538379.0,9496294.0
2018,2,176,AL,81.0,27.673469387755087,26.455144557823125,74.0961275159826,68.81781462585035,997.4146045918372,996.9067814625856,119.32,2.76,2.94,241.53,3398.0,2360787.0,3322820.0
2018,2,29,SE,54.60000000000001,27.35473701599039,26.158269798751792,76.93465313055884,71.67411688726729,991.9824859483912,991.4936948826728,103.94,2.73,2.83,379.93,1317.0,1687628.0,2278308.0
2018,2,964,BA,111.9621621621622,26.35717498258561,25.10866738996619,76.54909504977843,70.64888647063613,969.0686822637444,968.54025308677,26.23,2.68,2.77,332.78,20925.0,10607504.0,14812617.0
2018,2,5426,MG,213.7525423728813,23.792827190770936,22.53479077280327,80.73557539825707,74.30834970868568,930.5791054529062,930.0802703395824,35.87,2.74,2.83,419.78,15535.0,17835172.0,21040662.0
2018,2,801,ES,177.49090909090904,25.6351536271106,24.44189767514957,81.036817002442,74.89272613960112,986.6676536333216,986.181292430335,86.19,2.7,2.78,414.68,4719.0,3335131.0,3972388.0
2018,2,2412,RJ,241.5777777777777,24.441746238929323,23.35108848255016,83.18333798417042,77.59367119060235,972.8957180907825,972.3403762768424,391.94,2.69,2.71,634.36,4359.0,16527120.0,17159960.0
2018,2,8779,SP,143.23333333333335,23.996990933782563,22.74044434692872,79.02094476297027,72.9700770601034,948.5553859254624,948.0556015578878,183.46,2.85,2.88,655.97,16873.0,43460950.0,45538936.0
2018,2,2162,PR,118.44347826086955,23.037841847579603,21.786304199624283,78.4830998310602,72.07943600420174,943.1497553162206,942.6692737978104,56.94,2.74,2.83,576.49,10871.0,9657404.0,11348937.0
2018,2,227,SC,97.0476190476191,21.239444417076747,20.05746923497232,78.0395680802675,75.75803510250114,944.5732100911308,944.1404347414388,73.9,2.75,2.78,476.42,7533.0,5982975.0,7075494.0
2018,2,117,RS,78.5658536585366,22.95609055731812,21.557307752074795,76.84748142442886,70.63963220060121,972.9525461074865,972.4633331442662,40.21,2.58,2.64,505.97,7923.0,9643439.0,11329605.0
2018,2,626,MS,127.18620689655172,25.86255854212878,24.47365826727422,76.9383859987768,70.5384051059412,965.3309146572542,964.758420268416,7.69,2.8,2.98,550.24,3356.0,2343119.0,2748023.0
2018,2,1631,MT,274.2137931034481,25.487481620925298,24.324140618472622,86.32097471125267,81.14879166467098,960.319406579834,959.596535426636,3.81,2.69,3.01,280.86,4168.0,2623944.0,3441998.0
2018,2,12784,GO,213.64,24.667531001111666,23.41498469643189,79.67189427815606,72.90315353068716,933.5830759677544,933.029839485816,20.35,2.87,2.89,514.97,10955.0,6256140.0,6921161.0
2018,2,300,DF,900.199999999999,22.4152193375112,21.113816771113104,81.32557445538643,74.86123545210398,894.585675917636,894.071053416891,514.65,2.82,2.74,769.76,2030.0,2872910.0,2974703.0
2018,3,205,RO,192.28,26.46967785795277,25.415917864178983,85.05175160976624,79.39792848631835,983.4171003236244,982.700971744688,7.39,2.7,2.84,142.22,4107.0,1292114.0,1757589.0
2018,3,967,AC,183.94999999999987,25.64600545574157,24.610152670024043,88.38385849099409,84.29054943060657,987.4630311124724,986.7346252438635,5.3,3.39,3.54,122.85,1367.0,629627.0,869265.0
2018,3,579,AM,165.90666666666664,27.89145402432068,26.69374517612899,83.11472827018859,77.3959532551407,1003.7833716895324,1002.9477398194568,2.62,2.58,3.59,162.08,3991.0,2485768.0,4080611.0
2018,3,114,RR,43.6,28.24110403339964,27.040542296045423,71.975205611998,66.21384095755171,997.9798791413572,997.2920433980177,2.57,3.77,4.13,236.03,1148.0,447714.0,576568.0
2018,3,1977,PA,276.3759999999997,26.469879125167346,25.42007780849996,84.61295656446312,79.33096012905821,994.9088483686588,994.0692342037516,6.82,2.87,3.5,68.87,29320.0,5138483.0,8513497.0
2018,3,222,AP,136.39999999999995,26.27741149979053,25.46940720569753,85.8655913978495,81.70698924731174,1009.0208568984784,1008.4074195293954,5.81,3.76,3.76,109.29,899.0,742138.0,829494.0
2018,3,708,TO,266.68421052631567,25.9822823717884,24.84343014304953,85.98457068869011,79.51815670624515,976.7307223493171,976.1041914451436,5.6,3.15,2.99,460.43,1823.0,1333359.0,1555229.0
2018,3,300,MA,164.51666666666657,27.09057594471252,26.021274975992945,81.63790198532773,76.75894081028876,997.1913087354014,996.568107107284,21.19,2.85,3.38,131.15,43339.0,4050141.0,7035055.0
2018,3,367,PI,124.28888888888888,26.434233684117988,25.303806564584345,81.86144422443792,76.29670480336237,978.1710206495652,977.5951753762414,12.97,2.96,3.14,197.18,9996.0,2064448.0,3264531.0
2018,3,2292,CE,110.14285714285712,27.301953094144388,26.065056904674407,76.76135414826656,71.52301888378284,980.274079482943,979.7023049285456,60.96,2.9,3.07,232.96,14411.0,6678826.0,9075649.0
2018,3,2389,RN,118.1714285714286,28.68197979355684,27.507771518999448,69.07339143894434,63.51184706016921,1002.632066118684,1002.075281166174,65.88,2.96,3.06,303.87,4286.0,2663836.0,3479010.0
2018,3,684,PB,52.71428571428572,26.643296723055297,25.40328757200068,74.73248117034643,68.74539110034277,969.1344811457872,968.597430902432,70.77,2.85,3.05,317.83,7281.0,2937945.0,3996496.0
2018,3,2058,PE,70.10769230769232,27.16590698747957,25.77298100013012,71.16171060393735,65.21724278165077,964.1137337450632,963.5773001658806,96.83,2.83,2.96,248.8,7917.0,7538379.0,9496294.0
2018,3,203,AL,52.600000000000016,27.795315444317986,26.59465754958116,73.58682298177206,68.52365715778284,997.8268442508256,997.2976837254428,119.32,2.76,2.94,241.53,3398.0,2360787.0,3322820.0
2018,3,30,SE,64.03333333333335,27.34988635487857,26.159983695524545,79.0743181508286,73.7050281545372,990.131367126079,989.62391661945,103.94,2.73,2.83,379.93,1317.0,1687628.0,2278308.0
2018,3,1580,BA,110.61578947368416,26.50866282741109,25.22806098684848,77.86782377433993,71.93452303181486,969.207385190328,968.6606992215708,26.23,2.68,2.77,332.78,20925.0,10607504.0,14812617.0
2018,3,7890,MG,143.9142857142857,24.61848075308184,23.238773724135807,79.50518799506047,72.8118253442963,930.6549388263278,930.1322114321368,35.87,2.74,2.83,419.78,15535.0,17835172.0,21040662.0
2018,3,1461,ES,145.58333333333326,26.304284636370788,25.04334158950168,81.44176212417288,75.16485510951529,986.3900681227648,985.887290977536,86.19,2.7,2.78,414.68,4719.0,3335131.0,3972388.0
2018,3,4437,RJ,263.38823529411746,24.88317612286772,23.757726431914445,83.46394941496479,77.72822699212412,972.869429985732,972.2964749502664,391.94,2.69,2.71,634.36,4359.0,16527120.0,17159960.0
2018,3,9206,SP,164.34736842105264,25.37317503461364,24.06851303536437,80.15282362234596,73.84776282213144,948.3513920648828,947.8105498862816,183.46,2.85,2.88,655.97,16873.0,43460950.0,45538936.0
2018,3,1984,PR,208.42857142857133,23.975358835281416,22.7443085687703,83.12779935808126,76.91303915879219,939.915259781088,939.369789166234,56.94,2.74,2.83,576.49,10871.0,9657404.0,11348937.0
2018,3,173,SC,200.26999999999992,21.739653337485947,20.698814743740662,81.75974497549916,80.42203648697104,943.7739180909967,943.2668807100716,73.9,2.75,2.78,476.42,7533.0,5982975.0,7075494.0
2018,3,98,RS,157.49756097560973,22.02069328505081,20.75078162922039,78.84787873968041,73.10291797833045,973.017931051014,972.4444959760592,40.21,2.58,2.64,505.97,7923.0,9643439.0,11329605.0
2018,3,741,MS,135.75862068965515,26.771941107582563,25.4604402117113,79.8082232726769,73.47528279176755,965.297382912153,964.6137625365272,7.69,2.8,2.98,550.24,3356.0,2343119.0,2748023.0
2018,3,1612,MT,189.27741935483863,25.959842607836784,24.76203881980998,85.07878544733337,79.84244940082547,960.851719300893,960.1128633399292,3.81,2.69,3.01,280.86,4168.0,2623944.0,3441998.0
2018,3,17787,GO,163.68571428571428,25.532325519369508,24.17773351962445,77.65850568598076,70.66340697330007,934.0958461811992,933.5231996240371,20.35,2.87,2.89,514.97,10955.0,6256140.0,6921161.0
2018,3,458,DF,1088.8000000000009,22.8656675749319,21.460735694822905,81.641689373297,74.42152588555872,895.0835967302446,894.5555858310634,514.65,2.82,2.74,769.76,2030.0,2872910.0,2974703.0
2018,4,274,RO,189.8499999999999,26.34892098060266,25.262018561527253,84.78029029542408,78.92822000112544,984.765841422847,984.1088342170538,7.39,2.7,2.84,142.22,4107.0,1292114.0,1757589.0
2018,4,1022,AC,162.8999999999999,25.869814219510207,24.7863397014298,86.98844599112782,82.92210650919586,989.6764119671968,988.9891204745765,5.3,3.39,3.54,122.85,1367.0,629627.0,869265.0
2018,4,586,AM,268.48571428571427,26.918113518387702,25.779254353524664,84.11518405344097,79.92754721797677,1005.4741652002732,1004.7597846947835,2.62,2.58,3.59,162.08,3991.0,2485768.0,4080611.0
2018,4,108,RR,246.0,26.04803030303029,25.16772727272727,86.04696969696974,81.74696969696974,995.8745454545448,995.2215151515146,2.57,3.77,4.13,236.03,1148.0,447714.0,576568.0
2018,4,1606,PA,278.078260869565,26.30300206211724,25.26883652377113,84.09423481453602,78.70294030173869,996.327741394964,995.5105431107124,6.82,2.87,3.5,68.87,29320.0,5138483.0,8513497.0
2018,4,253,AP,626.6000000000006,26.256944444444432,25.394583333333337,87.34861111111101,83.25694444444441,1010.5694444444442,1009.9505555555544,5.81,3.76,3.76,109.29,899.0,742138.0,829494.0
2018,4,1208,TO,127.0,26.04041075521444,24.861083074343536,83.03983153823307,76.63104416153065,977.7062656000564,977.153827361622,5.6,3.15,2.99,460.43,1823.0,1333359.0,1555229.0
2018,4,473,MA,185.65882352941173,26.930355236453284,25.848160115408007,81.89701157205266,76.9099047302831,997.7784807530433,997.1881508815655,21.19,2.85,3.38,131.15,43339.0,4050141.0,7035055.0
2018,4,274,PI,100.37647058823526,26.202265263975782,25.016656238498346,79.51662810246694,73.85663894419446,977.8212124279232,977.2741724941724,12.97,2.96,3.14,197.18,9996.0,2064448.0,3264531.0
2018,4,3448,CE,181.8363636363636,26.19276113079948,25.03876430732053,81.35249343079526,76.47680284781944,981.1470849685212,980.5764800113866,60.96,2.9,3.07,232.96,14411.0,6678826.0,9075649.0
2018,4,4826,RN,142.34285714285713,27.14311069545632,26.105127123912165,73.9823463266661,76.4449586249715,1003.279201502334,1002.6815633182022,65.88,2.96,3.06,303.87,4286.0,2663836.0,3479010.0
2018,4,2164,PB,237.5,25.25713731170432,24.247951327802635,82.2147403434881,77.04217492252462,975.2032446921216,974.6822915972274,70.77,2.85,3.05,317.83,7281.0,2937945.0,3996496.0
2018,4,4036,PE,153.31666666666658,25.699638790578767,24.48103863944077,76.7020091729597,71.34377206685207,965.2781313489093,964.7518790929056,96.83,2.83,2.96,248.8,7917.0,7538379.0,9496294.0
2018,4,259,AL,175.06666666666658,26.325585923728507,25.22315199458734,78.94276669844163,74.14524287940444,999.36515440395,998.8586276209804,119.32,2.76,2.94,241.53,3398.0,2360787.0,3322820.0
2018,4,40,SE,60.0857142857143,26.0321487783692,24.87151262876453,80.44848691067548,75.14972716954321,992.1545969162952,991.6717572969033,103.94,2.73,2.83,379.93,1317.0,1687628.0,2278308.0
2018,4,2257,BA,88.47000000000001,25.149579756281984,23.918070611389968,78.30249943997391,72.64953416347254,971.2333498003632,970.7372508620584,26.23,2.68,2.77,332.78,20925.0,10607504.0,14812617.0
2018,4,11661,MG,49.14603174603177,22.384182083996023,21.045413843999004,77.7194833812648,71.41428837840395,933.8155103529232,933.356880814809,35.87,2.74,2.83,419.78,15535.0,17835172.0,21040662.0
2018,4,2118,ES,164.21666666666655,23.491176344636763,22.311704692378207,85.85386439113675,80.3227001758891,990.80629053837,990.3397848129424,86.19,2.7,2.78,414.68,4719.0,3335131.0,3972388.0
2018,4,4718,RJ,128.68235294117645,22.59032085791426,21.443129457019488,83.72154891333801,78.21040205237314,977.3357975430677,976.7973541585789,391.94,2.69,2.71,634.36,4359.0,16527120.0,17159960.0
2018,4,8239,SP,41.17435897435897,23.041961821391208,21.66714561004736,75.15433954642243,68.92438132048167,952.7971970669432,952.3509090696152,183.46,2.85,2.88,655.97,16873.0,43460950.0,45538936.0
2018,4,2097,PR,24.683333333333337,22.1033003673242,20.73096087395867,75.48457318398401,68.95735640667878,943.612330988335,943.18975904833,56.94,2.74,2.83,576.49,10871.0,9657404.0,11348937.0
2018,4,253,SC,28.590000000000003,21.078094308453327,19.87855588818868,81.369653431692,75.56463877555174,952.854026746552,952.439460694872,73.9,2.75,2.78,476.42,7533.0,5982975.0,7075494.0
2018,4,86,RS,82.7142857142857,22.13196297944725,20.954672041406376,80.3906965138203,75.15250111972797,977.1508639673344,976.6767196942616,40.21,2.58,2.64,505.97,7923.0,9643439.0,11329605.0
2018,4,612,MS,32.142105263157895,25.404736063251868,23.948150207628725,73.07313843489788,66.83211597937198,969.4465204910543,968.9852602451024,7.69,2.8,2.98,550.24,3356.0,2343119.0,2748023.0
2018,4,1376,MT,114.64666666666666,25.360162163266985,24.141085016487736,83.58197521573565,78.33884507560448,966.2716765292956,965.5985553293244,3.81,2.69,3.01,280.86,4168.0,2623944.0,3441998.0
2018,4,19817,GO,94.33333333333331,23.855011168827417,22.564779962662577,76.98358903676785,70.46615321468224,935.6295547543338,935.1474330734796,20.35,2.87,2.89,514.97,10955.0,6256140.0,6921161.0
2018,4,608,DF,537.1999999999996,21.5075896580484,20.23338893522384,80.99721990547681,74.68362524325806,897.033194328607,896.5715318320838,514.65,2.82,2.74,769.76,2030.0,2872910.0,2974703.0
2018,5,239,RO,71.60000000000002,26.1961607733313,25.023315875318705,81.12104939557102,75.32285720465417,986.189587374232,985.6282267461831,7.39,2.7,2.84,142.22,4107.0,1292114.0,1757589.0
2018,5,904,AC,203.93333333333328,25.577099111734466,24.42477793361384,85.95539971949512,81.92857643758768,990.798714352501,990.2035156615242,5.3,3.39,3.54,122.85,1367.0,629627.0,869265.0
2018,5,442,AM,237.18571428571428,27.03235981049276,25.861764659417258,83.87384417814064,79.65250502874552,1005.9402662441896,1005.212140538915,2.62,2.58,3.59,162.08,3991.0,2485768.0,4080611.0
2018,5,166,RR,273.0666666666665,24.81648298629026,23.897167255361072,83.85446057290771,80.53021898550526,970.8440403343872,969.411024559802,2.57,3.77,4.13,236.03,1148.0,447714.0,576568.0
2018,5,1231,PA,182.63846153846148,26.567997486600152,25.478546714774154,82.98380851486881,77.88309635524182,996.7148947376124,995.9651518400636,6.82,2.87,3.5,68.87,29320.0,5138483.0,8513497.0
2018,5,143,AP,507.1999999999998,26.624731182795703,25.803494623655883,86.61827956989247,82.53897849462363,1011.0071236559138,1010.4110215053768,5.81,3.76,3.76,109.29,899.0,742138.0,829494.0
2018,5,1037,TO,14.38,26.5404513344198,25.079256218223573,73.66541480051424,66.85253466068247,978.3775674111158,977.8928004568212,5.6,3.15,2.99,460.43,1823.0,1333359.0,1555229.0
2018,5,761,MA,124.08571428571422,27.496637972306807,26.23357345245319,76.79410332613182,71.32168564261235,997.5051133356112,996.9603846529152,21.19,2.85,3.38,131.15,43339.0,4050141.0,7035055.0
2018,5,453,PI,9.4,27.320274009989625,25.824491062338463,66.1217413079933,60.35805664552348,979.3259418549876,978.8047235679232,12.97,2.96,3.14,197.18,9996.0,2064448.0,3264531.0
2018,5,1781,CE,67.58333333333334,25.97891908807897,24.810751973469245,78.24536483010625,73.41364218564136,981.8322879970368,981.331663615448,60.96,2.9,3.07,232.96,14411.0,6678826.0,9075649.0
2018,5,5438,RN,49.6,27.160710551533803,26.0717205552396,73.37765171817837,67.41454995164825,1004.2474795556276,1003.753889445537,65.88,2.96,3.06,303.87,4286.0,2663836.0,3479010.0
2018,5,3043,PB,74.13333333333334,24.96286788034142,23.84047116888423,77.73376390024748,72.3199411019495,975.39583818296,974.9225209765508,70.77,2.85,3.05,317.83,7281.0,2937945.0,3996496.0
2018,5,3697,PE,59.32727272727272,24.80181252248068,23.607525043087264,75.13069781237222,70.14318247538877,965.9636153283876,965.4860225927728,96.83,2.83,2.96,248.8,7917.0,7538379.0,9496294.0
2018,5,372,AL,102.99999999999996,25.65355033848353,24.55443408568107,83.70778647856332,78.86595798413325,1002.6333748838896,1002.15835345511,119.32,2.76,2.94,241.53,3398.0,2360787.0,3322820.0
2018,5,94,SE,81.30000000000007,25.16953208773809,24.00166596943024,84.08882967546921,78.77982106235935,993.4131854143608,992.9592283267104,103.94,2.73,2.83,379.93,1317.0,1687628.0,2278308.0
2018,5,2292,BA,78.42790697674415,24.54350293167825,23.29013538744312,76.11126148384658,70.69226866510994,972.5508405373448,972.0712868671123,26.23,2.68,2.77,332.78,20925.0,10607504.0,14812617.0
2018,5,7876,MG,23.087096774193547,20.735437155838373,19.2312049892715,73.87212825613022,67.65146249248647,934.327085382466,933.8761256704612,35.87,2.74,2.83,419.78,15535.0,17835172.0,21040662.0
2018,5,2330,ES,117.81666666666666,21.9778733300517,20.856940684631983,82.28493940525736,80.50237544893162,992.1515459362732,991.7003794216846,86.19,2.7,2.78,414.68,4719.0,3335131.0,3972388.0
2018,5,3641,RJ,81.73333333333335,20.44188182626096,19.28149877690708,83.63389267537532,78.31737499275262,978.6570963379736,978.1028645802631,391.94,2.69,2.71,634.36,4359.0,16527120.0,17159960.0
2018,5,7250,SP,26.365,20.62069136693108,19.168665065815023,72.86174286054599,66.74465382939157,953.4781920152708,953.0130629636589,183.46,2.85,2.88,655.97,16873.0,43460950.0,45538936.0
2018,5,1348,PR,49.095652173913045,19.04062067489277,17.694195909194587,75.94221101481479,69.9282321569902,944.3695871441524,943.8985886578558,56.94,2.74,2.83,576.49,10871.0,9657404.0,11348937.0
2018,5,211,SC,75.2095238095238,17.375299536720185,16.293501702411664,83.34527660594343,78.34293733399338,953.5214958064684,953.0659244660526,73.9,2.75,2.78,476.42,7533.0,5982975.0,7075494.0
2018,5,76,RS,108.90476190476193,17.0292923458211,15.995533751229326,83.04212186795371,78.50936693421453,978.2461208707936,977.7408645407664,40.21,2.58,2.64,505.97,7923.0,9643439.0,11329605.0
2018,5,632,MS,55.378947368421066,22.5810467549344,21.08987255332932,71.68559149804443,65.37431699654319,970.3881902765656,969.899141303732,7.69,2.8,2.98,550.24,3356.0,2343119.0,2748023.0
2018,5,1087,MT,35.787096774193564,24.789137404828136,23.38081924556312,76.33711614808098,70.47514219173091,968.074290426436,967.4539395296664,3.81,2.69,3.01,280.86,4168.0,2623944.0,3441998.0
2018,5,18490,GO,18.233333333333327,22.7359977069074,21.21227789240297,67.61544591479644,60.85202118485815,936.753019669148,936.310188943698,20.35,2.87,2.89,514.97,10955.0,6256140.0,6921161.0
2018,5,445,DF,108.60000000000002,20.73378414931021,19.16440357046256,70.9012713010549,64.01785231268596,898.1546659453613,897.7324857992963,514.65,2.82,2.74,769.76,2030.0,2872910.0,2974703.0
2018,6,95,RO,10.36,25.21227230222681,23.83555411621443,73.32280449002485,67.19021550737544,988.657112510561,988.1500989223327,7.39,2.7,2.84,142.22,4107.0,1292114.0,1757589.0
2018,6,558,AC,35.666666666666664,24.360453665892727,23.09441490878048,82.72529294862068,78.20483267995971,992.486810491832,991.9683004980676,5.3,3.39,3.54,122.85,1367.0,629627.0,869265.0
2018,6,369,AM,154.26666666666665,26.93867085715312,25.75116976759304,80.41750751680499,76.48961204309919,1007.4944420527218,1006.9285369620068,2.62,2.58,3.59,162.08,3991.0,2485768.0,4080611.0
2018,6,126,RR,265.7333333333332,18.66600766567756,19.336811737553585,87.27519602218393,85.51572081978706,1000.91396822453,1000.2952728321794,2.57,3.77,4.13,236.03,1148.0,447714.0,576568.0
2018,6,825,PA,59.42399999999999,26.976199967613127,25.721941773159497,77.18445313331176,71.36272509199952,997.2365717712275,996.5257042102146,6.82,2.87,3.5,68.87,29320.0,5138483.0,8513497.0
2018,6,86,AP,114.79999999999994,26.10670195502588,25.06961872324179,86.0472374546075,81.1520485527203,1011.0708831635432,1010.5079063797294,5.81,3.76,3.76,109.29,899.0,742138.0,829494.0
2018,6,465,TO,0.29,25.745666577992097,24.00519893778557,65.73242470277056,58.71290537434004,979.6036216344844,979.1417998945944,5.6,3.15,2.99,460.43,1823.0,1333359.0,1555229.0
2018,6,187,MA,33.25714285714286,27.59902657344044,26.189752133725616,69.82938829036961,63.99877192700112,998.2999889119002,997.804362292792,21.19,2.85,3.38,131.15,43339.0,4050141.0,7035055.0
2018,6,358,PI,1.5157894736842106,27.346712173241148,25.705334471124,56.44307591898336,50.937269756071416,980.6416320488393,980.131532718078,12.97,2.96,3.14,197.18,9996.0,2064448.0,3264531.0
2018,6,1227,CE,12.471428571428572,26.100718408068992,24.762822134832547,70.705365978951,65.51625762098544,983.0907429640127,982.6158822294964,60.96,2.9,3.07,232.96,14411.0,6678826.0,9075649.0
2018,6,4268,RN,18.166666666666668,26.58339021115245,25.391315575953488,70.0649712782646,62.13510101226456,1007.4012684250372,1006.927625225444,65.88,2.96,3.06,303.87,4286.0,2663836.0,3479010.0
2018,6,2145,PB,33.04444444444445,24.69163580246913,23.400756172839504,71.74783950617281,66.18443303247224,977.0422685185184,976.5859104938272,70.77,2.85,3.05,317.83,7281.0,2937945.0,3996496.0
2018,6,2371,PE,27.10769230769231,24.318876989807062,22.979182381954818,70.85269490709668,65.69313749176878,969.3428316367782,968.8789634627788,96.83,2.83,2.96,248.8,7917.0,7538379.0,9496294.0
2018,6,391,AL,53.68,24.285826822803248,23.136188543112244,81.176034147871,76.1379356697623,1002.3610917004896,1001.9220732300358,119.32,2.76,2.94,241.53,3398.0,2360787.0,3322820.0
2018,6,70,SE,84.65714285714289,24.08097760152517,22.972231228297147,84.7643854170687,79.49924916018077,995.3722603998616,994.9473502626485,103.94,2.73,2.83,379.93,1317.0,1687628.0,2278308.0
2018,6,1304,BA,71.96818181818183,23.42292906911287,22.1550222099487,76.04169366419566,70.81276138062121,974.2831435090518,973.8193500365117,26.23,2.68,2.77,332.78,20925.0,10607504.0,14812617.0
2018,6,3847,MG,7.399999999999999,20.68316525264995,19.19723476024852,72.59100107834624,66.74208409438502,936.2545209532324,935.814132088429,35.87,2.74,2.83,419.78,15535.0,17835172.0,21040662.0
2018,6,2105,ES,42.76666666666667,21.662230003140586,20.55007715744298,79.98089063435131,79.38476232720056,993.3210317425354,992.8848171807492,86.19,2.7,2.78,414.68,4719.0,3335131.0,3972388.0
2018,6,1912,RJ,60.16666666666666,19.8593231961348,18.78374015982464,83.85910915796273,78.78665287888373,979.355048892718,978.8058407272016,391.94,2.69,2.71,634.36,4359.0,16527120.0,17159960.0
2018,6,4517,SP,23.265,20.22829662421764,18.915021797443245,73.5251264512951,68.22296090218605,954.152463720168,953.6920722239416,183.46,2.85,2.88,655.97,16873.0,43460950.0,45538936.0
2018,6,769,PR,87.02500000000003,16.8284824098183,15.73081289564729,81.67855751133561,76.54930048792014,944.9271282999268,944.4350884885448,56.94,2.74,2.83,576.49,10871.0,9657404.0,11348937.0
2018,6,92,SC,109.952380952381,14.29242528918402,13.304102659961742,85.75131742392212,81.23668090765315,953.79890096679,953.266438209345,73.9,2.75,2.78,476.42,7533.0,5982975.0,7075494.0
2018,6,36,RS,117.07619047619046,12.511911800745064,11.474307150520715,85.5549779445914,81.30153108182378,979.1389803661812,978.5464100846052,40.21,2.58,2.64,505.97,7923.0,9643439.0,11329605.0
2018,6,340,MS,19.323809523809523,20.282195100813976,19.000647010441572,75.77295989083612,70.57434101143029,971.7267349905386,971.2366794793184,7.69,2.8,2.98,550.24,3356.0,2343119.0,2748023.0
2018,6,581,MT,7.451612903225805,23.5353155758612,22.05237520375451,71.70286939004379,66.14402728965827,969.0858422190338,968.480830731138,3.81,2.69,3.01,280.86,4168.0,2623944.0,3441998.0
2018,6,8571,GO,0.1333333333333333,22.72539033763473,21.10018494043111,62.070364078120754,55.49561148893733,937.7676771131128,937.3154494906491,20.35,2.87,2.89,514.97,10955.0,6256140.0,6921161.0
2018,6,305,DF,0.0,20.512975582055653,18.83160136286202,63.485235661555926,56.68171493469628,899.1823111868256,898.7649346961952,514.65,2.82,2.74,769.76,2030.0,2872910.0,2974703.0
2018,7,112,RO,6.9,26.49569057228484,24.72395797326213,61.038644280153946,53.835596241054205,990.5842938695343,990.056667146047,7.39,2.7,2.84,142.22,4107.0,1292114.0,1757589.0
2018,7,473,AC,30.4,25.99940158952781,24.40578284244973,76.70725572697526,71.01846891070595,991.5762255726976,991.0202124824684,5.3,3.39,3.54,122.85,1367.0,629627.0,869265.0
2018,7,398,AM,122.58461538461538,27.407463958320378,26.14384759293789,78.47404794842863,74.04662225978593,1007.1010492023188,1006.538957401792,2.62,2.58,3.59,162.08,3991.0,2485768.0,4080611.0
2018,7,184,RR,291.2999999999997,25.32525246171137,24.338598334255938,87.53353690364341,82.64737968472704,1000.8701083446564,1000.2616106176508,2.57,3.77,4.13,236.03,1148.0,447714.0,576568.0
2018,7,462,PA,59.56923076923076,27.30394370729956,25.948322413663703,73.80683341333882,67.79984136106873,996.9332960188876,996.196156465772,6.82,2.87,3.5,68.87,29320.0,5138483.0,8513497.0
2018,7,69,AP,187.46666666666664,26.65945340501792,25.61321684587813,83.91308243727593,78.74641577060929,1011.5715053763436,1011.0374999999996,5.81,3.76,3.76,109.29,899.0,742138.0,829494.0
2018,7,252,TO,0.18,25.89809698024738,23.960904559683016,58.17672100637186,50.68708334485614,979.3842447561808,978.8959123161438,5.6,3.15,2.99,460.43,1823.0,1333359.0,1555229.0
2018,7,102,MA,37.3875,27.52031932109072,26.0699839782987,66.67690692860195,61.05784322122479,998.461025112784,997.9515186050576,21.19,2.85,3.38,131.15,43339.0,4050141.0,7035055.0
2018,7,275,PI,1.17,27.788275924805355,26.132823201949595,50.283487879722585,45.15234407491566,981.153167369868,980.6367694546308,12.97,2.96,3.14,197.18,9996.0,2064448.0,3264531.0
2018,7,1105,CE,22.7,26.766350114697985,25.42717450437216,65.03248138907647,60.02689212593928,983.294554998208,982.7126884419392,60.96,2.9,3.07,232.96,14411.0,6678826.0,9075649.0
2018,7,4101,RN,42.942857142857136,26.81773120576165,25.6226674056578,63.83211519010735,57.074664623617934,1005.9888928642872,1005.4980454182328,65.88,2.96,3.06,303.87,4286.0,2663836.0,3479010.0
2018,7,1384,PB,35.75,24.793339307048985,23.53057048984468,67.12888291517324,62.17273556789685,977.1903225806452,976.7265681003583,70.77,2.85,3.05,317.83,7281.0,2937945.0,3996496.0
2018,7,1982,PE,32.953846153846165,23.51403230772093,22.310978716190032,70.80014342409015,65.9549377130206,966.352496900278,965.8938488890392,96.83,2.83,2.96,248.8,7917.0,7538379.0,9496294.0
2018,7,287,AL,69.59999999999998,23.68982263151131,22.56365900653824,80.98516634092445,76.04019464225945,1003.122453141554,1002.6885814132166,119.32,2.76,2.94,241.53,3398.0,2360787.0,3322820.0
2018,7,44,SE,72.02857142857147,23.26367013787671,22.137190454482493,83.97670888467796,78.74227331903317,995.9092502372374,995.4841242017144,103.94,2.73,2.83,379.93,1317.0,1687628.0,2278308.0
2018,7,831,BA,32.67272727272729,23.025740549762613,21.616259153568983,71.5977421814701,66.08893107154469,974.5139575366776,974.037646984568,26.23,2.68,2.77,332.78,20925.0,10607504.0,14812617.0
2018,7,2083,MG,4.516923076923076,20.19585977735961,18.464025730876656,65.68916252772969,59.520339109033216,936.1578894992884,935.7115761495644,35.87,2.74,2.83,419.78,15535.0,17835172.0,21040662.0
2018,7,1740,ES,10.830769230769231,21.136421051696807,19.76875646083576,78.90668057621411,76.43362326041614,993.5027470392964,993.0710613528169,86.19,2.7,2.78,414.68,4719.0,3335131.0,3972388.0
2018,7,1542,RJ,41.968421052631584,19.87567321276942,18.57194436585674,80.77013533023944,74.87691739009847,981.3963375112858,980.8263092179686,391.94,2.69,2.71,634.36,4359.0,16527120.0,17159960.0
2018,7,3287,SP,12.307692307692308,20.357373185216105,18.699053970205856,64.04213664486969,57.996576947492784,954.0903146573386,953.629451902907,183.46,2.85,2.88,655.97,16873.0,43460950.0,45538936.0
2018,7,877,PR,9.54782608695652,18.183985126329308,16.749791494664006,71.44453748969845,65.35365010690788,943.3735945098676,942.9315936266004,56.94,2.74,2.83,576.49,10871.0,9657404.0,11348937.0
2018,7,67,SC,52.15,15.383143341186242,14.322925991115488,83.64013515042511,78.8626076560438,950.7101157890928,950.246693258244,73.9,2.75,2.78,476.42,7533.0,5982975.0,7075494.0
2018,7,27,RS,139.953488372093,13.650268853338911,12.743266239206212,86.21158739557792,82.3122291401121,978.9085819765238,978.3354674813512,40.21,2.58,2.64,505.97,7923.0,9643439.0,11329605.0
2018,7,323,MS,1.157142857142857,21.418936341509816,19.68043451303622,64.13621620487064,57.74024759204013,971.2586002303498,970.7637960702604,7.69,2.8,2.98,550.24,3356.0,2343119.0,2748023.0
2018,7,347,MT,0.2,24.695371904265247,22.845441607629667,59.246334205043645,52.832689045847005,968.5460439888784,967.9091666099152,3.81,2.69,3.01,280.86,4168.0,2623944.0,3441998.0
2018,7,3602,GO,0.0,22.651887392763484,20.828030305296732,52.82695433819574,46.422272542129626,937.6358770053208,937.1827633641776,20.35,2.87,2.89,514.97,10955.0,6256140.0,6921161.0
2018,7,225,DF,0.0,20.47344086021507,18.716962365591417,56.260752688172005,50.051612903225845,899.0458064516131,898.6187365591403,514.65,2.82,2.74,769.76,2030.0,2872910.0,2974703.0
2018,8,94,RO,47.73333333333333,26.42353737426633,24.94780225108007,68.04819858683764,61.477810318006775,990.260163883553,989.6680977320856,7.39,2.7,2.84,142.22,4107.0,1292114.0,1757589.0
2018,8,499,AC,53.3,25.684761051005456,24.144647064425264,77.2248280132247,71.07729148789134,990.9939523431616,990.3631183821952,5.3,3.39,3.54,122.85,1367.0,629627.0,869265.0
2018,8,388,AM,63.04285714285714,27.64348279312001,26.341837062213013,80.03349363590334,73.92877603722614,1007.2355897553114,1006.588730873945,2.62,2.58,3.59,162.08,3991.0,2485768.0,4080611.0
2018,8,201,RR,52.73333333333335,18.204019434628968,17.363353629190573,79.6740820953177,75.22040319414361,1000.5722398742344,999.9484324537408,2.57,3.77,4.13,236.03,1148.0,447714.0,576568.0
2018,8,604,PA,61.14814814814816,27.47317902217248,26.142522814876543,74.82087760881417,69.00250762690786,996.899223937741,996.1124201269316,6.82,2.87,3.5,68.87,29320.0,5138483.0,8513497.0
2018,8,92,AP,35.333333333333336,27.512372169104125,26.349232021763527,78.46668329709392,73.03160029388694,1012.0073868882736,1011.4815928474268,5.81,3.76,3.76,109.29,899.0,742138.0,829494.0
2018,8,214,TO,11.670000000000003,28.00478687967638,26.107610022455443,55.95795427940039,48.629133631538814,978.8129162078344,978.2621413282116,5.6,3.15,2.99,460.43,1823.0,1333359.0,1555229.0
2018,8,131,MA,8.537499999999998,28.19754512197477,26.74323733703768,64.5270604470684,58.970905787922725,998.5855386585308,998.0275400082836,21.19,2.85,3.38,131.15,43339.0,4050141.0,7035055.0
2018,8,183,PI,1.8600000000000003,29.226996367611704,27.48957515532261,46.147068565366006,41.04626497606234,980.9376477063872,980.3639888396292,12.97,2.96,3.14,197.18,9996.0,2064448.0,3264531.0
2018,8,900,CE,8.275,27.49939737380913,26.063257698868863,61.65793040928972,56.4304127605829,983.8454390957936,983.2231871688308,60.96,2.9,3.07,232.96,14411.0,6678826.0,9075649.0
2018,8,2998,RN,5.0857142857142845,27.6375194360114,26.349813346604165,61.50228173075026,53.32054603387998,1006.320665929274,1005.7924264247137,65.88,2.96,3.06,303.87,4286.0,2663836.0,3479010.0
2018,8,937,PB,12.775000000000002,25.63797789725208,24.275970728793315,63.49626642771803,58.25591122908572,977.475806451613,976.957631421744,70.77,2.85,3.05,317.83,7281.0,2937945.0,3996496.0
2018,8,1846,PE,18.830769230769235,24.582888778864664,23.2389038108088,65.28399508545071,60.09419919444981,966.3321381835652,965.8250532680538,96.83,2.83,2.96,248.8,7917.0,7538379.0,9496294.0
2018,8,285,AL,27.97142857142857,24.702240211896044,23.46046561540967,75.5001850225481,70.1096225704484,1003.1732515780366,1002.6830758641784,119.32,2.76,2.94,241.53,3398.0,2360787.0,3322820.0
2018,8,39,SE,27.37142857142857,24.126158017585546,22.87505592390216,80.01418525792047,74.30353069143382,995.93997427087,995.468963836566,103.94,2.73,2.83,379.93,1317.0,1687628.0,2278308.0
2018,8,879,BA,28.737777777777787,24.363682654530034,22.96912895003304,68.64123620951068,63.228005501769765,974.2091279930736,973.6923759521968,26.23,2.68,2.77,332.78,20925.0,10607504.0,14812617.0
2018,8,1651,MG,34.390769230769244,21.40635002930771,19.859909209421748,65.86597491569273,60.10322508690974,935.716023276376,935.2134215695886,35.87,2.74,2.83,419.78,15535.0,17835172.0,21040662.0
2018,8,1375,ES,79.0769230769231,21.355750090650496,20.25483586054112,83.27548297772074,78.27452765144173,993.4244101695828,992.9351647865128,86.19,2.7,2.78,414.68,4719.0,3335131.0,3972388.0
2018,8,921,RJ,100.4736842105263,19.362071067598283,18.34708546092128,82.70228098630925,77.76201152054686,981.8475968790844,981.244864594962,391.94,2.69,2.71,634.36,4359.0,16527120.0,17159960.0
2018,8,2934,SP,62.71578947368423,19.18868365796332,17.845001502710115,72.8867635711936,67.42546210080849,954.1759094558938,953.634032136946,183.46,2.85,2.88,655.97,16873.0,43460950.0,45538936.0
2018,8,619,PR,93.60000000000002,16.25540261646739,14.954761793636548,75.65444097015538,69.8003493221347,943.8724679371802,943.3433764696643,56.94,2.74,2.83,576.49,10871.0,9657404.0,11348937.0
2018,8,54,SC,91.61,14.0443415001849,12.925341700480498,81.1880110500216,76.02211226416577,951.3376468665108,950.8289706609612,73.9,2.75,2.78,476.42,7533.0,5982975.0,7075494.0
2018,8,35,RS,134.69047619047623,13.021278946177569,11.92735343756601,81.8034906308904,76.00160257920541,979.6226877972036,979.0326586197588,40.21,2.58,2.64,505.97,7923.0,9643439.0,11329605.0
2018,8,245,MS,54.371428571428574,20.730151947467416,19.19855485121388,66.73375416561326,60.8900611933214,971.7454251254244,971.134178964078,7.69,2.8,2.98,550.24,3356.0,2343119.0,2748023.0
2018,8,264,MT,19.024242424242424,26.292928052475823,24.54131422046822,59.14403794130839,53.13826466293597,969.848315475589,969.1394743170048,3.81,2.69,3.01,280.86,4168.0,2623944.0,3441998.0
2018,8,2851,GO,13.283333333333331,24.92573611152337,23.14896697607744,49.501812625476525,43.52992050549649,936.9232565784412,936.4099996738912,20.35,2.87,2.89,514.97,10955.0,6256140.0,6921161.0
2018,8,162,DF,112.20000000000006,22.688763440860225,20.940188172043005,54.20591397849453,47.752150537634336,898.458870967741,897.9780645161286,514.65,2.82,2.74,769.76,2030.0,2872910.0,2974703.0
2018,9,57,RO,68.03333333333335,27.864391750836177,26.31729587874843,67.13412771919809,59.870540701214765,986.9716284328324,986.297448853064,7.39,2.7,2.84,142.22,4107.0,1292114.0,1757589.0
2018,9,664,AC,85.36666666666669,26.54943047100325,25.006539314691874,78.0564300932391,71.65560527940427,987.4482341835944,986.7686333617564,5.3,3.39,3.54,122.85,1367.0,629627.0,869265.0
2018,9,238,AM,93.13846153846154,28.594731049648736,27.302366913284263,78.5726664363016,71.90513919669428,1004.5637580617204,1003.842455305122,2.62,2.58,3.59,162.08,3991.0,2485768.0,4080611.0
2018,9,110,RR,135.3333333333333,22.1839586593636,21.100788341158047,77.59895018257694,73.07741914449657,969.6746244131458,968.1070148669796,2.57,3.77,4.13,236.03,1148.0,447714.0,576568.0
2018,9,320,PA,55.970370370370375,27.815524864428955,26.56066093177961,75.29464606677568,69.58763108188018,994.5143599533944,993.6917388298876,6.82,2.87,3.5,68.87,29320.0,5138483.0,8513497.0
2018,9,78,AP,81.8,28.134074074074064,26.91754629629632,76.68611111111109,71.43194444444445,1009.5600925925924,1009.004305555555,5.81,3.76,3.76,109.29,899.0,742138.0,829494.0
2018,9,194,TO,24.576470588235296,29.437862921511464,27.57171818422753,54.65638947025813,47.64021001991312,976.100657443216,975.4977418466552,5.6,3.15,2.99,460.43,1823.0,1333359.0,1555229.0
2018,9,81,MA,12.942857142857145,29.22521737033052,27.818268442864223,62.267335157110125,56.8761635602818,996.0483746946248,995.4493409212876,21.19,2.85,3.38,131.15,43339.0,4050141.0,7035055.0
2018,9,122,PI,8.330000000000004,30.67928722214811,28.973927616524094,44.12058533102556,39.19158978060654,978.135036344637,977.5221119926972,12.97,2.96,3.14,197.18,9996.0,2064448.0,3264531.0
2018,9,580,CE,1.5,28.356266319746105,26.910319215961977,59.280791655917774,54.29634381498218,981.6639284890914,981.0654650346692,60.96,2.9,3.07,232.96,14411.0,6678826.0,9075649.0
2018,9,1795,RN,8.457142857142857,28.10664525084904,26.817067797070127,61.5883455596691,52.740495095182624,1004.2058158878548,1003.630665126077,65.88,2.96,3.06,303.87,4286.0,2663836.0,3479010.0
2018,9,380,PB,15.625,26.31003086419752,24.96976851851852,62.14367283950616,57.20482794463592,975.3804629629632,974.8330709876542,70.77,2.85,3.05,317.83,7281.0,2937945.0,3996496.0
2018,9,1216,PE,13.584615384615384,25.697252832105043,24.344207030413468,62.92746881213421,57.97635634154309,964.0808818395532,963.5336196172944,96.83,2.83,2.96,248.8,7917.0,7538379.0,9496294.0
2018,9,183,AL,32.371428571428574,25.509531140816904,24.331606643164594,74.49717573429166,69.43765695018206,1000.9196075971956,1000.3807804730408,119.32,2.76,2.94,241.53,3398.0,2360787.0,3322820.0
2018,9,30,SE,9.37142857142857,25.1224098919178,23.87998455738207,76.9152384242676,71.44331810312539,993.6599747221524,993.1419869673938,103.94,2.73,2.83,379.93,1317.0,1687628.0,2278308.0
2018,9,603,BA,20.365217391304355,25.72808516946957,24.28361721851257,63.92549877429429,58.44249121668295,971.9962273855326,971.4300432735084,26.23,2.68,2.77,332.78,20925.0,10607504.0,14812617.0
2018,9,1550,MG,46.63809523809525,23.437173193813447,21.822751973242696,61.350053669219456,55.39230694152871,932.5572925765972,932.0121460455732,35.87,2.74,2.83,419.78,15535.0,17835172.0,21040662.0
2018,9,816,ES,27.86153846153845,22.74392377142056,21.58355234985424,78.93996243882326,73.56811922357198,990.09105337989,989.5454574415878,86.19,2.7,2.78,414.68,4719.0,3335131.0,3972388.0
2018,9,552,RJ,100.4842105263158,21.39794332772353,20.295086778578288,79.28688706935466,74.23215496865677,975.9723023040945,975.3253939438154,391.94,2.69,2.71,634.36,4359.0,16527120.0,17159960.0
2018,9,2977,SP,85.98461538461541,21.97012131936195,20.5597010703587,71.50483299984114,65.67469284493713,950.376063956199,949.8091264010465,183.46,2.85,2.88,655.97,16873.0,43460950.0,45538936.0
2018,9,770,PR,140.79130434782607,19.78347443361536,18.459552785213965,75.10843521304444,68.90823969657342,940.1712141579684,939.5733462331782,56.94,2.74,2.83,576.49,10871.0,9657404.0,11348937.0
2018,9,65,SC,174.95789473684204,17.75927808025812,16.757928513813265,84.48009187376145,79.5601336697463,947.763680429522,947.1921662633598,73.9,2.75,2.78,476.42,7533.0,5982975.0,7075494.0
2018,9,19,RS,181.33658536585364,18.030340844019424,17.05482037843657,83.77990817801296,79.30315116196061,976.1999115920656,975.559700182108,40.21,2.58,2.64,505.97,7923.0,9643439.0,11329605.0
2018,9,223,MS,145.86,23.694835342436523,22.179106373368807,68.21764430624735,62.0402023869644,967.54035259783,966.9059994191482,7.69,2.8,2.98,550.24,3356.0,2343119.0,2748023.0
2018,9,198,MT,54.940000000000005,27.30669109456327,25.541235263014634,61.197207004810544,54.75863748900272,966.9345633714069,966.1118751671798,3.81,2.69,3.01,280.86,4168.0,2623944.0,3441998.0
2018,9,2386,GO,43.76666666666667,26.58702375626405,24.7821773969995,49.17445025849534,42.84022784258644,935.2672342729,934.6898080191622,20.35,2.87,2.89,514.97,10955.0,6256140.0,6921161.0
2018,9,199,DF,216.2,24.399360578259657,22.55140394773424,49.36891854323039,42.75451765360027,895.7094801223242,895.179705309981,514.65,2.82,2.74,769.76,2030.0,2872910.0,2974703.0
2018,10,80,RO,113.06666666666668,27.69655460492188,26.497255836163944,77.71241177914617,71.4893760171256,986.1964607525472,985.4872252441857,7.39,2.7,2.84,142.22,4107.0,1292114.0,1757589.0
2018,10,1632,AC,220.2999999999999,26.477591855974698,25.283439908390257,84.88564225584187,79.68027046918361,986.6707455514584,985.9292793788472,5.3,3.39,3.54,122.85,1367.0,629627.0,869265.0
2018,10,229,AM,64.98666666666666,28.856105433214587,27.598481912003148,75.53840658662978,69.6413050487546,1002.830994606852,1002.0986663464404,2.62,2.58,3.59,162.08,3991.0,2485768.0,4080611.0
2018,10,103,RR,59.00000000000001,29.46459745188397,28.14043835276045,69.83049268094334,63.675600885515486,997.130627089545,996.5122198879552,2.57,3.77,4.13,236.03,1148.0,447714.0,576568.0
2018,10,213,PA,53.74999999999999,28.19139537251424,26.976835161929447,75.30554151813423,69.72217959090611,994.612817907938,993.8220971207336,6.82,2.87,3.5,68.87,29320.0,5138483.0,8513497.0
2018,10,114,AP,16.933333333333334,28.68387275985664,27.386605734767027,73.8527777777778,68.36787634408601,1009.2313593189964,1008.6616164874556,5.81,3.76,3.76,109.29,899.0,742138.0,829494.0
2018,10,333,TO,116.76470588235296,28.72006613471612,27.14555739962409,70.4422727212372,63.34553528331342,975.9909979018028,975.3045657625393,5.6,3.15,2.99,460.43,1823.0,1333359.0,1555229.0
2018,10,78,MA,42.293333333333344,29.040839699003133,27.77168574674745,67.3770240684425,62.15626484526288,995.9899356406056,995.380395026118,21.19,2.85,3.38,131.15,43339.0,4050141.0,7035055.0
2018,10,82,PI,52.888888888888886,30.432368321469003,28.84990800792256,54.13534695391217,48.44432806063708,977.434094689025,976.8073595104096,12.97,2.96,3.14,197.18,9996.0,2064448.0,3264531.0
2018,10,512,CE,5.375,28.785928581544987,27.371399313778927,60.74144766730653,55.673551370398336,980.9408523104324,980.3480225119384,60.96,2.9,3.07,232.96,14411.0,6678826.0,9075649.0
2018,10,1100,RN,0.425,28.72495119777785,27.467994188863088,60.43241161037893,54.97230400949656,1003.4501172368232,1002.8728308916498,65.88,2.96,3.06,303.87,4286.0,2663836.0,3479010.0
2018,10,370,PB,3.533333333333334,27.507601553166065,26.15533154121864,60.306600955794494,55.47495685649808,974.3074074074073,973.7477001194744,70.77,2.85,3.05,317.83,7281.0,2937945.0,3996496.0
2018,10,1526,PE,10.030769230769232,27.486065218457195,26.033008917648427,59.46390316983966,54.123267094459166,962.6048206785312,962.0489646750974,96.83,2.83,2.96,248.8,7917.0,7538379.0,9496294.0
2018,10,187,AL,5.7142857142857135,27.2946059317027,25.99838453142783,69.09384658917764,64.0253961516695,999.1387029142336,998.582137104548,119.32,2.76,2.94,241.53,3398.0,2360787.0,3322820.0
2018,10,58,SE,14.514285714285714,26.67466742022432,25.407429788714023,74.4070562187139,69.17759739318731,991.8349933856684,991.3013361157,103.94,2.73,2.83,379.93,1317.0,1687628.0,2278308.0
2018,10,828,BA,53.00000000000001,26.911881323059745,25.57095444275601,64.24988983438179,59.98969098732473,970.468186320432,969.8873897046772,26.23,2.68,2.77,332.78,20925.0,10607504.0,14812617.0
2018,10,2354,MG,139.35483870967744,24.631600140736573,23.291617291985165,70.57255982723824,64.73108711137,931.3545578188144,930.7873004735372,35.87,2.74,2.83,419.78,15535.0,17835172.0,21040662.0
2018,10,916,ES,101.21538461538464,23.800455343475285,22.753875333771337,80.79598548754655,75.89791380093213,988.504088421376,987.9527400658608,86.19,2.7,2.78,414.68,4719.0,3335131.0,3972388.0
2018,10,675,RJ,147.39047619047605,22.118140659545848,21.215992801901983,83.308282503739,78.68231509672664,975.704477079446,975.1071678383232,391.94,2.69,2.71,634.36,4359.0,16527120.0,17159960.0
2018,10,4502,SP,173.81499999999997,23.143732301473783,21.95130013507604,78.76063339039072,73.39563699370069,949.3304141862508,948.7564588111228,183.46,2.85,2.88,655.97,16873.0,43460950.0,45538936.0
2018,10,1246,PR,221.39199999999988,20.87005481862742,19.787992027719387,80.80785092225479,75.31865910847365,940.1298287295416,939.5470770898338,56.94,2.74,2.83,576.49,10871.0,9657404.0,11348937.0
2018,10,89,SC,235.7368421052631,18.473361659364524,17.597463926152493,85.83028432251376,81.3062155188496,946.9721069229818,946.382670452713,73.9,2.75,2.78,476.42,7533.0,5982975.0,7075494.0
2018,10,40,RS,152.03333333333333,18.82330298804836,17.716273429622134,79.90213804066417,74.67089168024054,975.854625583654,975.1742560336936,40.21,2.58,2.64,505.97,7923.0,9643439.0,11329605.0
2018,10,416,MS,215.89999999999995,25.969426941265528,24.691545527058825,77.33071969394051,71.4292309621371,966.0374678353752,965.4065073040896,7.69,2.8,2.98,550.24,3356.0,2343119.0,2748023.0
2018,10,243,MT,149.23749999999998,27.138997844631987,25.728620955130584,78.07245496274595,71.78129818498768,965.8694843067788,964.944777902156,3.81,2.69,3.01,280.86,4168.0,2623944.0,3441998.0
2018,10,3472,GO,146.96,26.213126141416936,24.8582405777903,70.37865637282319,63.68048365797311,934.6565077427364,934.0248604341816,20.35,2.87,2.89,514.97,10955.0,6256140.0,6921161.0
2018,10,256,DF,954.0000000000016,24.07347872913297,22.65452342487885,71.42541733979552,64.26144318793752,895.0061120086164,894.434841141626,514.65,2.82,2.74,769.76,2030.0,2872910.0,2974703.0
2018,11,96,RO,264.11999999999983,26.866838506145168,25.79514282949077,83.1467127460677,77.42470042330541,983.9606649915452,983.2652508609752,7.39,2.7,2.84,142.22,4107.0,1292114.0,1757589.0
2018,11,2207,AC,275.1333333333331,26.226900720561925,25.18840217154138,87.2772117542116,82.86415009002431,985.882672164182,985.1709465514564,5.3,3.39,3.54,122.85,1367.0,629627.0,869265.0
2018,11,176,AM,185.2571428571428,27.99601688086654,26.911455825281223,77.89174774316177,72.9440912764339,1003.0911509750453,1002.3788340827214,2.62,2.58,3.59,162.08,3991.0,2485768.0,4080611.0
2018,11,95,RR,64.00000000000001,29.2675,28.03013888888888,68.56111111111089,63.07083333333328,1000.3604166666674,999.7213888888896,2.57,3.77,4.13,236.03,1148.0,447714.0,576568.0
2018,11,290,PA,146.42142857142852,27.848399974327386,26.72976110854768,78.5165715574093,73.30688079039386,994.176866317384,993.3868503550584,6.82,2.87,3.5,68.87,29320.0,5138483.0,8513497.0
2018,11,69,AP,179.49999999999983,27.65493055555555,26.43236111111111,79.96249999999996,74.9104166666666,1008.397569444445,1007.8502777777784,5.81,3.76,3.76,109.29,899.0,742138.0,829494.0
2018,11,769,TO,217.1444444444444,27.41508584625912,26.09410624698493,78.81517544403638,72.12482627370717,975.7104523828192,975.0516547050894,5.6,3.15,2.99,460.43,1823.0,1333359.0,1555229.0
2018,11,78,MA,85.29333333333331,28.5495361297052,27.419529567269297,72.4629889295762,67.52266617130087,995.2341248850792,994.641801755838,21.19,2.85,3.38,131.15,43339.0,4050141.0,7035055.0
2018,11,81,PI,52.57000000000001,29.80360937915492,28.413188130830548,58.68848237376408,52.874782508958894,977.658474483915,977.0552012228276,12.97,2.96,3.14,197.18,9996.0,2064448.0,3264531.0
2018,11,394,CE,21.186666666666664,29.11314124850626,27.756607842724343,59.212733636430194,53.89524391122241,979.0739387644757,978.297483666193,60.96,2.9,3.07,232.96,14411.0,6678826.0,9075649.0
2018,11,936,RN,3.775,29.35353903239223,28.093792121563,58.416737782747965,52.5862567778889,1002.3711844172228,1001.7991755679908,65.88,2.96,3.06,303.87,4286.0,2663836.0,3479010.0
2018,11,314,PB,19.0,27.97048785744009,26.622567425638582,60.134860442304266,55.2598901597676,973.459545013178,972.9075829815908,70.77,2.85,3.05,317.83,7281.0,2937945.0,3996496.0
2018,11,1225,PE,15.492307692307694,27.69908306619604,26.33371809403297,59.758929242814126,54.68486425758109,961.9711675472008,961.426446904735,96.83,2.83,2.96,248.8,7917.0,7538379.0,9496294.0
2018,11,189,AL,29.400000000000013,27.42759420434841,26.22189192343605,70.43155350155043,65.35227714681383,998.6095669934645,998.0783204948648,119.32,2.76,2.94,241.53,3398.0,2360787.0,3322820.0
2018,11,49,SE,23.228571428571428,26.902314319948783,25.69027179642165,74.8374064766921,69.52857163384975,991.3546847996878,990.8357858254964,103.94,2.73,2.83,379.93,1317.0,1687628.0,2278308.0
2018,11,838,BA,105.78260869565216,26.329046437821773,25.109004226741447,71.75263278037629,66.26942262936092,970.2424059062428,969.6850029925888,26.23,2.68,2.77,332.78,20925.0,10607504.0,14812617.0
2018,11,3274,MG,247.60923076923063,23.14885459577101,22.002505971550328,79.51680966707782,73.7794693195212,931.423743379032,930.8932204990138,35.87,2.74,2.83,419.78,15535.0,17835172.0,21040662.0
2018,11,1026,ES,202.27692307692288,24.53358170318852,23.417901482144075,83.31951472013998,78.03662179578161,988.577830816926,988.0587730048072,86.19,2.7,2.78,414.68,4719.0,3335131.0,3972388.0
2018,11,817,RJ,260.25714285714275,23.223039384079,22.1944997457538,83.08857409395061,78.23067982603469,980.0723144264643,979.52450858806,391.94,2.69,2.71,634.36,4359.0,16527120.0,17159960.0
2018,11,5900,SP,186.2216216216216,23.3963331062721,22.174695399117056,78.93433747809522,73.23074522535791,949.017204946265,948.4700057697016,183.46,2.85,2.88,655.97,16873.0,43460950.0,45538936.0
2018,11,1497,PR,101.34166666666668,22.689627504120423,21.399025842139075,76.68348682745521,70.26447113687566,939.5573162465464,939.0046394908544,56.94,2.74,2.83,576.49,10871.0,9657404.0,11348937.0
2018,11,161,SC,121.8818181818182,20.61119795130289,19.494683861921285,81.72803753772982,76.04949458783585,943.2855244778084,942.74343919305,73.9,2.75,2.78,476.42,7533.0,5982975.0,7075494.0
2018,11,49,RS,173.65238095238092,21.898377787917784,20.66794444308603,74.672967864229,68.70585933908134,973.5795591673603,972.9487363079296,40.21,2.58,2.64,505.97,7923.0,9643439.0,11329605.0
2018,11,1333,MS,183.7095238095237,25.905335286879463,24.692841209270465,78.44266273371704,72.71797260187827,965.3032631190345,964.699360885056,7.69,2.8,2.98,550.24,3356.0,2343119.0,2748023.0
2018,11,443,MT,271.9939393939392,26.037931183598715,24.86857518820729,84.50624558616832,79.28688431650463,964.6123473242144,963.8337677922284,3.81,2.69,3.01,280.86,4168.0,2623944.0,3441998.0
2018,11,4889,GO,309.75199999999995,24.395290339747845,23.266051367325485,80.4496022974217,74.44609631064993,934.285773173245,933.709793093808,20.35,2.87,2.89,514.97,10955.0,6256140.0,6921161.0
2018,11,320,DF,1775.8000000000056,21.880347144456863,20.71945688689812,84.57110862262023,78.55739081746934,894.7914333706595,894.2535834266522,514.65,2.82,2.74,769.76,2030.0,2872910.0,2974703.0
2018,12,91,RO,341.9999999999999,26.13771231671554,25.09756187683284,84.89981818181819,79.33116813294227,985.975322091886,985.2788362658844,7.39,2.7,2.84,142.22,4107.0,1292114.0,1757589.0
2018,12,1896,AC,203.35999999999984,25.62887037663964,24.57674778202296,88.16477043736198,83.6657440768863,988.3180898126204,987.647454666484,5.3,3.39,3.54,122.85,1367.0,629627.0,869265.0
2018,12,165,AM,248.72499999999985,26.40426648437068,25.396263489266747,83.30380764594048,78.62767078679353,1005.3764768983306,1004.7077175532986,2.62,2.58,3.59,162.08,3991.0,2485768.0,4080611.0
2018,12,122,RR,43.3,26.7505620090256,25.719305393058107,75.23137580459134,70.56436497749004,999.6720892863784,999.0793836272647,2.57,3.77,4.13,236.03,1148.0,447714.0,576568.0
2018,12,417,PA,249.1142857142856,26.119281782098355,25.14087269436944,84.67954463702766,79.8309086173119,996.7557317866034,995.9886490453936,6.82,2.87,3.5,68.87,29320.0,5138483.0,8513497.0
2018,12,49,AP,450.6,25.314650537634403,24.49616935483872,87.58602150537642,84.45228494623652,1010.6319892473118,1010.078024193548,5.81,3.76,3.76,109.29,899.0,742138.0,829494.0
2018,12,1919,TO,147.07058823529408,27.11801521264659,25.72715343969801,78.02440804801994,71.18185078922714,977.077422145413,976.489374757946,5.6,3.15,2.99,460.43,1823.0,1333359.0,1555229.0
2018,12,55,MA,141.89999999999998,27.50267297398168,26.38653558509432,76.40625596746062,71.22148452762143,997.9765336681902,997.3959152053432,21.19,2.85,3.38,131.15,43339.0,4050141.0,7035055.0
2018,12,107,PI,147.73333333333335,27.22051761049533,26.051090062076103,73.21673643102406,67.4999103119225,980.0196469770736,979.4462946592566,12.97,2.96,3.14,197.18,9996.0,2064448.0,3264531.0
2018,12,417,CE,98.68571428571428,27.399464305620487,26.15437215536325,71.67354200781807,65.73641990117052,980.671358117688,980.109517459353,60.96,2.9,3.07,232.96,14411.0,6678826.0,9075649.0
2018,12,747,RN,36.16666666666666,29.045281444438128,27.811020453833176,61.453189083172695,56.11986700063032,1003.3720996055092,1002.8405947216752,65.88,2.96,3.06,303.87,4286.0,2663836.0,3479010.0
2018,12,263,PB,49.275,27.43442353643968,26.16060334528077,64.91457586618874,59.50045630131216,974.3359468339308,973.811917562724,70.77,2.85,3.05,317.83,7281.0,2937945.0,3996496.0
2018,12,1127,PE,81.98,27.025593218123444,25.70249572484042,66.5069830107559,60.68344834840251,963.0637552357005,962.5354919506392,96.83,2.83,2.96,248.8,7917.0,7538379.0,9496294.0
2018,12,208,AL,93.76000000000003,27.44589708761548,26.23756362506797,72.12352248618728,66.84313039629605,999.0963757486672,998.5830760420348,119.32,2.76,2.94,241.53,3398.0,2360787.0,3322820.0
2018,12,28,SE,51.4,27.141812956714052,25.937963617551738,75.24652520115822,69.95205432984149,991.8638697753044,991.3352324712224,103.94,2.73,2.83,379.93,1317.0,1687628.0,2278308.0
2018,12,822,BA,153.43555555555554,25.73277984141674,24.51836245381173,75.87806628274868,70.19045728850836,970.896226444674,970.3648915041424,26.23,2.68,2.77,332.78,20925.0,10607504.0,14812617.0
2018,12,6120,MG,242.49538461538447,24.109465599456808,22.71534362123424,78.08533139608582,71.40698195703662,931.4417756704842,930.8981795955503,35.87,2.74,2.83,419.78,15535.0,17835172.0,21040662.0
2018,12,1810,ES,194.5692307692308,25.170726897859826,24.001998568303936,82.83256703221126,77.3697359458397,987.204682205706,986.6873479814724,86.19,2.7,2.78,414.68,4719.0,3335131.0,3972388.0
2018,12,1260,RJ,144.58095238095234,24.754188016377288,23.50943946407058,80.6526403608685,74.9227284613394,979.4209165092032,978.900428668885,391.94,2.69,2.71,634.36,4359.0,16527120.0,17159960.0
2018,12,9739,SP,133.5179487179487,25.348555297251128,23.86599148481332,74.42018198076795,67.40241448663276,948.9832955982076,948.4267640039592,183.46,2.85,2.88,655.97,16873.0,43460950.0,45538936.0
2018,12,1780,PR,82.01666666666668,24.52704725300003,22.966709600758787,72.03273171505978,64.8188838135054,939.8832355104204,939.3312925770836,56.94,2.74,2.83,576.49,10871.0,9657404.0,11348937.0
2018,12,169,SC,135.79999999999998,22.379364911658985,21.055141297923576,77.78206419357734,71.3180720141228,944.323709447065,943.7747783795048,73.9,2.75,2.78,476.42,7533.0,5982975.0,7075494.0
2018,12,39,RS,121.10232558139536,22.985890180852365,21.63088697542523,74.57543583190083,68.32553128342768,973.3870351876304,972.7639334056328,40.21,2.58,2.64,505.97,7923.0,9643439.0,11329605.0
2018,12,4369,MS,109.10243902439026,27.16318046374052,25.68458571049032,72.04250746950028,65.11636381453972,967.0010683312846,966.4167069306576,7.69,2.8,2.98,550.24,3356.0,2343119.0,2748023.0
2018,12,764,MT,208.56249999999991,26.06665864317836,24.78020517784721,82.0313115819033,76.40081501082899,967.0963489410984,966.3334829661428,3.81,2.69,3.01,280.86,4168.0,2623944.0,3441998.0
2018,12,6367,GO,222.552,25.249085044276967,23.86130085576436,75.09167229134128,68.03535547072799,935.4026916727548,934.831929640394,20.35,2.87,2.89,514.97,10955.0,6256140.0,6921161.0
2018,12,521,DF,833.4000000000002,22.72889487870619,21.233854447439374,78.47169811320768,70.99029649595684,895.7392722371967,895.2094609164412,514.65,2.82,2.74,769.76,2030.0,2872910.0,2974703.0
2019,1,123,RO,351.14999999999986,25.746202956989247,24.72765456989247,85.32022849462366,80.21001344086025,984.1926747311828,983.5385080645163,7.47,2.92,3.0,151.28,4081.0,1330800.0,1777225.0
2019,1,2466,AC,316.87999999999965,25.672219371130662,24.61257820136852,88.6298305637015,84.19071358748779,988.5410654936464,987.8543157380252,5.37,3.21,3.3,115.1,1362.0,638685.0,881935.0
2019,1,433,AM,271.13333333333304,26.715175780190087,25.67939852442279,81.2553122680242,76.45028954403053,1005.6191097050896,1004.9517467883136,2.66,3.52,3.77,192.35,4519.0,3285860.0,4144597.0
2019,1,170,RR,5.000000000000001,28.861021505376343,27.601747311827985,61.26478494623661,56.55779569892468,1002.8834677419358,1002.2952956989236,2.7,3.76,3.95,235.04,1350.0,473160.0,605761.0
2019,1,943,PA,251.87407407407392,26.185051285310887,25.15889579989088,85.13096811143241,80.20680129419091,996.9072884596892,996.122894383952,6.89,3.13,3.37,71.16,28063.0,5869143.0,8602865.0
2019,1,79,AP,184.66666666666657,27.81227598566309,26.78687275985664,78.81720430107528,73.20430107526883,1009.8937724014332,1009.3240143369176,5.92,3.85,3.82,116.36,861.0,756416.0,845731.0
2019,1,5474,TO,112.89999999999996,27.74774663535619,26.230068070601416,77.23846157652932,69.65400739009134,977.9801445295936,977.3566397804524,5.66,2.88,2.99,445.17,2125.0,1252038.0,1572866.0
2019,1,332,MA,175.74999999999991,27.27338934635458,26.145676397700463,78.25730579954016,72.3636805891753,998.3646543729584,997.7501179288151,21.31,3.07,3.37,150.2,38237.0,4472250.0,7075181.0
2019,1,238,PI,73.8777777777778,27.86790333635925,26.52419768894136,71.87243618459703,65.48769247368638,980.25462199449,979.682993301049,13.01,3.18,3.18,233.65,9702.0,2157792.0,3273227.0
2019,1,919,CE,86.40000000000003,27.28088149528908,26.03859485699224,73.9816458886026,68.01613984684799,980.736864179295,980.1788266758808,61.34,3.0,3.07,256.88,15604.0,6884562.0,9132078.0
2019,1,831,RN,61.45,28.945671018310428,27.707070063866887,68.7466731778289,60.81426625928147,1002.7836842906338,1002.224828282491,66.4,2.99,3.06,302.43,3534.0,2743424.0,3506853.0
2019,1,406,PB,58.500000000000014,27.5161965602687,26.209418270919244,66.2242931935319,60.55222911779603,974.7515655987564,974.2093679423042,71.16,2.95,3.06,324.14,5827.0,3046153.0,4018127.0
2019,1,1480,PE,28.000000000000007,27.474812497026296,26.1224047391928,64.3316370411069,58.91833587214182,963.4252324427772,962.88293062183,97.45,2.78,2.91,258.0,9705.0,7669971.0,9557071.0
2019,1,410,AL,68.16,27.28796000284938,26.084730563025555,73.75617485085027,68.63306900036426,999.8889779659328,999.3911501047592,119.84,2.8,2.96,258.88,4923.0,2472387.0,3337357.0
2019,1,60,SE,18.485714285714284,27.52568097746012,26.22816238579405,73.05074279583825,67.55570089274828,993.0867942742896,992.555741472216,104.87,2.75,2.91,414.68,2829.0,1704001.0,2298696.0
2019,1,2993,BA,26.181395348837214,27.238222282483747,25.782710975596583,66.9983798054984,60.98216701804338,972.2064210143672,971.6880160941326,26.34,2.84,2.86,343.48,23387.0,10820867.0,14873064.0
2019,1,21159,MG,62.50461538461538,25.67875648318876,24.08027140707629,70.11945728598445,62.783137541789024,932.9921577463808,932.4782347956992,36.09,2.78,2.84,453.56,24712.0,18147336.0,21168791.0
2019,1,4210,ES,14.307692307692308,27.209988839591706,25.684138398312164,75.60836384003606,69.20175571674355,989.2522450117776,988.7711296832452,87.2,2.75,2.83,424.05,6115.0,3376523.0,4018650.0
2019,1,2381,RJ,126.66666666666666,26.791678092798247,25.353765276854187,76.39646639279373,69.97440315775383,975.7579526252534,975.1604026899984,394.34,2.63,2.66,677.9,4911.0,16688483.0,17264943.0
2019,1,31724,SP,163.6216216216216,26.56195932235972,25.05489458868113,75.77438271190279,68.4260096683229,950.1470767236468,949.5846331466436,184.99,2.84,2.85,638.22,26059.0,44064368.0,45919049.0
2019,1,3067,PR,178.1083333333333,25.508456500781776,24.05523433808621,77.96181030058622,70.53814181002001,941.227394303881,940.664960579838,57.37,2.76,2.83,630.59,12217.0,9819657.0,11433957.0
2019,1,259,SC,192.34285714285707,24.24746371657143,23.048098202426324,83.04027471391805,77.34718737472181,945.2311877187628,944.691154057596,74.84,2.75,2.8,494.87,7413.0,6086018.0,7164788.0
2019,1,125,RS,239.07441860465107,24.89546108874845,23.738451398696885,82.05271779493974,76.72311907447565,973.641510142384,973.0281163499702,40.38,2.57,2.62,546.76,8129.0,9736604.0,11377239.0
2019,1,4726,MS,126.31499999999994,27.79182331767092,26.3308473183702,76.18180334545751,69.11881362555334,968.1282131664368,967.525014953046,7.78,2.84,3.0,617.65,6319.0,2380403.0,2778986.0
2019,1,1199,MT,196.4645161290322,25.95851804985716,24.65479082878759,82.67780598587643,77.02942035465192,968.0030892292028,967.2335966010064,3.86,2.95,3.04,318.32,4545.0,2854105.0,3484466.0
2019,1,11406,GO,117.64166666666668,25.809540202695924,24.334104477095003,72.25557124069442,64.80278892418937,936.6512984167506,936.0759815999896,20.64,2.8,2.83,537.38,13224.0,6368656.0,7018354.0
2019,1,969,DF,429.5999999999996,23.79478260869565,22.15562412342216,71.57110799438993,63.47545582047688,897.187713884992,896.693828892006,521.67,3.03,2.99,885.97,3650.0,2912087.0,3015268.0
2019,2,131,RO,367.5999999999998,25.952715773809523,24.946651785714288,86.08519345238093,81.06249999999997,983.5290178571428,982.8280505952384,7.47,2.92,3.0,151.28,4081.0,1330800.0,1777225.0
2019,2,1994,AC,323.5999999999997,25.918790309577552,24.893346120427097,88.87050660181302,84.6049269500878,987.9676073354474,987.255278371224,5.37,3.21,3.3,115.1,1362.0,638685.0,881935.0
2019,2,514,AM,262.6266666666665,26.85132094841977,25.87149821418023,83.10357887937306,78.52802872429329,1005.203894281669,1004.5215074324892,2.66,3.52,3.77,192.35,4519.0,3285860.0,4144597.0
2019,2,187,RR,0.2,29.35133928571431,28.1458333333333,56.89880952380942,52.68303571428573,1002.5340773809528,1001.9110119047614,2.7,3.76,3.95,235.04,1350.0,473160.0,605761.0
2019,2,1328,PA,276.6846153846152,26.36438557509043,25.352171313018665,85.74759558656444,80.76722051001165,996.7220293431596,995.9093475715756,6.89,3.13,3.37,71.16,28063.0,5869143.0,8602865.0
2019,2,85,AP,290.7999999999998,26.105379053461885,25.222089541338004,86.11501241600936,82.57725618365957,1010.39754601227,1009.8190640520012,5.92,3.85,3.82,116.36,861.0,756416.0,845731.0
2019,2,6741,TO,159.75789473684205,26.42082055694332,25.151888833801927,84.250711834911,77.9984537922041,977.3399584566946,976.653007502634,5.66,2.88,2.99,445.17,2125.0,1252038.0,1572866.0
2019,2,469,MA,215.96666666666667,27.04354260377104,25.930761178589115,81.40722981155761,75.45152169403833,997.7540975705914,997.0698161025008,21.31,3.07,3.37,150.2,38237.0,4472250.0,7075181.0
2019,2,328,PI,173.45333333333332,27.153845914598136,25.957720259625617,78.83205772270546,73.00248181687432,978.6173755404136,977.9361478630112,13.01,3.18,3.18,233.65,9702.0,2157792.0,3273227.0
2019,2,1667,CE,122.93333333333334,26.896013706772585,25.71336587398332,80.05818681350316,74.55468665844155,981.7396904361482,981.0302597575984,61.34,3.0,3.07,256.88,15604.0,6884562.0,9132078.0
2019,2,916,RN,42.52,29.39485737480572,28.074915083347484,72.13527874150486,65.18450590522951,1001.7756950219356,1001.2028798020352,66.4,2.99,3.06,302.43,3534.0,2743424.0,3506853.0
2019,2,647,PB,125.39999999999998,27.016740772786548,25.87634532695888,74.938663983181,69.40201059443487,973.8110202892544,973.2384245521962,71.16,2.95,3.06,324.14,5827.0,3046153.0,4018127.0
2019,2,2782,PE,66.0,27.73982392676448,26.41608707538083,68.67826256762768,63.03975933613926,962.137383392968,961.5520628923816,97.45,2.78,2.91,258.0,9705.0,7669971.0,9557071.0
2019,2,568,AL,60.080000000000005,28.505175635276533,27.2871657743815,73.52218062673501,68.37645925803058,998.0400193709772,997.4883587291416,119.84,2.8,2.96,258.88,4923.0,2472387.0,3337357.0
2019,2,55,SE,27.366666666666667,28.468697408682345,27.239580046375988,74.96422595142475,69.65737055364313,992.88402239912,992.35033736135,104.87,2.75,2.91,414.68,2829.0,1704001.0,2298696.0
2019,2,5870,BA,54.39090909090909,27.90259918517925,26.48739063656022,70.88106589961977,64.89080913972116,970.3492114424846,969.7591085208992,26.34,2.84,2.86,343.48,23387.0,10820867.0,14873064.0
2019,2,43831,MG,193.40307692307684,25.197197711043664,23.7659192479002,76.3408868304076,69.63200235313441,931.0226143532112,930.454871099422,36.09,2.78,2.84,453.56,24712.0,18147336.0,21168791.0
2019,2,5158,ES,118.70769230769233,27.288045263810467,25.92107480225628,78.64888125111769,72.44103126930926,986.5561725264644,986.0286453141536,87.2,2.75,2.83,424.05,6115.0,3376523.0,4018650.0
2019,2,2358,RJ,308.7428571428571,25.294549890295208,24.12207845182887,80.4540642029104,76.78030260241384,973.426414175526,972.8199041272932,394.34,2.63,2.66,677.9,4911.0,16688483.0,17264943.0
2019,2,70404,SP,238.98918918918912,24.83240460843352,23.5128801712676,79.6966991254702,73.43607020065917,948.5295121056351,947.9636788049338,184.99,2.84,2.85,638.22,26059.0,44064368.0,45919049.0
2019,2,5523,PR,185.89999999999995,23.810653034400296,22.437626400961605,78.77448837095194,72.13026396353473,939.5629296251428,939.0239879980768,57.37,2.76,2.83,630.59,12217.0,9819657.0,11433957.0
2019,2,403,SC,206.3652173913043,21.651300744485194,20.520726740130154,84.53573268592109,79.096986173491,938.1765455439712,937.6588407967764,74.84,2.75,2.8,494.87,7413.0,6086018.0,7164788.0
2019,2,132,RS,106.31162790697674,23.24875116856434,21.94786705238497,78.90112609328239,72.8844672172244,973.6871287094754,973.1278921532816,40.38,2.57,2.62,546.76,8129.0,9736604.0,11377239.0
2019,2,9410,MS,179.43999999999994,26.743731765814218,25.35454401373095,78.03155431429792,71.41393208695142,966.5030763770812,965.9186355976152,7.78,2.84,3.0,617.65,6319.0,2380403.0,2778986.0
2019,2,1391,MT,215.29696969696963,26.00705501145714,24.764861838321767,84.00676410474584,78.51251632882173,965.888441793224,965.1210318135088,3.86,2.95,3.04,318.32,4545.0,2854105.0,3484466.0
2019,2,15393,GO,213.352,25.259745507818675,23.902701175476,78.5699975366573,71.67069340832816,935.2572073441416,934.6445549024024,20.64,2.8,2.83,537.38,13224.0,6368656.0,7018354.0
2019,2,2462,DF,905.2,23.23643688451212,21.791823336317503,80.03909280811696,72.81826320501348,895.5928379588189,895.0227394807516,521.67,3.03,2.99,885.97,3650.0,2912087.0,3015268.0
2019,3,205,RO,336.6999999999997,26.340154569892483,25.30090725806452,85.19388440860217,79.95799731182801,983.6520833333332,982.9747983870972,7.47,2.92,3.0,151.28,4081.0,1330800.0,1777225.0
2019,3,1504,AC,331.9199999999997,26.14379056206145,25.06661103727118,88.4777901509527,83.99158175076435,988.2291839292418,987.5046059642698,5.37,3.21,3.3,115.1,1362.0,638685.0,881935.0
2019,3,387,AM,216.4399999999999,27.68407523841756,26.599526561504643,83.54350567405602,78.2172252448995,1005.302194825444,1004.5868193559232,2.66,3.52,3.77,192.35,4519.0,3285860.0,4144597.0
2019,3,230,RR,6.999999999999999,30.768817204301047,29.466129032258067,51.90456989247314,47.676075268817215,1002.0567204301066,1001.4006720430108,2.7,3.76,3.95,235.04,1350.0,473160.0,605761.0
2019,3,1270,PA,371.8148148148149,26.08328354345731,25.13705652212644,87.34419478541724,82.63301743430993,996.9176735784932,996.111177016228,6.89,3.13,3.37,71.16,28063.0,5869143.0,8602865.0
2019,3,148,AP,130.19999999999996,27.000692913911703,25.844920022707544,83.07819352612482,78.61298392662346,1010.9325485874576,1010.330350742448,5.92,3.85,3.82,116.36,861.0,756416.0,845731.0
2019,3,5972,TO,281.8631578947367,26.12710613534515,24.96716005958072,86.03881192541206,80.30762292493002,977.62860292694,976.9794446537912,5.66,2.88,2.99,445.17,2125.0,1252038.0,1572866.0
2019,3,840,MA,303.00000000000006,26.81522514775489,25.74220391878117,79.98857461522883,79.60447299894112,997.9092910451834,997.2426839586402,21.31,3.07,3.37,150.2,38237.0,4472250.0,7075181.0
2019,3,735,PI,178.12222222222215,26.90482149819204,25.73529980025289,81.5399925551765,75.66330288339763,980.0275077196748,979.390832678746,13.01,3.18,3.18,233.65,9702.0,2157792.0,3273227.0
2019,3,2934,CE,175.7538461538461,26.416366088031143,25.28162730581328,85.00523523843916,79.25428652996305,984.3653266674308,983.7572859279536,61.34,3.0,3.07,256.88,15604.0,6884562.0,9132078.0
2019,3,1770,RN,180.11428571428564,27.694700200749807,26.564030964254776,80.85067217162482,74.553676679513,1002.320692190401,1001.6976181051398,66.4,2.99,3.06,302.43,3534.0,2743424.0,3506853.0
2019,3,1187,PB,153.24999999999997,27.08105435907579,25.87966977334804,75.44924068087703,69.64185789290443,974.1394220954744,973.550133935635,71.16,2.95,3.06,324.14,5827.0,3046153.0,4018127.0
2019,3,3686,PE,126.22,26.97703355613829,25.732020346539013,72.39071042280763,66.45924174645745,962.634722990018,962.056463576494,97.45,2.78,2.91,258.0,9705.0,7669971.0,9557071.0
2019,3,1037,AL,121.52000000000002,28.21739703006965,27.0045158886828,75.14179745114353,69.71212730460626,998.409461283532,997.846987449056,119.84,2.8,2.96,258.88,4923.0,2472387.0,3337357.0
2019,3,157,SE,105.05714285714288,27.883034294722943,26.68866822279272,78.60278798833609,72.99259022788081,991.5612331230896,991.0078259695808,104.87,2.75,2.91,414.68,2829.0,1704001.0,2298696.0
2019,3,6965,BA,147.26666666666665,27.117129315396088,25.79301449250013,74.43849729255187,68.51062376927443,970.9453817416116,970.380251316568,26.34,2.84,2.86,343.48,23387.0,10820867.0,14873064.0
2019,3,89406,MG,151.8646153846154,24.448005867585373,23.122357631478984,78.53072294851856,72.188354115109,932.218280399592,931.692898345348,36.09,2.78,2.84,453.56,24712.0,18147336.0,21168791.0
2019,3,8082,ES,101.61538461538458,26.548735262591617,25.237046213139458,79.610158092629,73.57620430972304,988.0402371828626,987.5324783404088,87.2,2.75,2.83,424.05,6115.0,3376523.0,4018650.0
2019,3,4859,RJ,281.2,24.585185843241742,23.445347644615943,84.28932026591657,78.45617049649573,973.8050849475222,973.2141436240456,394.34,2.63,2.66,677.9,4911.0,16688483.0,17264943.0
2019,3,105923,SP,173.9487179487179,24.33514535434152,23.075779736236527,81.04391900899931,74.90847403499633,950.5328555208204,950.0045901479596,184.99,2.84,2.85,638.22,26059.0,44064368.0,45919049.0
2019,3,11457,PR,135.41666666666666,22.980678140882745,21.733459511550805,79.6628705510451,73.80767504595674,941.281266776042,940.7750958901072,57.37,2.76,2.83,630.59,12217.0,9819657.0,11433957.0
2019,3,837,SC,142.47272727272727,21.01144852466192,19.94071768616424,84.69800664962699,79.70439084512142,941.2494114536072,940.78931493787,74.84,2.75,2.8,494.87,7413.0,6086018.0,7164788.0
2019,3,250,RS,119.953488372093,21.62631789695249,20.38421477603405,79.55905031195091,73.99065461999241,975.9886031712985,975.4818227863012,40.38,2.57,2.62,546.76,8129.0,9736604.0,11377239.0
2019,3,20858,MS,153.98974358974357,26.165824233642724,24.87528550932992,79.26629474743497,73.13925554458211,968.2508034775202,967.676799393503,7.78,2.84,3.0,617.65,6319.0,2380403.0,2778986.0
2019,3,1668,MT,226.0562499999999,26.023773767822068,24.792734731962607,84.5572778396024,79.24267882201552,965.8382638753388,965.0643478605768,3.86,2.95,3.04,318.32,4545.0,2854105.0,3484466.0
2019,3,20830,GO,210.624,24.890648773658988,23.621042752880275,80.81998546104343,74.3558532911139,936.1453120455564,935.5633909950396,20.64,2.8,2.83,537.38,13224.0,6368656.0,7018354.0
2019,3,5086,DF,1130.0000000000014,22.65788336933047,21.3606101511879,83.262688984881,76.7680885529157,896.309125269978,895.7721652267822,521.67,3.03,2.99,885.97,3650.0,2912087.0,3015268.0
2019,4,275,RO,237.6999999999999,26.28784722222221,25.250937500000017,85.2805555555556,80.17013888888889,983.5644791666668,982.9223611111112,7.47,2.92,3.0,151.28,4081.0,1330800.0,1777225.0
2019,4,933,AC,149.95999999999998,26.58563291719308,25.41138129810081,86.43025340010503,81.49192851875112,988.1524185656228,987.458309722824,5.37,3.21,3.3,115.1,1362.0,638685.0,881935.0
2019,4,419,AM,271.58749999999986,27.29050349695016,26.30684621175739,86.03179257521644,81.2838222216049,1005.2366449943248,1004.45783807272,2.66,3.52,3.77,192.35,4519.0,3285860.0,4144597.0
2019,4,207,RR,13.199999999999998,30.690416666666664,29.41444444444443,54.42500000000005,49.86666666666663,1001.914027777778,1001.2361111111107,2.7,3.76,3.95,235.04,1350.0,473160.0,605761.0
2019,4,1277,PA,336.92142857142846,26.348035087022662,25.414317560723305,87.1754064624849,82.50604549680253,996.5799408788212,995.7852472589044,6.89,3.13,3.37,71.16,28063.0,5869143.0,8602865.0
2019,4,153,AP,221.44999999999976,25.87309186166082,25.023136997213896,91.28229074812728,87.1037364232042,1007.9992532633964,1007.3955415728384,5.92,3.85,3.82,116.36,861.0,756416.0,845731.0
2019,4,5221,TO,157.51578947368418,26.762663331955213,25.507040788539207,83.95408793652214,77.89211413884456,977.3424650826817,976.7264733355609,5.66,2.88,2.99,445.17,2125.0,1252038.0,1572866.0
2019,4,1294,MA,291.9692307692308,27.03790304954834,25.966169654434577,83.06826899148315,76.3543678867787,996.7465392619956,996.1151025864652,21.31,3.07,3.37,150.2,38237.0,4472250.0,7075181.0
2019,4,1718,PI,180.94444444444449,26.83654363886705,25.69172145795128,81.98848661391418,76.3762891576105,979.8513038451374,979.2487721804208,13.01,3.18,3.18,233.65,9702.0,2157792.0,3273227.0
2019,4,6399,CE,154.00000000000003,26.30289931484513,25.22720049276744,86.59910108612284,81.3402501547437,984.3217995594316,983.7432731919192,61.34,3.0,3.07,256.88,15604.0,6884562.0,9132078.0
2019,4,5074,RN,192.7666666666665,27.350698374730243,26.29283518413148,83.20430320011715,77.6743020499559,1002.0732355409118,1001.4924557210136,66.4,2.99,3.06,302.43,3534.0,2743424.0,3506853.0
2019,4,2610,PB,118.51428571428572,26.800245510662176,25.66490179573513,78.16077375825438,72.37805770887162,974.0665544332212,973.5133136924802,71.16,2.95,3.06,324.14,5827.0,3046153.0,4018127.0
2019,4,7816,PE,70.0181818181818,26.45643191859675,25.294378423414887,74.89135239946067,69.12156332156015,962.6434304483604,962.1083254704484,97.45,2.78,2.91,258.0,9705.0,7669971.0,9557071.0
2019,4,2038,AL,69.28,27.612340269441106,26.479485127384283,77.33103877144082,72.27980550977456,998.4631662665068,997.9434490462852,119.84,2.8,2.96,258.88,4923.0,2472387.0,3337357.0
2019,4,382,SE,75.80000000000001,27.312777777777782,26.19678571428572,81.10158673951166,75.43891586851923,991.9168650793652,991.4136507936508,104.87,2.75,2.91,414.68,2829.0,1704001.0,2298696.0
2019,4,10512,BA,84.48095238095237,26.462159272199106,25.23091946682811,78.5457380399891,72.83696605232944,971.1161301381584,970.5913379027554,26.34,2.84,2.86,343.48,23387.0,10820867.0,14873064.0
2019,4,178518,MG,98.1375,23.9949299372391,22.621178201563115,79.00826741129222,72.73527611772928,932.0772366037548,931.5943273406584,36.09,2.78,2.84,453.56,24712.0,18147336.0,21168791.0
2019,4,11248,ES,59.73846153846156,25.822253058880992,24.58725539738252,82.46179382543596,76.81281386915272,987.9952576117488,987.5145309882288,87.2,2.75,2.83,424.05,6115.0,3376523.0,4018650.0
2019,4,11400,RJ,173.29000000000005,24.00359984597633,22.85953180552252,83.2299119999361,77.78149301749059,975.549507398096,975.008543849388,394.34,2.63,2.66,677.9,4911.0,16688483.0,17264943.0
2019,4,171187,SP,122.17714285714284,23.60898940694063,22.368605803092663,79.14634737162122,73.24136158029145,950.1549627852158,949.6932711069242,184.99,2.84,2.85,638.22,26059.0,44064368.0,45919049.0
2019,4,21893,PR,110.184,21.936703326329056,20.74911086766444,80.83310502660733,74.88636261684775,941.2179294171264,940.7498480483345,57.37,2.76,2.83,630.59,12217.0,9819657.0,11433957.0
2019,4,1524,SC,143.72727272727272,20.06848056214165,19.05262799753228,86.58500043720848,82.09706154787689,940.383906071488,939.92696576257,74.84,2.75,2.8,494.87,7413.0,6086018.0,7164788.0
2019,4,873,RS,142.40952380952382,20.52066942475282,19.436204598795285,82.6814967080334,79.70874399913913,974.3813665313886,973.867823573354,40.38,2.57,2.62,546.76,8129.0,9736604.0,11377239.0
2019,4,20696,MS,102.32432432432437,25.36297426482944,24.091897089885105,80.1749223142735,74.09806632208374,968.1175612101332,967.5908466527284,7.78,2.84,3.0,617.65,6319.0,2380403.0,2778986.0
2019,4,2590,MT,150.875,26.022575947681865,24.810851364341808,81.95806818235705,76.23029101887064,966.053251710394,965.3540964738172,3.86,2.95,3.04,318.32,4545.0,2854105.0,3484466.0
2019,4,28684,GO,125.93333333333334,24.945788343062787,23.6365606766761,79.5279777384523,73.11458797726081,936.0995703394432,935.5760467326415,20.64,2.8,2.83,537.38,13224.0,6368656.0,7018354.0
2019,4,8224,DF,1136.000000000001,22.550986933555738,21.14384209063105,83.2541006394218,76.44342507645264,896.360550458715,895.8526271893254,521.67,3.03,2.99,885.97,3650.0,2912087.0,3015268.0
2019,5,285,RO,57.600000000000016,26.219119623655903,25.072043010752687,80.67473118279568,75.26444892473118,984.1204301075268,983.5859879032264,7.47,2.92,3.0,151.28,4081.0,1330800.0,1777225.0
2019,5,694,AC,90.60000000000004,26.525703643279662,25.232086255259468,84.9195202213387,79.7293042467258,988.82429080037,988.2411814216414,5.37,3.21,3.3,115.1,1362.0,638685.0,881935.0
2019,5,394,AM,304.04615384615363,26.83524292467933,25.894841196981567,85.12107338259247,80.70637077709075,1005.544450811749,1004.8845876314616,2.66,3.52,3.77,192.35,4519.0,3285860.0,4144597.0
2019,5,180,RR,448.19999999999936,26.802016129032253,25.750672043010745,81.86693548387095,76.93279569892469,1002.6625,1002.0159946236548,2.7,3.76,3.95,235.04,1350.0,473160.0,605761.0
2019,5,1080,PA,230.72592592592588,26.82482124533429,25.77782094359256,84.67659105686171,79.644270551149,996.2313906540396,995.4699192143624,6.89,3.13,3.37,71.16,28063.0,5869143.0,8602865.0
2019,5,82,AP,460.9999999999994,26.27580645161291,25.42629928315412,91.03942652329744,86.87589605734766,1007.5683691756276,1006.9707885304656,5.92,3.85,3.82,116.36,861.0,756416.0,845731.0
2019,5,3558,TO,59.5888888888889,27.293750362809423,25.855166413723577,78.00769816281505,71.36582316595327,976.513279305722,975.9998867768588,5.66,2.88,2.99,445.17,2125.0,1252038.0,1572866.0
2019,5,1347,MA,100.19999999999996,27.399195769101627,26.287119063691048,79.78983329150539,74.47559902248267,996.526809251318,995.9720601755514,21.31,3.07,3.37,150.2,38237.0,4472250.0,7075181.0
2019,5,2703,PI,49.8875,27.2070463625904,25.86877592878465,73.81911892526456,67.85111431069356,979.1247920249868,978.585331057564,13.01,3.18,3.18,233.65,9702.0,2157792.0,3273227.0
2019,5,6322,CE,87.7076923076923,26.386913841556098,25.192340192578435,81.55184898261805,75.83693911254825,979.8847364153248,979.371350003676,61.34,3.0,3.07,256.88,15604.0,6884562.0,9132078.0
2019,5,7852,RN,71.3,27.52212482468444,26.339822557797003,79.20145631854224,73.29851250350205,1002.1480791740923,1001.6320855610276,66.4,2.99,3.06,302.43,3534.0,2743424.0,3506853.0
2019,5,4084,PB,92.25,26.20259397114236,25.06828807094936,77.81811650360038,72.23985736888963,974.4784158165612,973.9770172778238,71.16,2.95,3.06,324.14,5827.0,3046153.0,4018127.0
2019,5,14812,PE,48.872727272727246,26.17246990491695,24.96537189968973,70.79722323169376,65.68431160455498,963.0979093885772,962.596929382438,97.45,2.78,2.91,258.0,9705.0,7669971.0,9557071.0
2019,5,4489,AL,63.06666666666664,26.95482553487764,25.76222265603964,76.562029799266,71.39409210625611,999.1915628069312,998.6913882648756,119.84,2.8,2.96,258.88,4923.0,2472387.0,3337357.0
2019,5,1112,SE,87.63333333333334,26.496130706874,25.30794876605616,81.70324918186067,76.1406164429306,993.432835910381,992.9541922510766,104.87,2.75,2.91,414.68,2829.0,1704001.0,2298696.0
2019,5,17895,BA,53.52444444444445,26.01478678036479,24.741749881049262,75.73392641673783,70.17283233299509,971.0633526716564,970.5623474671554,26.34,2.84,2.86,343.48,23387.0,10820867.0,14873064.0
2019,5,192650,MG,44.26984126984128,22.53196555817829,21.143204176846268,76.986841545467,71.15667596060172,933.1048540956828,932.6407792727872,36.09,2.78,2.84,453.56,24712.0,18147336.0,21168791.0
2019,5,15621,ES,112.0,24.10350677745451,22.94614555741331,84.04252342868385,79.03627825978492,989.3266600604204,988.859248731377,87.2,2.75,2.83,424.05,6115.0,3376523.0,4018650.0
2019,5,15202,RJ,185.38,22.251188268539767,21.16170952477772,84.65560246156599,79.42154879784337,976.8789194963944,976.3294171412444,394.34,2.63,2.66,677.9,4911.0,16688483.0,17264943.0
2019,5,182583,SP,93.61764705882352,21.658061873775235,20.43321859601008,79.25120275246515,73.73519223635904,951.4048322237765,950.9225015171272,184.99,2.84,2.85,638.22,26059.0,44064368.0,45919049.0
2019,5,27162,PR,173.73333333333332,19.69652576112468,18.69663015271807,83.38828971741404,78.63608780387494,942.2311235769524,941.7124816971692,57.37,2.76,2.83,630.59,12217.0,9819657.0,11433957.0
2019,5,1858,SC,270.70833333333314,17.83346489242996,17.033003423905416,90.13533799688255,86.69180700905413,944.2825478103504,943.7417036448936,74.84,2.75,2.8,494.87,7413.0,6086018.0,7164788.0
2019,5,1419,RS,211.18536585365848,17.50170786754621,16.687995673901376,87.31472427503533,85.65247616426618,974.4717286804764,973.888746950058,40.38,2.57,2.62,546.76,8129.0,9736604.0,11377239.0
2019,5,15293,MS,66.38888888888891,23.519499848310573,22.21977903657,79.2569468884883,73.57981729418955,969.6957822647944,969.169690011674,7.78,2.84,3.0,617.65,6319.0,2380403.0,2778986.0
2019,5,3268,MT,40.400000000000006,25.770723936921023,24.39636827221845,77.01447884438316,71.52861624397086,969.719667220497,969.0935485135066,3.86,2.95,3.04,318.32,4545.0,2854105.0,3484466.0
2019,5,32111,GO,46.16363636363637,24.266673873717423,22.842616246255368,74.07614397149489,67.59545046355515,936.7837584878216,936.3173867205024,20.64,2.8,2.83,537.38,13224.0,6368656.0,7018354.0
2019,5,12776,DF,374.5999999999998,22.19596774193547,20.7093817204301,76.75698924731196,69.87392473118283,896.9545967741933,896.513333333332,521.67,3.03,2.99,885.97,3650.0,2912087.0,3015268.0
2019,6,202,RO,4.9,26.59493495696401,25.2967043231612,74.04578931924881,68.4032570422535,985.590787852113,985.1184438575898,7.47,2.92,3.0,151.28,4081.0,1330800.0,1777225.0
2019,6,405,AC,39.23333333333335,26.081238905936345,24.737589637769343,84.47806677036532,78.67538009133568,991.095988543092,990.5599280289535,5.37,3.21,3.3,115.1,1362.0,638685.0,881935.0
2019,6,356,AM,126.15384615384612,27.292605866355867,26.245293965293968,83.65902005152006,78.60389149639148,1006.7035838434772,1006.0769114302082,2.66,3.52,3.77,192.35,4519.0,3285860.0,4144597.0
2019,6,153,RR,530.0000000000003,26.68805555555556,25.56291666666665,82.9874999999999,77.80138888888878,1003.961527777778,1003.3276388888888,2.7,3.76,3.95,235.04,1350.0,473160.0,605761.0
2019,6,533,PA,94.55999999999996,27.085205192142173,25.90506734325064,78.70215855576053,73.42309606358691,997.4732202853838,996.7498996705476,6.89,3.13,3.37,71.16,28063.0,5869143.0,8602865.0
2019,6,68,AP,271.5333333333331,26.46773148148149,25.50092592592593,89.32870370370371,84.65046296296293,1009.0860185185184,1008.5374999999998,5.92,3.85,3.82,116.36,861.0,756416.0,845731.0
2019,6,1188,TO,0.6933333333333332,26.581223977691288,24.901309158125883,64.92561169526122,57.87179043414678,977.5417137975436,977.0669798504898,5.66,2.88,2.99,445.17,2125.0,1252038.0,1572866.0
2019,6,897,MA,34.586666666666645,27.09429494897374,25.80088249627337,72.47383103204491,66.90615105617786,997.57991832932,997.1057742804724,21.31,3.07,3.37,150.2,38237.0,4472250.0,7075181.0
2019,6,1766,PI,2.1700000000000004,27.354912840454908,25.796351058732288,61.43990060421129,55.247928260799306,982.010307828326,981.517476832092,13.01,3.18,3.18,233.65,9702.0,2157792.0,3273227.0
2019,6,4721,CE,33.725,26.638526406895533,25.337214815821667,72.0529714681136,66.16583211907022,983.2638993495028,982.8126371868811,61.34,3.0,3.07,256.88,15604.0,6884562.0,9132078.0
2019,6,7024,RN,68.59999999999998,27.110569699499173,25.851091700453136,72.26966785471379,66.51529080654706,1004.428367020431,1003.9591592137688,66.4,2.99,3.06,302.43,3534.0,2743424.0,3506853.0
2019,6,3006,PB,142.07500000000005,25.070576851577453,23.89335365035572,75.07707397651949,69.68559078399558,976.8571169518544,976.404646493194,71.16,2.95,3.06,324.14,5827.0,3046153.0,4018127.0
2019,6,9434,PE,81.24444444444438,24.17864958679864,23.039352706916755,73.6387970896996,68.42488521675794,965.906574435978,965.4521289624216,97.45,2.78,2.91,258.0,9705.0,7669971.0,9557071.0
2019,6,5194,AL,113.39999999999992,25.172807224841023,23.88050594858769,82.48750721561385,77.04154713133404,1002.1129543997416,1001.6493758422656,119.84,2.8,2.96,258.88,4923.0,2472387.0,3337357.0
2019,6,1653,SE,235.1333333333332,24.26486385254219,23.20490155858801,86.4139441741609,83.77697666786013,997.1952760026688,996.7677977229883,104.87,2.75,2.91,414.68,2829.0,1704001.0,2298696.0
2019,6,12430,BA,74.85454545454547,23.84208860792881,22.58516407923093,75.723282159512,70.28448909186542,975.2249192173877,974.7646266159668,26.34,2.84,2.86,343.48,23387.0,10820867.0,14873064.0
2019,6,57896,MG,9.110769230769227,20.54467630984329,18.97732741718931,71.12632719773924,64.99948929739116,936.7609098834824,936.3225927364368,36.09,2.78,2.84,453.56,24712.0,18147336.0,21168791.0
2019,6,14727,ES,43.683333333333344,22.181825048678856,20.97197997196698,83.27349848504943,77.89549966497374,993.9843552837172,993.554453836894,87.2,2.75,2.83,424.05,6115.0,3376523.0,4018650.0
2019,6,6802,RJ,52.940000000000005,20.647480474235767,19.40570586700725,82.78842547657631,76.93738029468835,981.0771634162886,980.5417965553044,394.34,2.63,2.66,677.9,4911.0,16688483.0,17264943.0
2019,6,69464,SP,36.570588235294125,20.20319584969573,18.77102411512144,72.81186981024035,66.94479320811729,955.5154516077818,955.0674871162324,184.99,2.84,2.85,638.22,26059.0,44064368.0,45919049.0
2019,6,12454,PR,51.70833333333334,18.563273568493265,17.351700727211266,78.48674888034094,73.19727382509097,945.2029560304172,944.7445923152231,57.37,2.76,2.83,630.59,12217.0,9819657.0,11433957.0
2019,6,1056,SC,44.96666666666668,16.973583293323053,15.889342525731138,84.1796571848041,79.56107248899438,946.6221148552376,946.1733032653073,74.84,2.75,2.8,494.87,7413.0,6086018.0,7164788.0
2019,6,610,RS,47.446511627906986,17.259009692766792,16.15456580103599,80.6037170950543,77.31057193641861,978.107295840538,977.5809385117564,40.38,2.57,2.62,546.76,8129.0,9736604.0,11377239.0
2019,6,6469,MS,20.789473684210527,22.76540675462148,21.234960913093865,68.92121243694963,62.78663220678854,972.3560814892948,971.87515539584,7.78,2.84,3.0,617.65,6319.0,2380403.0,2778986.0
2019,6,1968,MT,0.6571428571428571,25.37867193593732,23.729679638467363,67.46933481755559,61.18337586815902,970.8449262717112,970.255535806066,3.86,2.95,3.04,318.32,4545.0,2854105.0,3484466.0
2019,6,17271,GO,0.2166666666666666,22.75548660537758,21.109243388372125,62.7726278482882,56.19688625432768,939.5644761089544,939.124731310348,20.64,2.8,2.83,537.38,13224.0,6368656.0,7018354.0
2019,6,10287,DF,12.8,20.368713531536528,18.80725201444848,67.803000833565,61.22506251736599,899.581050291747,899.171353153654,521.67,3.03,2.99,885.97,3650.0,2912087.0,3015268.0
2019,7,240,RO,0.25,27.21187903225806,25.598526881720424,62.441572580645165,56.223588709677394,985.830112903226,985.3228333333328,7.47,2.92,3.0,151.28,4081.0,1330800.0,1777225.0
2019,7,355,AC,77.96666666666668,24.716738756402258,23.33504663945364,83.52098453498111,77.58938617429402,991.7822168708644,991.2048282081436,5.37,3.21,3.3,115.1,1362.0,638685.0,881935.0
2019,7,337,AM,96.82499999999996,27.1903083068175,26.056192547489623,81.33862406418659,75.85106354057838,1007.0808532089472,1006.5185901439156,2.66,3.52,3.77,192.35,4519.0,3285860.0,4144597.0
2019,7,249,RR,419.5999999999996,26.55336021505376,25.238978494623627,82.72177419354836,76.6397849462365,1004.1206989247312,1003.4926075268814,2.7,3.76,3.95,235.04,1350.0,473160.0,605761.0
2019,7,394,PA,62.75000000000001,27.063795579894656,25.77495577625789,74.62202729744774,68.77130417596024,996.6914568448824,995.9940290383098,6.89,3.13,3.37,71.16,28063.0,5869143.0,8602865.0
2019,7,37,AP,180.8666666666665,26.696774193548368,25.62737455197132,87.73387096774195,82.65322580645163,1008.6454301075267,1008.0985663082436,5.92,3.85,3.82,116.36,861.0,756416.0,845731.0
2019,7,361,TO,4.747368421052632,26.136993475600867,24.27752608141449,60.30343476674952,52.908786422356926,978.92286045229,978.4397946394334,5.66,2.88,2.99,445.17,2125.0,1252038.0,1572866.0
2019,7,542,MA,39.53333333333332,27.068243300904594,25.655072866201905,70.34545592798278,63.64159849552557,997.6169049916624,997.127766289863,21.31,3.07,3.37,150.2,38237.0,4472250.0,7075181.0
2019,7,1246,PI,7.494736842105266,27.59788304989232,26.02453675739083,57.01419376207191,51.466808463790336,983.5277890275352,983.0231995124592,13.01,3.18,3.18,233.65,9702.0,2157792.0,3273227.0
2019,7,3488,CE,23.000000000000004,26.61867501229865,25.27106065178571,68.98704108877088,63.51531230677166,981.877220729387,981.3954157818551,61.34,3.0,3.07,256.88,15604.0,6884562.0,9132078.0
2019,7,6182,RN,39.88571428571427,26.66569324784612,25.393342182595333,72.46849492044323,66.72739207289497,1004.7146939491086,1004.2438005075804,66.4,2.99,3.06,302.43,3534.0,2743424.0,3506853.0
2019,7,3057,PB,125.49999999999996,24.3737058126744,23.216888906854944,77.5503730407805,72.49900966165825,977.0355826046869,976.5765899168742,71.16,2.95,3.06,324.14,5827.0,3046153.0,4018127.0
2019,7,7119,PE,74.14999999999998,23.39754317594187,22.26020717328207,75.3539620817384,69.93021198463602,965.9891599277614,965.5304299836448,97.45,2.78,2.91,258.0,9705.0,7669971.0,9557071.0
2019,7,5345,AL,116.35999999999991,24.255600207732368,23.241535133138388,85.46456538126883,80.16466360817417,1003.688383308814,1003.2422722723518,119.84,2.8,2.96,258.88,4923.0,2472387.0,3337357.0
2019,7,2986,SE,248.76666666666645,23.61189516129032,22.489650537634407,88.87449879227049,83.72082846345641,999.5509045544432,999.1743702904072,104.87,2.75,2.91,414.68,2829.0,1704001.0,2298696.0
2019,7,9535,BA,65.14090909090909,23.10975550370387,21.79210253537957,72.3603522995516,66.58785267219977,974.3054580233996,973.8334200411568,26.34,2.84,2.86,343.48,23387.0,10820867.0,14873064.0
2019,7,13751,MG,6.55076923076923,19.704649009993755,17.9792015290876,64.41678526193154,58.10340362603,936.2431483169393,935.7895609490027,36.09,2.78,2.84,453.56,24712.0,18147336.0,21168791.0
2019,7,10055,ES,25.16923076923077,20.76490401248553,19.433039832781567,78.50752900917341,72.72104059630257,993.7440980245927,993.291644712496,87.2,2.75,2.83,424.05,6115.0,3376523.0,4018650.0
2019,7,3111,RJ,35.56190476190476,18.8120895145714,17.426400891327944,78.51008222048273,72.22251539693181,978.8566732766676,978.2934104041544,394.34,2.63,2.66,677.9,4911.0,16688483.0,17264943.0
2019,7,25592,SP,54.4777777777778,18.635046437124466,17.109786530312384,68.70215068239933,62.72266290863834,954.8345338162997,954.373053296862,184.99,2.84,2.85,638.22,26059.0,44064368.0,45919049.0
2019,7,5207,PR,35.50434782608696,16.407396257942136,15.047885899087085,73.1952103749042,67.42414856263653,943.4962980279416,943.0289101121596,57.37,2.76,2.83,630.59,12217.0,9819657.0,11433957.0
2019,7,380,SC,70.7304347826087,14.107243847901074,13.081013295809225,82.51919619925796,77.92351101583219,943.0406677740416,942.5415282545628,74.84,2.75,2.8,494.87,7413.0,6086018.0,7164788.0
2019,7,211,RS,130.5,13.05093739205152,12.005674468482232,80.937015229027,77.49556455073332,980.3339789402316,979.7533542136108,40.38,2.57,2.62,546.76,8129.0,9736604.0,11377239.0
2019,7,2077,MS,28.173684210526314,20.62340532690004,18.992515159429868,65.63891475860521,59.36255743749924,972.5194799426824,972.0144146044532,7.78,2.84,3.0,617.65,6319.0,2380403.0,2778986.0
2019,7,1100,MT,1.410526315789474,25.01157792052124,23.1516655541875,57.4365473115774,52.37292990695503,970.7150887611288,970.1013995728844,3.86,2.95,3.04,318.32,4545.0,2854105.0,3484466.0
2019,7,7020,GO,1.68,22.42250320809781,20.616308899840952,53.827411116869165,47.43127964055462,939.1617846027572,938.7042207357332,20.64,2.8,2.83,537.38,13224.0,6368656.0,7018354.0
2019,7,2437,DF,0.2,20.090295698924766,18.392083786724697,58.20645161290328,51.74032258064518,899.1573118279568,898.7254569892464,521.67,3.03,2.99,885.97,3650.0,2912087.0,3015268.0
2019,8,164,RO,16.550000000000004,28.02398283559283,26.373289849599047,56.49663107175829,50.42455282113856,986.3299488376116,985.7599496115536,7.47,2.92,3.0,151.28,4081.0,1330800.0,1777225.0
2019,8,340,AC,51.3,25.322055288613768,23.73179517477711,75.78022532370454,68.95710173722432,992.279032097509,991.6930474629346,5.37,3.21,3.3,115.1,1362.0,638685.0,881935.0
2019,8,251,AM,72.68571428571427,27.789589978042745,26.56069219987664,77.70853270618515,71.86451628244558,1007.2449369218908,1006.6457635360276,2.66,3.52,3.77,192.35,4519.0,3285860.0,4144597.0
2019,8,385,RR,295.7999999999999,26.816263440860208,25.520698924731185,81.4986559139785,75.6908602150538,1004.6004032258068,1003.9705645161292,2.7,3.76,3.95,235.04,1350.0,473160.0,605761.0
2019,8,393,PA,35.9793103448276,27.78256450328748,26.408916934844083,69.29506741922543,63.590184001092425,997.117801010717,996.3844972891742,6.89,3.13,3.37,71.16,28063.0,5869143.0,8602865.0
2019,8,52,AP,73.9,28.05030091068684,26.884167489576484,79.40128373930213,73.59115371955241,1008.2372939982444,1007.6777734803602,5.92,3.85,3.82,116.36,861.0,756416.0,845731.0
2019,8,231,TO,0.1473684210526315,27.55536218865613,25.55249158931322,51.531009711546005,44.35052474258895,979.247448535074,978.72372684568,5.66,2.88,2.99,445.17,2125.0,1252038.0,1572866.0
2019,8,286,MA,1.3733333333333335,27.992608699894586,26.44715739717623,60.687155989480594,54.45584458193938,998.2523802348852,997.7242880249448,21.31,3.07,3.37,150.2,38237.0,4472250.0,7075181.0
2019,8,458,PI,0.5100000000000001,28.642266775444234,26.984629815071763,47.460534516856185,42.3442225380764,982.7674048520352,982.2178950021632,13.01,3.18,3.18,233.65,9702.0,2157792.0,3273227.0
2019,8,2612,CE,4.174999999999999,27.419417656538204,25.95221349784936,60.20640880015372,54.77125942451215,984.0835884047216,983.554690537929,61.34,3.0,3.07,256.88,15604.0,6884562.0,9132078.0
2019,8,4536,RN,13.400000000000006,27.284891760572343,25.942344499655903,64.68876975880733,59.15760735081863,1005.8974440761714,1005.3741016259664,66.4,2.99,3.06,302.43,3534.0,2743424.0,3506853.0
2019,8,2583,PB,39.475000000000016,24.51666541933252,23.262993951985347,72.4320854505712,67.17462066598202,978.4375660528084,977.9538749649432,71.16,2.95,3.06,324.14,5827.0,3046153.0,4018127.0
2019,8,5163,PE,42.133333333333326,23.426115733491617,22.21720730259371,71.02786624313454,65.95185711137691,967.3988146857722,966.9161338573184,97.45,2.78,2.91,258.0,9705.0,7669971.0,9557071.0
2019,8,3745,AL,146.94999999999993,23.971619030279268,22.88453523741692,84.21666153264643,77.715119610051,1008.1333532003332,1007.6823107211342,119.84,2.8,2.96,258.88,4923.0,2472387.0,3337357.0
2019,8,2427,SE,56.771428571428594,23.315209450147623,22.177572116505136,84.70857523300967,79.21190630472253,1001.501686703868,1001.0620785941976,104.87,2.75,2.91,414.68,2829.0,1704001.0,2298696.0
2019,8,6085,BA,65.87906976744186,23.54756578481769,22.19608842613171,71.37116297720705,65.62765866375828,975.3332276439032,974.829889382902,26.34,2.84,2.86,343.48,23387.0,10820867.0,14873064.0
2019,8,4184,MG,11.290625,21.29537035693118,19.67829765690333,63.366575639814045,57.54705697895276,937.0093042353668,936.5273330886544,36.09,2.78,2.84,453.56,24712.0,18147336.0,21168791.0
2019,8,3909,ES,50.96923076923079,20.97376045063603,19.828144218744296,79.52531656798526,74.39488554942962,995.6489672042196,995.1768578494174,87.2,2.75,2.83,424.05,6115.0,3376523.0,4018650.0
2019,8,1340,RJ,85.39047619047619,19.26828986645135,18.094526905246266,79.78081887267187,74.41073894303184,982.8967220023776,982.3349666451508,394.34,2.63,2.66,677.9,4911.0,16688483.0,17264943.0
2019,8,11717,SP,26.63783783783784,20.3855940304066,18.90470748651933,66.88955658640745,61.317687840771136,955.5573714673608,955.0504893188591,184.99,2.84,2.85,638.22,26059.0,44064368.0,45919049.0
2019,8,2766,PR,25.95652173913044,18.572045293249293,17.128280522142,66.70439297474259,60.73058689493544,947.7251251363792,947.0813534245658,57.37,2.76,2.83,630.59,12217.0,9819657.0,11433957.0
2019,8,245,SC,32.73636363636364,14.804475557649424,13.651263549560491,78.80399922753955,73.58408057323362,941.6984679114904,941.1787451144648,74.84,2.75,2.8,494.87,7413.0,6086018.0,7164788.0
2019,8,130,RS,80.55000000000001,14.29074872791097,13.084598747817443,77.49680519299561,72.18480339838217,982.0227552532808,981.3867878657626,40.38,2.57,2.62,546.76,8129.0,9736604.0,11377239.0
2019,8,900,MS,9.884210526315789,23.653862888878404,21.886470219106865,56.49694456316358,50.289289354720886,972.7744564129396,972.229505294792,7.78,2.84,3.0,617.65,6319.0,2380403.0,2778986.0
2019,8,684,MT,6.176470588235294,26.566044523560507,24.716747595739854,53.31154028946787,47.090412853137074,970.6372159626573,969.9781011853354,3.86,2.95,3.04,318.32,4545.0,2854105.0,3484466.0
2019,8,3886,GO,1.36,25.05807676604601,23.271692368091053,46.47978946432101,40.63002319243935,939.515752203756,939.027579885066,20.64,2.8,2.83,537.38,13224.0,6368656.0,7018354.0
2019,8,851,DF,0.0,22.525970149253705,20.779945725915866,49.94518317503391,44.067842605156045,899.6857259158755,899.2306105834464,521.67,3.03,2.99,885.97,3650.0,2912087.0,3015268.0
2019,9,95,RO,15.7,29.94444210805737,28.386057154828965,63.77878028528054,57.03791857526456,984.1460139481212,983.439038872874,7.47,2.92,3.0,151.28,4081.0,1330800.0,1777225.0
2019,9,378,AC,88.82857142857142,27.451917090460768,25.954473532131303,79.79203844968406,72.98159385113273,989.8928359737909,989.1783105200008,5.37,3.21,3.3,115.1,1362.0,638685.0,881935.0
2019,9,289,AM,105.4,28.427571017396296,27.171090069430647,78.90192679125404,71.99392885808294,1005.0693868523304,1004.393791476257,2.66,3.52,3.77,192.35,4519.0,3285860.0,4144597.0
2019,9,396,RR,127.80000000000008,28.209861111111103,26.82027777777775,76.60138888888886,70.20833333333331,1002.5056944444444,1001.8390277777784,2.7,3.76,3.95,235.04,1350.0,473160.0,605761.0
2019,9,539,PA,46.45,28.41706264474504,27.082597965455403,71.68613125607081,66.2165607257657,995.357409984128,994.7550165647184,6.89,3.13,3.37,71.16,28063.0,5869143.0,8602865.0
2019,9,50,AP,23.500000000000007,28.778263888888898,27.579097222222234,74.59999999999997,68.99375,1006.644305555556,1006.0904166666668,5.92,3.85,3.82,116.36,861.0,756416.0,845731.0
2019,9,171,TO,23.31111111111111,29.78822633269504,27.80115876736489,49.84471116191155,42.974680288272346,975.652422006382,975.064779839388,5.66,2.88,2.99,445.17,2125.0,1252038.0,1572866.0
2019,9,225,MA,7.933333333333331,29.255407575934843,27.785405456646988,58.45036067400223,53.27785430747651,996.1100819373002,995.5350108811592,21.31,3.07,3.37,150.2,38237.0,4472250.0,7075181.0
2019,9,222,PI,3.97,30.21970077174125,28.449141854046854,45.632832439365885,40.16474817973656,980.1218637510376,979.546727272905,13.01,3.18,3.18,233.65,9702.0,2157792.0,3273227.0
2019,9,1630,CE,3.537499999999999,28.32698760319764,26.83270460535023,58.69918601380752,53.335800065312384,982.4866329773774,981.9402596082574,61.34,3.0,3.07,256.88,15604.0,6884562.0,9132078.0
2019,9,2724,RN,8.857142857142861,28.06601190476189,26.753472222222232,63.53005050505048,58.25080891330889,1004.0386507936504,1003.5005555555554,66.4,2.99,3.06,302.43,3534.0,2743424.0,3506853.0
2019,9,1410,PB,14.733333333333336,26.19503086419753,24.84612654320988,66.9417438271605,61.60879629629631,976.407739197531,975.8972299382716,71.16,2.95,3.06,324.14,5827.0,3046153.0,4018127.0
2019,9,4483,PE,13.784615384615387,25.38022405843517,24.074513782978983,64.50975072647702,59.63168781230856,965.1885201317502,964.6803694119886,97.45,2.78,2.91,258.0,9705.0,7669971.0,9557071.0
2019,9,2019,AL,47.920000000000016,26.033986990656352,24.80648101767456,76.29793154665454,70.0100843109296,1007.7090198981972,1007.2108873587662,119.84,2.8,2.96,258.88,4923.0,2472387.0,3337357.0
2019,9,1344,SE,40.22857142857144,24.67535533728152,23.435159412265065,82.36000848964595,76.78650103503719,998.7442159558208,998.3088183387224,104.87,2.75,2.91,414.68,2829.0,1704001.0,2298696.0
2019,9,4281,BA,42.25,25.252929437068936,23.84607126894538,67.26124857787319,61.925057604257184,973.0948654041867,972.5697872848986,26.34,2.84,2.86,343.48,23387.0,10820867.0,14873064.0
2019,9,3910,MG,37.190625,24.445385800997947,22.7870199292617,57.62543902171904,52.04433029962477,933.6367558134828,933.1261327423332,36.09,2.78,2.84,453.56,24712.0,18147336.0,21168791.0
2019,9,2262,ES,53.600000000000016,23.0247612158864,21.857769226472094,76.91549217564383,71.77711649639886,991.9235379915176,991.4255454555142,87.2,2.75,2.83,424.05,6115.0,3376523.0,4018650.0
2019,9,876,RJ,128.2285714285714,21.54056198437369,20.45317274221804,80.4673926189433,75.52239234241628,978.7529504647453,978.1452639300884,394.34,2.63,2.66,677.9,4911.0,16688483.0,17264943.0
2019,9,10309,SP,64.37948717948719,23.2562882323638,21.818171691499344,67.43601037022704,61.98824580271161,953.7474044815432,953.1933152361272,184.99,2.84,2.85,638.22,26059.0,44064368.0,45919049.0
2019,9,2668,PR,65.23478260869567,21.617618039053443,20.309076987344632,68.7534068586413,63.01551997646629,945.9180586140589,945.2178599212752,57.37,2.76,2.83,630.59,12217.0,9819657.0,11433957.0
2019,9,200,SC,69.50434782608696,17.523699800884934,16.500163932226922,78.59887589935036,73.94824189867005,941.5358958098268,940.9933646942056,74.84,2.75,2.8,494.87,7413.0,6086018.0,7164788.0
2019,9,89,RS,73.5318181818182,16.270969574273934,15.07276158884376,75.3249678105148,69.51224729499128,978.3076776084554,977.6598120705293,40.38,2.57,2.62,546.76,8129.0,9736604.0,11377239.0
2019,9,658,MS,22.91282051282052,27.4820455944998,25.729827138077045,55.24617711107727,49.476501646088046,968.504271270734,967.9528196121483,7.78,2.84,3.0,617.65,6319.0,2380403.0,2778986.0
2019,9,511,MT,40.44117647058824,29.392288554016883,27.581192865109312,56.02078571431158,49.74491667278308,967.1147110896418,966.3850939197528,3.86,2.95,3.04,318.32,4545.0,2854105.0,3484466.0
2019,9,3069,GO,16.808,28.839256005778854,26.948494691899345,39.56221141038298,34.19359393385311,936.1725496184224,935.6303023339184,20.64,2.8,2.83,537.38,13224.0,6368656.0,7018354.0
2019,9,659,DF,22.0,25.557561383928554,23.72904575892858,42.544076361594605,37.134475014037086,896.9842354910686,896.4938058035711,521.67,3.03,2.99,885.97,3650.0,2912087.0,3015268.0
2019,10,132,RO,222.7,28.02838005373933,26.63591001075752,73.15665204995726,66.39691601904514,977.5101351563216,976.7357997221372,7.47,2.92,3.0,151.28,4081.0,1330800.0,1777225.0
2019,10,1219,AC,149.0666666666666,26.399066053330024,25.08098048093284,84.89833274733044,78.7798863661971,989.2585106158411,988.5154409482672,5.37,3.21,3.3,115.1,1362.0,638685.0,881935.0
2019,10,893,AM,163.84999999999997,27.168074295476032,26.016842370432776,83.01666498297682,77.6634952551791,1004.1251889666798,1003.3989288181666,2.66,3.52,3.77,192.35,4519.0,3285860.0,4144597.0
2019,10,651,RR,50.60000000000001,28.52943548387096,27.20766129032261,72.48118279569887,66.47580645161293,1001.18252688172,1000.5271505376342,2.7,3.76,3.95,235.04,1350.0,473160.0,605761.0
2019,10,455,PA,117.8173913043478,27.81292650119121,26.55207542663652,75.99487155710564,70.31962182446703,994.3297973417352,993.6955217562676,6.89,3.13,3.37,71.16,28063.0,5869143.0,8602865.0
2019,10,53,AP,58.80000000000002,28.962298387096773,27.742137096774183,73.18481182795699,67.53360215053763,1005.1581989247312,1004.588642473118,5.92,3.85,3.82,116.36,861.0,756416.0,845731.0
2019,10,324,TO,100.69473684210526,27.79350259538468,26.33507592924876,72.1804535393406,65.34116701415554,976.0882998359928,975.4432518019725,5.66,2.88,2.99,445.17,2125.0,1252038.0,1572866.0
2019,10,206,MA,41.3,28.77374574418025,27.5099202356783,67.53005666514696,62.38248488318967,995.43489261712,994.832610400944,21.31,3.07,3.37,150.2,38237.0,4472250.0,7075181.0
2019,10,129,PI,20.50526315789473,30.6507514948181,29.024881607034857,48.62837633830049,43.09500166288184,977.5600791488798,976.9390497002348,13.01,3.18,3.18,233.65,9702.0,2157792.0,3273227.0
2019,10,1012,CE,4.28,29.01988255555547,27.482853357803407,56.960764377073055,51.43255439466471,980.2588856109757,979.5835893426972,61.34,3.0,3.07,256.88,15604.0,6884562.0,9132078.0
2019,10,1488,RN,15.028571428571428,28.650164835035824,27.320092391434915,61.604530074607325,56.21500539506568,1002.2289845383646,1001.6409782371148,66.4,2.99,3.06,302.43,3534.0,2743424.0,3506853.0
2019,10,914,PB,13.2,27.43072621574468,26.06377388368899,61.440778709258666,56.267747744572944,977.3467694032756,976.7878359348936,71.16,2.95,3.06,324.14,5827.0,3046153.0,4018127.0
2019,10,3593,PE,6.353846153846156,26.85132312473517,25.440969418969097,59.12301959770584,54.06820021653992,963.1314320476614,962.5846908747332,97.45,2.78,2.91,258.0,9705.0,7669971.0,9557071.0
2019,10,1409,AL,13.239999999999997,27.042647217688447,25.7657922205412,69.16879074638946,63.63752138376485,1005.7504951338703,1005.2112858765672,119.84,2.8,2.96,258.88,4923.0,2472387.0,3337357.0
2019,10,772,SE,23.2,26.06300032470372,24.74694950232914,73.8870736961039,68.53194168996276,996.5776932566888,996.0436852739476,104.87,2.75,2.91,414.68,2829.0,1704001.0,2298696.0
2019,10,3308,BA,43.38139534883721,26.71845166277891,25.303392743469487,64.52221566226102,59.0276974816509,970.0112910947886,969.45547284744,26.34,2.84,2.86,343.48,23387.0,10820867.0,14873064.0
2019,10,3679,MG,67.2125,25.19659996688881,23.62763082319328,61.846737115906286,55.62239033950358,931.5152908698368,930.9763145954392,36.09,2.78,2.84,453.56,24712.0,18147336.0,21168791.0
2019,10,1771,ES,56.815384615384616,24.36577217770586,23.09948330307748,76.63897926159164,71.04827000968508,989.4010890896808,988.8853633888313,87.2,2.75,2.83,424.05,6115.0,3376523.0,4018650.0
2019,10,768,RJ,93.36190476190475,23.13955491482545,21.97450305083321,79.65345582581142,74.22567755823792,974.5763836578678,973.9956159631496,394.34,2.63,2.66,677.9,4911.0,16688483.0,17264943.0
2019,10,11656,SP,66.2923076923077,25.07183692577171,23.55259598953981,67.48182710245514,61.183181003247206,949.45399964356,948.8992032914308,184.99,2.84,2.85,638.22,26059.0,44064368.0,45919049.0
2019,10,3745,PR,95.23636363636366,24.0643864286794,22.6138804913506,67.68570008595195,60.729649288561866,944.3641978764396,943.6295307849504,57.37,2.76,2.83,630.59,12217.0,9819657.0,11433957.0
2019,10,246,SC,159.45,20.243836413181604,19.115613576634534,80.9565692706377,75.71796041805985,942.892835937166,942.2829272480144,74.84,2.75,2.8,494.87,7413.0,6086018.0,7164788.0
2019,10,107,RS,284.6571428571428,19.850629537381803,18.74520188665068,77.28954584775462,72.24085206691734,976.019038420656,975.2580133222156,40.38,2.57,2.62,546.76,8129.0,9736604.0,11377239.0
2019,10,726,MS,56.74285714285714,28.389090556592304,26.65440087221213,62.02754187296471,55.22732586766997,967.1331817637893,966.5251629868692,7.78,2.84,3.0,617.65,6319.0,2380403.0,2778986.0
2019,10,604,MT,147.3307692307692,27.078470822836707,25.655292762872687,74.46997476685353,68.17260471763376,968.0198436322656,967.208182418544,3.86,2.95,3.04,318.32,4545.0,2854105.0,3484466.0
2019,10,3612,GO,79.79130434782608,27.866534227898327,26.16966907757788,56.22056192424728,49.05187447812965,934.8040803199336,934.1976129016018,20.64,2.8,2.83,537.38,13224.0,6368656.0,7018354.0
2019,10,856,DF,360.9999999999998,25.355567567567554,23.6131621621622,56.24769647696476,49.18157181571816,895.1408918918918,894.6052162162158,521.67,3.03,2.99,885.97,3650.0,2912087.0,3015268.0
2019,11,249,RO,279.9333333333332,26.23471886928712,25.13867842773133,83.13278138863097,77.62359950479728,975.6780427886102,975.0136046631592,7.47,2.92,3.0,151.28,4081.0,1330800.0,1777225.0
2019,11,3098,AC,302.9599999999997,26.77250913759625,25.474289005530235,85.68968676193879,79.60416925227676,987.6741438500378,986.9570991978104,5.37,3.21,3.3,115.1,1362.0,638685.0,881935.0
2019,11,1512,AM,175.51111111111106,27.426071211029225,26.38264101321537,83.27551714329486,78.39796129148762,1002.8695390337896,1002.1548537511912,2.66,3.52,3.77,192.35,4519.0,3285860.0,4144597.0
2019,11,761,RR,218.39999999999995,28.585416666666667,27.253611111111145,73.2152777777778,67.7194444444444,1000.1176388888882,999.4702777777776,2.7,3.76,3.95,235.04,1350.0,473160.0,605761.0
2019,11,485,PA,119.83478260869562,27.76257860049396,26.62115815933436,77.43029977533827,72.12175462738726,993.1875819996912,992.5580035929164,6.89,3.13,3.37,71.16,28063.0,5869143.0,8602865.0
2019,11,63,AP,101.59999999999994,28.71208333333332,27.54534722222224,75.82222222222214,70.4756944444444,1004.0292361111108,1003.4622916666664,5.92,3.85,3.82,116.36,861.0,756416.0,845731.0
2019,11,689,TO,158.2444444444444,27.08581606656903,25.762919871915194,79.15075107955934,72.59483206523034,975.2417019063928,974.5985948476102,5.66,2.88,2.99,445.17,2125.0,1252038.0,1572866.0
2019,11,138,MA,43.906666666666666,28.715532358237947,27.517216743544875,70.13523056873254,65.05058092164693,994.3186475483895,993.7264598688944,21.31,3.07,3.37,150.2,38237.0,4472250.0,7075181.0
2019,11,120,PI,24.231578947368423,30.67795962731129,29.07872290300425,54.03874371686523,48.21712772740656,977.5390888462751,976.9307507782376,13.01,3.18,3.18,233.65,9702.0,2157792.0,3273227.0
2019,11,891,CE,7.853333333333333,29.431886647768245,27.946515105883613,59.19942201338536,53.8376037414556,981.33139984106,980.5985931246856,61.34,3.0,3.07,256.88,15604.0,6884562.0,9132078.0
2019,11,701,RN,0.5142857142857142,29.138443429212817,27.837328404581417,61.71950202404479,56.51440730966806,1000.8316426155478,1000.2625534585816,66.4,2.99,3.06,302.43,3534.0,2743424.0,3506853.0
2019,11,577,PB,0.511111111111111,28.16273965501217,26.749544260481137,60.374849403646216,55.09982049583514,972.865972156558,972.3157790252484,71.16,2.95,3.06,324.14,5827.0,3046153.0,4018127.0
2019,11,2320,PE,20.81538461538461,28.262624233096773,26.733361295637746,54.79599164020886,49.4543399643904,961.4654708205236,960.9204921598432,97.45,2.78,2.91,258.0,9705.0,7669971.0,9557071.0
2019,11,801,AL,5.266666666666668,27.990442465225627,26.649377148267448,66.57357059626041,61.478141808216726,999.817037502841,999.2763739633384,119.84,2.8,2.96,258.88,4923.0,2472387.0,3337357.0
2019,11,417,SE,13.828571428571426,27.33104124983093,25.94694940353425,71.72007459293728,65.90701770764693,991.0881592733087,990.582380564293,104.87,2.75,2.91,414.68,2829.0,1704001.0,2298696.0
2019,11,2704,BA,45.40476190476191,27.84445463937413,26.393870674320176,62.969364236235535,57.37745520521192,968.0518959442826,967.497327966209,26.34,2.84,2.86,343.48,23387.0,10820867.0,14873064.0
2019,11,3386,MG,182.09206349206343,24.891151168072057,23.53766201274424,71.7957669812398,65.6834839975422,929.924568278814,929.375292833454,36.09,2.78,2.84,453.56,24712.0,18147336.0,21168791.0
2019,11,1733,ES,279.153846153846,24.57524688937677,23.498862869076795,80.74709936258368,75.69430431382395,987.1215162108086,986.6054102111812,87.2,2.75,2.83,424.05,6115.0,3376523.0,4018650.0
2019,11,814,RJ,219.2571428571428,22.810020169640406,21.830240287879,83.72728056889889,79.02999957130477,974.7625250800896,974.2141196474616,394.34,2.63,2.66,677.9,4911.0,16688483.0,17264943.0
2019,11,12348,SP,148.11351351351357,24.33391251582993,23.040925624372967,75.46540472381164,69.62280325505701,948.0857825420323,947.5222430098248,184.99,2.84,2.85,638.22,26059.0,44064368.0,45919049.0
2019,11,5937,PR,140.14545454545456,23.727488021871626,22.441130136116435,72.92469821859059,67.25955606497538,939.702850396116,939.0321802634262,57.37,2.76,2.83,630.59,12217.0,9819657.0,11433957.0
2019,11,245,SC,163.78181818181815,20.63786822762454,19.52208370764544,81.0723769165144,75.82170318921713,941.2910774153823,940.7709125581137,74.84,2.75,2.8,494.87,7413.0,6086018.0,7164788.0
2019,11,117,RS,136.08292682926827,21.856341779348664,20.669134098216247,75.64161537294301,70.46151345556602,974.10483897093,973.5143492779292,40.38,2.57,2.62,546.76,8129.0,9736604.0,11377239.0
2019,11,1199,MS,116.46470588235294,27.95625724706684,26.481027759966405,69.08574638050457,62.673558150183005,965.3843524385428,964.767715445408,7.78,2.84,3.0,617.65,6319.0,2380403.0,2778986.0
2019,11,921,MT,166.04285714285714,26.359192394589115,25.09617887246684,81.18969102407934,75.36287519059877,965.0246912858167,964.2429300533164,3.86,2.95,3.04,318.32,4545.0,2854105.0,3484466.0
2019,11,3704,GO,170.2695652173913,26.480348359846047,24.97320420971081,70.01380826287918,62.39833217865877,933.8511535128174,933.2236556947464,20.64,2.8,2.83,537.38,13224.0,6368656.0,7018354.0
2019,11,773,DF,1038.6000000000006,23.79360513822957,22.248980731639172,74.0103583426651,66.429731243001,894.1747835800046,893.6161686679702,521.67,3.03,2.99,885.97,3650.0,2912087.0,3015268.0
2019,12,378,RO,304.93333333333305,26.17822580645163,25.152688172043007,84.13306451612905,78.89829749103937,976.3071236559142,975.6462813620068,7.47,2.92,3.0,151.28,4081.0,1330800.0,1777225.0
2019,12,3829,AC,366.0666666666663,25.936581670696075,24.890178825792045,89.15375528041449,84.3594868395824,988.1413003765192,987.4570465798,5.37,3.21,3.3,115.1,1362.0,638685.0,881935.0
2019,12,1955,AM,281.3999999999998,26.98106589342689,25.95538338671365,85.5082328500108,80.94488446937824,1003.1698781643136,1002.4965626194678,2.66,3.52,3.77,192.35,4519.0,3285860.0,4144597.0
2019,12,606,RR,63.0,28.02956989247311,26.75846774193545,74.71908602150538,69.1962365591397,1000.9423387096776,1000.3235215053764,2.7,3.76,3.95,235.04,1350.0,473160.0,605761.0
2019,12,376,PA,181.224,27.47248596542021,26.35380374525676,78.15478866671232,73.00734733548995,995.7020242932092,994.8926638494248,6.89,3.13,3.37,71.16,28063.0,5869143.0,8602865.0
2019,12,45,AP,173.19999999999982,27.705617668621688,26.63654997556208,82.49115652492672,77.51231060606057,1004.5817280669596,1004.0006315676934,5.92,3.85,3.82,116.36,861.0,756416.0,845731.0
2019,12,971,TO,153.9647058823529,27.218646345306503,25.909660905032084,80.16512887242864,73.43606995849838,975.6296209454778,975.0024152849855,5.66,2.88,2.99,445.17,2125.0,1252038.0,1572866.0
2019,12,86,MA,89.2,28.65026366737668,27.48656230923496,71.80568816382575,66.53158949315545,994.6502300619336,994.0700058846884,21.31,3.07,3.37,150.2,38237.0,4472250.0,7075181.0
2019,12,106,PI,29.08,30.23704507402004,28.679405045680767,57.10029225707173,51.002744915742205,977.811297730861,977.2274914189504,13.01,3.18,3.18,233.65,9702.0,2157792.0,3273227.0
2019,12,765,CE,23.026666666666664,29.461528172557333,27.98397736215185,59.37707909287322,53.84211732349755,979.342628654079,978.7501025796602,61.34,3.0,3.07,256.88,15604.0,6884562.0,9132078.0
2019,12,769,RN,4.085714285714286,29.63273724590785,28.33654983694672,61.94714006763213,56.72938934703815,1000.9742181633376,1000.436060619829,66.4,2.99,3.06,302.43,3534.0,2743424.0,3506853.0
2019,12,448,PB,12.6,28.48937813045675,27.086290466179573,59.975216990158565,54.59540365477008,970.1231384978128,969.5965868188443,71.16,2.95,3.06,324.14,5827.0,3046153.0,4018127.0
2019,12,1525,PE,13.030769230769229,28.22156385042864,26.7117921869968,56.13997448347564,50.65802677702019,959.0539253964716,958.5364064478732,97.45,2.78,2.91,258.0,9705.0,7669971.0,9557071.0
2019,12,378,AL,17.3,28.4883661881958,27.14553718067237,66.3480970381963,61.06058343475284,1000.010943226412,999.5022932012532,119.84,2.8,2.96,258.88,4923.0,2472387.0,3337357.0
2019,12,169,SE,11.966666666666669,27.78713606095441,26.38251208494326,69.73394424192676,63.69225245455464,990.6862753225118,990.2011237527896,104.87,2.75,2.91,414.68,2829.0,1704001.0,2298696.0
2019,12,2238,BA,51.04186046511628,27.8529098405346,26.391480893510305,64.88898339238641,58.936566380062445,969.2423424462894,968.7074974138698,26.34,2.84,2.86,343.48,23387.0,10820867.0,14873064.0
2019,12,4950,MG,195.6126984126984,24.60716046793255,23.270828362515093,75.42620291292408,69.00665052770785,930.5518691185896,930.025295779617,36.09,2.78,2.84,453.56,24712.0,18147336.0,21168791.0
2019,12,2607,ES,143.25,25.30386739245772,24.101845996191315,78.14206589515963,74.76706812727132,985.6344944946744,985.145290564458,87.2,2.75,2.83,424.05,6115.0,3376523.0,4018650.0
2019,12,967,RJ,225.45,23.8484020704558,22.72237723055104,83.46058971085544,78.14041459480903,972.6888562728803,972.135393260536,394.34,2.63,2.66,677.9,4911.0,16688483.0,17264943.0
2019,12,16266,SP,199.06666666666663,24.52817225599427,23.28062285207552,78.9696405736871,72.74495128276808,948.457654422222,947.924613453417,184.99,2.84,2.85,638.22,26059.0,44064368.0,45919049.0
2019,12,11632,PR,187.03846153846155,23.336043657151063,22.07611574639433,78.94580544859836,72.93637654762203,940.0418388910252,939.3647507697872,57.37,2.76,2.83,630.59,12217.0,9819657.0,11433957.0
2019,12,255,SC,99.5818181818182,21.974288198458503,20.624871205392825,78.31676624669585,72.05277092539336,940.7830154636024,940.2825654929889,74.84,2.75,2.8,494.87,7413.0,6086018.0,7164788.0
2019,12,123,RS,65.30000000000001,23.73566387533976,22.2278538187711,67.35077855237503,60.273107133754976,973.3815047663524,972.7999485515336,40.38,2.57,2.62,546.76,8129.0,9736604.0,11377239.0
2019,12,2251,MS,242.2529411764705,26.179039076768746,24.881806294709925,79.51983574049709,72.90724129187971,966.1933970081236,965.5718961708208,7.78,2.84,3.0,617.65,6319.0,2380403.0,2778986.0
2019,12,2186,MT,222.48,26.1787999619518,24.957141292045808,81.39683649162494,75.99203566295854,966.5522944599433,965.8901490753882,3.86,2.95,3.04,318.32,4545.0,2854105.0,3484466.0
2019,12,4171,GO,227.1714285714285,26.180969039356096,24.780964917807697,73.90138660069675,66.71033118631178,934.5454943946864,933.9442873957822,20.64,2.8,2.83,537.38,13224.0,6368656.0,7018354.0
2019,12,870,DF,1230.4000000000017,23.468346325167,22.07143652561249,77.64866369710451,70.43692564745193,895.0623329621383,894.5183184855232,521.67,3.03,2.99,885.97,3650.0,2912087.0,3015268.0
2020,1,607,RO,331.1999999999996,26.45286738351257,25.355062724014346,83.98387096774195,78.47267025089603,976.8868279569892,976.2276433691756,7.56,2.88,3.01,145.54,2566.0,1339996.0,1796460.0
2020,1,3956,AC,213.79999999999995,26.695370966529406,25.568171927820693,86.72276028101524,81.4169858643619,989.5054142052376,988.822567519558,5.45,3.29,3.36,107.54,1041.0,647646.0,894470.0
2020,1,2132,AM,128.71249999999998,27.75597633814729,26.62978656178537,81.86413075589444,76.55075054003512,1004.2577920877928,1003.5817208266492,2.7,3.42,3.85,203.17,3734.0,3112859.0,4207714.0
2020,1,601,RR,7.0,28.491935483871,27.239247311827967,64.74462365591397,59.75134408602149,1002.4252688172044,1001.8322580645162,2.81,3.8,4.03,228.39,787.0,495130.0,631181.0
2020,1,1220,PA,305.1629629629628,26.41874558212752,25.43495361062899,84.18542980363814,79.19378033583868,997.4418642869,996.6575464763956,6.96,2.9,3.36,75.87,18037.0,5511783.0,8690745.0
2020,1,42,AP,228.99999999999983,26.46266068448256,25.48965123233532,85.88346056082467,81.2731161373491,1006.4036080005812,1005.8214899962422,6.03,3.88,3.86,109.17,457.0,770521.0,861773.0
2020,1,916,TO,313.322222222222,26.28311304549688,25.14643216764797,85.59661383043334,79.61688247195806,977.0746396985188,976.447880152692,5.73,3.43,3.12,467.07,1100.0,1427874.0,1590248.0
2020,1,486,MA,275.9333333333331,26.996763443711064,26.02016417245888,82.53208011758029,77.56146830894357,996.41016508309,995.78089221142,21.43,2.97,3.47,151.21,26443.0,4235246.0,7114598.0
2020,1,156,PI,172.03999999999994,27.04593961238036,25.91198924136589,79.30214813478585,73.57310442416784,979.7367286886304,979.1434357804518,13.04,3.11,3.18,232.93,5679.0,2107565.0,3281480.0
2020,1,1750,CE,143.21538461538464,27.39058034076588,26.2566936823887,75.77022129178006,70.26947558393923,978.2877280929896,977.7231760743598,61.7,3.03,3.12,255.43,8853.0,6893602.0,9187103.0
2020,1,1066,RN,97.4,29.16398900538669,28.023143716354923,71.96777841900187,66.66507576609912,1004.23354858538,1003.6929468364392,66.92,3.04,3.12,304.51,1812.0,2720776.0,3534165.0
2020,1,616,PB,46.20000000000003,28.024013890673857,26.788297615987663,68.29973218305177,62.502642635285376,970.726100404284,970.1879291550248,71.53,3.1,3.17,318.96,3297.0,2981211.0,4039277.0
2020,1,1814,PE,51.18181818181818,27.94443422081536,26.565497885243943,62.82465947562389,56.97049945221857,962.2600492311168,961.732810660228,98.05,3.58,3.03,251.84,5049.0,7645563.0,9616621.0
2020,1,254,AL,22.33333333333333,28.73093443453596,27.501613258322955,68.0197327037226,63.129569107035415,1000.1641125453268,999.64701711337,120.35,4.0,3.24,262.72,2313.0,2429712.0,3351543.0
2020,1,149,SE,33.266666666666666,28.085053217513853,26.789065686636427,70.9046627573535,65.1965751678962,990.769300423853,990.2667259444772,105.79,3.85,3.04,371.36,936.0,1720294.0,2318822.0
2020,1,3683,BA,145.1190476190476,26.6805840434863,25.44321886159189,74.71832033462603,69.0647685249622,969.8469092626352,969.31441247401,26.44,3.83,2.87,334.41,14610.0,10744030.0,14930634.0
2020,1,12889,MG,326.7682539682539,24.65490677482724,23.399192689556088,80.27027981756049,74.13203145240243,929.733387621766,929.2038082442288,36.3,3.25,2.87,461.41,10326.0,18205167.0,21292666.0
2020,1,2721,ES,254.5846153846153,25.991979323474425,24.871441642377427,75.63641686717264,70.54474850086238,985.7640771286334,985.2671160001664,88.18,3.3,2.86,409.41,2686.0,3417104.0,4064052.0
2020,1,1811,RJ,247.38095238095212,24.836204791904773,23.711776099944057,84.05129154881844,78.55430909487755,972.8337865303,972.2753614290392,396.66,2.78,2.72,630.52,3652.0,16670292.0,17366189.0
2020,1,54898,SP,237.0114285714285,25.29541695560022,23.980381974469484,78.80314060604462,72.37945035818808,947.4448091624948,946.9090465912856,186.49,3.02,2.9,620.72,14126.0,44355680.0,46289333.0
2020,1,38089,PR,137.94615384615378,24.117034234876108,22.830421968801485,80.70041607056291,74.771229619678,939.2171013021552,938.5871342506946,57.78,3.33,2.91,613.02,14221.0,9918033.0,11516840.0
2020,1,407,SC,156.99166666666665,22.683470451401217,21.477391178148665,82.13875874273212,76.25377171706185,940.0378856293344,939.561729331136,75.75,3.28,2.83,491.67,3841.0,6163398.0,7252502.0
2020,1,193,RS,140.34545454545452,24.0878558273338,22.777275836983016,76.4861238196622,70.40372442713908,973.0523723940912,972.5165595635666,40.54,3.04,2.67,528.12,4814.0,9759892.0,11422973.0
2020,1,11973,MS,181.04,27.22545472068176,25.921621953896903,79.25010306192618,72.79918040194868,965.2722590514156,964.7145634809584,7.87,3.98,3.03,409.22,5297.0,2765177.0,2809394.0
2020,1,7443,MT,202.38,26.49170646350543,25.256549862578645,83.35074033927212,77.88076831618525,966.6550203060286,966.010696889529,3.9,2.89,3.08,493.82,3547.0,2406557.0,3526220.0
2020,1,7939,GO,295.83478260869555,25.83737863068556,24.48964307715615,78.00975694133984,71.16323913399914,934.4446826422386,933.8467554591582,20.92,3.15,2.91,538.16,6202.0,6426179.0,7113540.0
2020,1,2802,DF,1972.2000000000048,23.091523143164657,21.79499461786866,82.43891280947257,75.99407965554359,894.7659580193747,894.2358180839607,528.57,3.17,3.02,822.64,2206.0,2950603.0,3055149.0
2020,2,1001,RO,391.0666666666664,26.039990421455943,25.064032567049804,85.35057471264366,80.52442528735642,977.3833333333332,976.7379310344822,7.56,2.88,3.01,145.54,2566.0,1339996.0,1796460.0
2020,2,2117,AC,213.49999999999991,26.20541655088928,25.176696928654025,88.7545272616251,83.85172224041294,989.9122062720548,989.2420260892968,5.45,3.29,3.36,107.54,1041.0,647646.0,894470.0
2020,2,1304,AM,148.86,27.668977721793407,26.58015942286792,82.29296935329319,77.0452124109645,1004.391058825155,1003.7238914446318,2.7,3.42,3.85,203.17,3734.0,3112859.0,4207714.0
2020,2,504,RR,1.8,29.24267241379311,27.96637931034482,57.83045977011492,53.34770114942532,1002.612068965517,1002.007471264368,2.81,3.8,4.03,228.39,787.0,495130.0,631181.0
2020,2,1764,PA,351.6639999999998,26.307643540441312,25.34040440736433,85.85233780844015,81.06876067987025,997.6507608758048,996.8469556441556,6.96,2.9,3.36,75.87,18037.0,5511783.0,8690745.0
2020,2,36,AP,196.5999999999999,26.42797233603,25.47586780840944,85.88601090239918,81.36829016353603,1006.5450503020722,1005.9648082965869,6.03,3.88,3.86,109.17,457.0,770521.0,861773.0
2020,2,1034,TO,278.4235294117646,26.35191455135472,25.152496765004933,85.59708895547786,79.37002818128627,977.4421321520924,976.8038063187984,5.73,3.43,3.12,467.07,1100.0,1427874.0,1590248.0
2020,2,894,MA,203.076923076923,26.943075176854624,25.96164323893392,83.4979808181418,78.56338615288065,996.5326533667328,995.892666290549,21.43,2.97,3.47,151.21,26443.0,4235246.0,7114598.0
2020,2,210,PI,188.4428571428571,26.955470731954893,25.76981442266734,81.16912625504247,75.14722298892508,979.944858973473,979.327769137988,13.04,3.11,3.18,232.93,5679.0,2107565.0,3281480.0
2020,2,4194,CE,138.27692307692303,26.56066525749538,25.452929459873463,83.08486067073336,78.09385215207212,978.5802559744697,978.0120068613304,61.7,3.03,3.12,255.43,8853.0,6893602.0,9187103.0
2020,2,1601,RN,125.32,28.650775537423232,27.53164736326472,76.63224656649237,71.0369759207882,1004.2057272143504,1003.641184482883,66.92,3.04,3.12,304.51,1812.0,2720776.0,3534165.0
2020,2,737,PB,87.42857142857143,27.558932536572623,26.400119187565306,74.96311716300937,69.06681034482756,970.9664429858937,970.4207663923715,71.53,3.1,3.17,318.96,3297.0,2981211.0,4039277.0
2020,2,2089,PE,99.04444444444444,27.416529430339768,26.13057033388068,69.0716472400019,62.82590733783821,962.454059071197,961.90976948339,98.05,3.58,3.03,251.84,5049.0,7645563.0,9616621.0
2020,2,218,AL,47.25,28.88421974219612,27.685160635611528,71.59695875510864,66.6006626961508,1000.2585533551136,999.7341646227712,120.35,4.0,3.24,262.72,2313.0,2429712.0,3351543.0
2020,2,145,SE,75.83333333333334,28.254429627865832,26.95964999360845,74.5788729554314,68.24002645297645,990.942888981301,990.4319620291442,105.79,3.85,3.04,371.36,936.0,1720294.0,2318822.0
2020,2,7002,BA,65.42222222222222,27.052797121422465,25.75337894394023,75.76381403123129,69.72605658419579,970.2794067276028,969.748698224873,26.44,3.83,2.87,334.41,14610.0,10744030.0,14930634.0
2020,2,21609,MG,276.3193548387096,24.20289802904682,22.99012412969261,82.12941313350171,76.05676092912155,931.0011888213022,930.4728201638655,36.3,3.25,2.87,461.41,10326.0,18205167.0,21292666.0
2020,2,2537,ES,129.96923076923073,26.37777679467135,25.14543709444372,75.23399274892307,69.16374504053955,987.5947900187732,987.08073644185,88.18,3.3,2.86,409.41,2686.0,3417104.0,4064052.0
2020,2,1777,RJ,366.63,24.314962577343053,23.31696007181269,86.489643375125,81.57347777760151,974.948224093692,974.403101694528,396.66,2.78,2.72,630.52,3652.0,16670292.0,17366189.0
2020,2,97274,SP,322.52727272727265,24.13863730895551,22.986079632718045,83.7199324858597,78.07790421690694,947.7587406764936,947.239289099362,186.49,3.02,2.9,620.72,14126.0,44355680.0,46289333.0
2020,2,90754,PR,120.75999999999998,23.97513649252324,22.63732910111417,77.5237819461383,71.67379971589935,942.8461663115716,942.1938644193772,57.78,3.33,2.91,613.02,14221.0,9918033.0,11516840.0
2020,2,795,SC,136.9090909090909,21.75550417499441,20.5631443731288,81.77824396535729,76.06676149834269,942.180686224385,941.7137424859734,75.75,3.28,2.83,491.67,3841.0,6163398.0,7252502.0
2020,2,450,RS,63.9909090909091,23.42785186453004,22.03718804389345,74.04294060935811,67.83817386475008,975.2509681278711,974.744807689404,40.54,3.04,2.67,528.12,4814.0,9759892.0,11422973.0
2020,2,21047,MS,156.40714285714284,26.678218423977,25.4066904151432,80.09968689505078,73.90512989958462,966.6287846855344,966.0667449769238,7.87,3.98,3.03,409.22,5297.0,2765177.0,2809394.0
2020,2,9875,MT,277.24827586206885,26.041724013219127,24.874160429697163,85.85256047055903,80.67156833628054,966.7787790974576,966.141354915214,3.9,2.89,3.08,493.82,3547.0,2406557.0,3526220.0
2020,2,11727,GO,324.8272727272726,25.449103802820574,24.124763397284934,80.17953133820876,73.46067782946032,935.608460372074,935.0055731724772,20.92,3.15,2.91,538.16,6202.0,6426179.0,7113540.0
2020,2,6771,DF,1647.8000000000036,22.618179199078064,21.292365312590025,84.67415730337083,77.94641313742441,895.9102852203958,895.3767790262161,528.57,3.17,3.02,822.64,2206.0,2950603.0,3055149.0
2020,3,1205,RO,283.19999999999993,26.084184587813603,25.091263440860228,85.62141577060937,80.68145161290323,977.060707885304,976.409901433692,7.56,2.88,3.01,145.54,2566.0,1339996.0,1796460.0
2020,3,957,AC,165.17142857142852,26.34554033176065,25.24040752724288,88.736711288249,83.67979435915936,988.816145059311,988.106555600896,5.45,3.29,3.36,107.54,1041.0,647646.0,894470.0
2020,3,1347,AM,247.7555555555556,27.816859196597434,26.75806298125663,82.12721166000345,77.1131903946637,1004.0773943057,1003.3765585447044,2.7,3.42,3.85,203.17,3734.0,3112859.0,4207714.0
2020,3,216,RR,5.6000000000000005,30.39139784946236,29.059274193548365,55.60618279569891,51.21102150537645,1001.8690860215056,1001.1986559139784,2.81,3.8,4.03,228.39,787.0,495130.0,631181.0
2020,3,1623,PA,398.382608695652,26.41031656856723,25.432777152690083,85.11986942384544,80.12017464076449,997.362131456388,996.5522197269156,6.96,2.9,3.36,75.87,18037.0,5511783.0,8690745.0
2020,3,25,AP,235.69999999999985,26.57808160289061,25.67876262461364,86.09009457576946,81.63656349310007,1006.3231843955416,1005.7013704779938,6.03,3.88,3.86,109.17,457.0,770521.0,861773.0
2020,3,1029,TO,303.5411764705881,26.06696185231707,24.997890968320828,87.149109656014,81.54416623215606,977.3130288861298,976.6956442874224,5.73,3.43,3.12,467.07,1100.0,1427874.0,1590248.0
2020,3,592,MA,332.9384615384613,26.739890596434808,25.81677823781719,84.5732983554965,79.76137847892204,996.1117839206084,995.4766698771392,21.43,2.97,3.47,151.21,26443.0,4235246.0,7114598.0
2020,3,366,PI,326.44615384615366,26.523616735769355,25.444495046764565,84.27832721943204,78.73616964643504,979.9603678206768,979.329345384726,13.04,3.11,3.18,232.93,5679.0,2107565.0,3281480.0
2020,3,5787,CE,228.43636363636352,26.58099335647761,25.500502360930337,83.79523633423814,78.64281523264485,981.4147185815044,980.809312548927,61.7,3.03,3.12,255.43,8853.0,6893602.0,9187103.0
2020,3,1861,RN,234.36,27.919313667093537,26.861100667389124,81.03864354563486,75.37978892480076,1004.1352561630416,1003.543279038007,66.92,3.04,3.12,304.51,1812.0,2720776.0,3534165.0
2020,3,691,PB,225.6,26.68238138338824,25.58348702723336,80.9751925744155,75.44165265115348,970.6464048823944,970.0583505142968,71.53,3.1,3.17,318.96,3297.0,2981211.0,4039277.0
2020,3,2653,PE,221.9333333333332,26.66877415834647,25.453297553281985,74.67180757538087,68.6136727068542,962.2322303557908,961.6458943238216,98.05,3.58,3.03,251.84,5049.0,7645563.0,9616621.0
2020,3,218,AL,124.45000000000005,28.623854394074915,27.400184599709085,73.48175091528762,68.0258918958375,999.8038877930304,999.2242147633426,120.35,4.0,3.24,262.72,2313.0,2429712.0,3351543.0
2020,3,223,SE,142.16000000000005,28.008775440458766,26.76910360310647,76.26047717113312,70.23230354854384,990.3864565212016,989.8100651946723,105.79,3.85,3.04,371.36,936.0,1720294.0,2318822.0
2020,3,12975,BA,210.670588235294,26.01355064623297,24.88955359293316,80.09201756650651,74.40076652474761,970.1683841399348,969.6111555765698,26.44,3.83,2.87,334.41,14610.0,10744030.0,14930634.0
2020,3,29830,MG,202.9548387096773,23.183831656901763,21.977064673041603,81.81587412906849,76.02398957072955,931.4004354740712,930.8990692041668,36.3,3.25,2.87,461.41,10326.0,18205167.0,21292666.0
2020,3,2216,ES,185.83333333333323,25.04980520434541,23.858678834587835,76.21295816500415,70.56907431836999,988.362067601304,987.8810048436328,88.18,3.3,2.86,409.41,2686.0,3417104.0,4064052.0
2020,3,1467,RJ,264.1499999999999,23.16606127338246,22.08139497694274,85.3943988777214,80.18649987865646,976.5368983899988,975.98235616813,396.66,2.78,2.72,630.52,3652.0,16670292.0,17366189.0
2020,3,85833,SP,91.49142857142856,24.037860100470496,22.6328103503022,74.95423951239736,68.47598853685705,948.8915666452845,948.405087502564,186.49,3.02,2.9,620.72,14126.0,44355680.0,46289333.0
2020,3,103402,PR,42.29166666666667,23.841302963459768,22.296196927519848,69.65973546465308,63.34450243550404,944.3076887776384,943.6728839756948,57.78,3.33,2.91,613.02,14221.0,9918033.0,11516840.0
2020,3,2301,SC,47.2909090909091,21.729626770335944,20.44625332392188,77.56815057178567,71.63028372043087,943.6948691169978,943.2746585729984,75.75,3.28,2.83,491.67,3841.0,6163398.0,7252502.0
2020,3,1293,RS,33.00909090909091,24.050488271013148,22.61034113445804,69.45783112268631,64.09510879103439,976.4173429068472,975.938014942257,40.54,3.04,2.67,528.12,4814.0,9759892.0,11422973.0
2020,3,18569,MS,63.13333333333334,27.226105493523846,25.66423472012453,68.2050544483095,61.34956523525271,968.8409487182524,968.3291948644276,7.87,3.98,3.03,409.22,5297.0,2765177.0,2809394.0
2020,3,8461,MT,187.47407407407405,26.7343592195641,25.427167735863748,82.25580035570762,76.41654240249149,966.7254499313932,966.099177196243,3.9,2.89,3.08,493.82,3547.0,2406557.0,3526220.0
2020,3,15413,GO,191.5916666666666,25.395835459930087,24.05965806396736,78.45991984415195,71.72457488257908,935.483586143104,934.9193775936282,20.92,3.15,2.91,538.16,6202.0,6426179.0,7113540.0
2020,3,12031,DF,1656.2000000000044,22.5817447045708,21.29367335562989,83.90942028985516,77.61315496098102,895.5360925306569,895.0136008918626,528.57,3.17,3.02,822.64,2206.0,2950603.0,3055149.0
2020,4,987,RO,147.86666666666665,26.51308035022472,25.431301332713485,82.20482721214941,76.89488416240506,978.4938392995504,977.8936562451574,7.56,2.88,3.01,145.54,2566.0,1339996.0,1796460.0
2020,4,424,AC,128.39999999999998,26.62124870307489,25.378397079167456,84.28304683078659,78.63029695654907,989.3994225539204,988.7184756806892,5.45,3.29,3.36,107.54,1041.0,647646.0,894470.0
2020,4,833,AM,290.34999999999985,27.047594795563064,26.058318691784923,84.80209015708975,80.20713934591808,1005.2331484690376,1004.5465804483777,2.7,3.42,3.85,203.17,3734.0,3112859.0,4207714.0
2020,4,71,RR,104.8,29.52680555555556,28.21319444444444,64.71250000000005,59.537499999999966,1002.7130555555564,1002.037638888888,2.81,3.8,4.03,228.39,787.0,495130.0,631181.0
2020,4,850,PA,341.381818181818,26.45660916187733,25.49578329910839,84.75372819902134,79.88144959669381,997.6332587741966,996.7264523224696,6.96,2.9,3.36,75.87,18037.0,5511783.0,8690745.0
2020,4,23,AP,416.89999999999975,26.525712962962984,25.6076111111111,88.04370370370374,83.7267129629629,1006.7305324074068,1006.1029537037034,6.03,3.88,3.86,109.17,457.0,770521.0,861773.0
2020,4,558,TO,234.3764705882352,26.52603757002488,25.350696005570185,84.62941354162871,78.69445357737595,977.9976000203344,977.4070251044112,5.73,3.43,3.12,467.07,1100.0,1427874.0,1590248.0
2020,4,438,MA,275.61666666666656,26.923910006870823,25.90977462489506,83.85613987808966,78.7365350273112,995.4651463493292,994.827137879019,21.43,2.97,3.47,151.21,26443.0,4235246.0,7114598.0
2020,4,374,PI,165.78461538461536,26.993191742693032,25.81679368771545,81.44237083127504,75.55353901794291,980.5148123814312,979.9170047802786,13.04,3.11,3.18,232.93,5679.0,2107565.0,3281480.0
2020,4,6383,CE,134.11111111111106,26.909642988679657,25.789674386018778,76.35884833495172,76.450459036009,984.7612727420722,984.1949177669308,61.7,3.03,3.12,255.43,8853.0,6893602.0,9187103.0
2020,4,964,RN,143.31999999999994,28.10822106296084,26.952144006213665,81.3099695320831,75.4087351827946,1004.5023192904364,1003.9392522470272,66.92,3.04,3.12,304.51,1812.0,2720776.0,3534165.0
2020,4,662,PB,146.3142857142857,26.494126866097748,25.422482247414976,81.40903528283013,75.97142709760809,971.3165121577524,970.784451958148,71.53,3.1,3.17,318.96,3297.0,2981211.0,4039277.0
2020,4,3434,PE,113.48888888888888,26.227971100049963,25.007590136080527,75.61341939765511,69.71794744858663,963.107547874474,962.5784357442772,98.05,3.58,3.03,251.84,5049.0,7645563.0,9616621.0
2020,4,478,AL,154.7333333333333,27.868214322216,26.71675778219471,77.91199872344208,72.49328235803813,1000.8503337280604,1000.3290065772792,120.35,4.0,3.24,262.72,2313.0,2429712.0,3351543.0
2020,4,178,SE,155.44999999999985,26.979163256741167,25.874671007764142,81.9469838491279,76.90403980902433,991.6960111740636,991.1928244019516,105.79,3.85,3.04,371.36,936.0,1720294.0,2318822.0
2020,4,20909,BA,180.8451612903225,25.43826007244973,24.37180644944279,80.88561408188566,75.84237359566961,971.3849708984652,970.8678865433194,26.44,3.83,2.87,334.41,14610.0,10744030.0,14930634.0
2020,4,27354,MG,58.280000000000015,22.3684239934475,21.101053864559187,79.57639165553545,73.8459808941429,932.1328011292128,931.6682925027532,36.3,3.25,2.87,461.41,10326.0,18205167.0,21292666.0
2020,4,67,ES,29.769230769230784,24.70652224985616,23.451715147122982,74.35131669777715,66.78086768619491,989.7336731216104,989.2367862297126,88.18,3.3,2.86,409.41,2686.0,3417104.0,4064052.0
2020,4,862,RJ,60.673684210526325,22.18003104770616,21.117731631328773,82.7012250089505,76.80972178391404,984.1887094391632,983.6442720402556,396.66,2.78,2.72,630.52,3652.0,16670292.0,17366189.0
2020,4,51399,SP,27.450000000000003,22.406311207879185,20.950414039886944,72.6810018836331,66.26440992092112,950.3880285462434,949.9317529681492,186.49,3.02,2.9,620.72,14126.0,44355680.0,46289333.0
2020,4,61538,PR,36.11666666666667,20.884113546083075,19.30282421897696,68.66318827328489,62.381391684193616,945.7494013644412,945.1342453151,57.78,3.33,2.91,613.02,14221.0,9918033.0,11516840.0
2020,4,5509,SC,55.64545454545456,18.10647153746657,16.80027813703209,76.85303775016321,70.92446131314773,944.682806500379,944.2368609654156,75.75,3.28,2.83,491.67,3841.0,6163398.0,7252502.0
2020,4,2294,RS,44.84545454545455,19.306576430697813,17.92690622823669,71.00664314121373,65.35102078734657,978.427761026321,977.930931091539,40.54,3.04,2.67,528.12,4814.0,9759892.0,11422973.0
2020,4,8840,MS,68.3,24.401856762963888,22.84099602766377,68.31395424357311,61.59804356646998,971.4230429235972,970.9305702711108,7.87,3.98,3.03,409.22,5297.0,2765177.0,2809394.0
2020,4,6027,MT,109.74814814814816,26.545595756077,25.25849915039689,80.41854523847185,74.59006888804403,968.3576409333768,967.7850696644812,3.9,2.89,3.08,493.82,3547.0,2406557.0,3526220.0
2020,4,13670,GO,111.55833333333334,25.007446260169047,23.550928406344667,77.86053494621521,70.61089002606128,936.9261700670854,936.413532683152,20.92,3.15,2.91,538.16,6202.0,6426179.0,7113540.0
2020,4,14213,DF,1075.6000000000006,22.276079086605407,20.992509050403804,82.22974101921464,76.00584795321632,897.0473962684481,896.5657198551933,528.57,3.17,3.02,822.64,2206.0,2950603.0,3055149.0
2020,5,804,RO,107.4666666666667,25.237099064866467,24.105659646427924,78.55839194761094,73.2344395936077,979.8039374646296,979.2909856630824,7.56,2.88,3.01,145.54,2566.0,1339996.0,1796460.0
2020,5,1151,AC,78.15000000000002,26.88693740637909,25.153876229594225,82.41725815992595,76.22169347682973,990.8817716317942,990.2645790088826,5.45,3.29,3.36,107.54,1041.0,647646.0,894470.0
2020,5,683,AM,255.19999999999985,26.9406434147596,25.949308563762784,85.95770918408465,81.56045297931945,1005.8050235112664,1005.1495616226858,2.7,3.42,3.85,203.17,3734.0,3112859.0,4207714.0
2020,5,175,RR,289.39999999999986,27.466666666666647,26.294623655913945,80.30645161290322,75.01209677419355,1003.6146505376346,1002.9599462365588,2.81,3.8,4.03,228.39,787.0,495130.0,631181.0
2020,5,593,PA,202.0181818181817,27.063708588010225,25.994569367848623,82.20219137261628,76.94579078245987,997.4562042320872,996.6280164185832,6.96,2.9,3.36,75.87,18037.0,5511783.0,8690745.0
2020,5,17,AP,297.3999999999997,27.21934762393381,26.204678247718007,86.49842744607622,81.56101829880934,1007.088633387845,1006.483663208919,6.03,3.88,3.86,109.17,457.0,770521.0,861773.0
2020,5,472,TO,45.922222222222224,26.63982679477013,25.351596221231155,79.73249117605786,73.54784500552374,978.8658649382504,978.3733578661208,5.73,3.43,3.12,467.07,1100.0,1427874.0,1590248.0
2020,5,245,MA,56.44999999999998,27.81817978644981,26.66826199597212,77.56516548079847,72.61381465795301,994.9947177805434,994.4578645921546,21.43,2.97,3.47,151.21,26443.0,4235246.0,7114598.0
2020,5,662,PI,36.33846153846154,27.252277133618747,25.9507510840912,75.13145722302984,68.90545853273818,980.6170673391,980.1018972989792,13.04,3.11,3.18,232.93,5679.0,2107565.0,3281480.0
2020,5,6082,CE,101.82857142857142,26.56396691703209,25.413209254113667,80.51223872110678,75.14602851204639,985.769304946526,985.2744804193984,61.7,3.03,3.12,255.43,8853.0,6893602.0,9187103.0
2020,5,1515,RN,129.19999999999987,27.695123642891176,26.558432600961225,79.83324347571049,74.31453654273416,1004.5414188861278,1004.0281992306254,66.92,3.04,3.12,304.51,1812.0,2720776.0,3534165.0
2020,5,1076,PB,159.13333333333333,25.43212974808857,24.40321269739734,82.10130742418508,77.2752982989778,971.414691387841,970.9324521981872,71.53,3.1,3.17,318.96,3297.0,2981211.0,4039277.0
2020,5,5610,PE,100.375,25.34946252682049,24.1741469458642,76.11155611586732,70.8949078231316,964.3645569287044,963.8774800636664,98.05,3.58,3.03,251.84,5049.0,7645563.0,9616621.0
2020,5,541,AL,158.1333333333333,26.432549363957538,25.348994055194066,66.6999051678127,61.34104566330221,1001.9275709338036,1001.43565353873,120.35,4.0,3.24,262.72,2313.0,2429712.0,3351543.0
2020,5,393,SE,188.13333333333333,25.52906453411011,24.49701478045096,87.01113628462862,82.33404378593725,993.8714399251986,993.4163828352572,105.79,3.85,3.04,371.36,936.0,1720294.0,2318822.0
2020,5,24885,BA,104.53125,24.234426856464165,23.18973022718174,81.34466917571284,76.54868648384573,973.008396097268,972.5340509511658,26.44,3.83,2.87,334.41,14610.0,10744030.0,14930634.0
2020,5,18983,MG,40.79310344827587,19.79221028437718,18.3919305103408,77.25312840869206,71.32658039803248,933.5467227089124,933.0856564414822,36.3,3.25,2.87,461.41,10326.0,18205167.0,21292666.0
2020,5,605,RJ,122.54117647058824,20.029134893299773,18.805960151212428,81.34250196207331,75.15692016102085,983.3415260308776,982.7720539035946,396.66,2.78,2.72,630.52,3652.0,16670292.0,17366189.0
2020,5,33118,SP,27.83636363636364,19.615912138492064,18.071208432293968,69.93205031563936,63.54851898439014,953.4183196515584,952.94054708291,186.49,3.02,2.9,620.72,14126.0,44355680.0,46289333.0
2020,5,28315,PR,88.39166666666665,17.636743354944393,16.12429386275618,71.15380442497029,65.36852692252343,946.7443718216924,946.0715852468084,57.78,3.33,2.91,613.02,14221.0,9918033.0,11516840.0
2020,5,6544,SC,65.43636363636361,15.637090976543458,14.35574690408466,78.53821428074605,72.79832128254263,946.0778763579945,945.5906633133914,75.75,3.28,2.83,491.67,3841.0,6163398.0,7252502.0
2020,5,1240,RS,152.97142857142853,15.90951507045734,14.64115414609554,75.11837701631725,69.6374883089803,978.2655916637976,977.7064707304172,40.54,3.04,2.67,528.12,4814.0,9759892.0,11422973.0
2020,5,4389,MS,89.61739130434782,20.57366067370683,19.04345678959012,71.9888641263996,65.63738570330533,972.9583982841542,972.4711865500072,7.87,3.98,3.03,409.22,5297.0,2765177.0,2809394.0
2020,5,5826,MT,56.29230769230769,24.55256610824841,23.205921827476583,76.63414314938089,70.88128628892834,969.3970493091616,968.90967031136,3.9,2.89,3.08,493.82,3547.0,2406557.0,3526220.0
2020,5,10250,GO,21.383333333333336,22.52583934737144,21.068339616601573,71.1267717110573,64.63718361718736,938.43246067026,937.9742941442316,20.92,3.15,2.91,538.16,6202.0,6426179.0,7113540.0
2020,5,12110,DF,123.60000000000004,20.35585266030014,18.91885402455657,76.48867667121425,69.95798090040934,898.1179809004086,897.6843656207353,528.57,3.17,3.02,822.64,2206.0,2950603.0,3055149.0
2020,6,567,RO,7.399999999999999,27.16791666666667,25.751952495974248,71.64706119162639,64.95998389694044,979.3620672302736,978.840563607085,7.56,2.88,3.01,145.54,2566.0,1339996.0,1796460.0
2020,6,1107,AC,44.33333333333333,27.49394285890016,25.354628108766263,84.91502439277961,78.20168101440001,990.3679963752376,989.8013215794592,5.45,3.29,3.36,107.54,1041.0,647646.0,894470.0
2020,6,905,AM,136.6222222222222,27.40121078449575,26.237755933528828,83.00958452190339,77.72360590878151,1005.7886353908196,1005.2117823489194,2.7,3.42,3.85,203.17,3734.0,3112859.0,4207714.0
2020,6,161,RR,379.5999999999997,26.641250000000007,25.434999999999988,81.64722222222233,76.10694444444444,1003.5706944444452,1002.9363888888888,2.81,3.8,4.03,228.39,787.0,495130.0,631181.0
2020,6,389,PA,69.0909090909091,27.06366324867361,25.85154060659634,76.80808020078311,71.26254744384808,996.594752621976,995.8002426341404,6.96,2.9,3.36,75.87,18037.0,5511783.0,8690745.0
2020,6,12,AP,268.5999999999998,26.713333333333345,25.689236111111093,87.12083333333337,82.33611111111117,1006.9922222222224,1006.4238194444448,6.03,3.88,3.86,109.17,457.0,770521.0,861773.0
2020,6,424,TO,1.1473684210526314,26.00462260590465,24.40867284780741,71.70213858235525,64.79841054849754,978.95428312034,978.4927208787476,5.73,3.43,3.12,467.07,1100.0,1427874.0,1590248.0
2020,6,163,MA,9.82222222222222,27.29421169959212,26.016091527839205,71.8920241780923,66.80700912821273,996.4542475613052,995.9734294007072,21.43,2.97,3.47,151.21,26443.0,4235246.0,7114598.0
2020,6,489,PI,11.423529411764708,27.160299946029983,25.707123706533626,66.38737151532872,60.36579518699156,979.742342017321,979.249376002508,13.04,3.11,3.18,232.93,5679.0,2107565.0,3281480.0
2020,6,5151,CE,22.275,26.369963668845696,25.07455425235685,74.05541093744716,68.52751416344323,986.1630662325424,985.7032328061396,61.7,3.03,3.12,255.43,8853.0,6893602.0,9187103.0
2020,6,1807,RN,118.59999999999997,27.55013898930224,26.2500784324483,74.12324708767645,68.34899216751116,1005.0361508332562,1004.5407297784112,66.92,3.04,3.12,304.51,1812.0,2720776.0,3534165.0
2020,6,1096,PB,81.02857142857141,24.322165568559186,23.22437106622564,80.5909268512933,75.54030915014253,971.9572826336748,971.5201896542188,71.53,3.1,3.17,318.96,3297.0,2981211.0,4039277.0
2020,6,5316,PE,81.3333333333333,24.09375923668488,22.832351085769915,75.8121025657754,70.17189085164595,965.1496767194056,964.700122401872,98.05,3.58,3.03,251.84,5049.0,7645563.0,9616621.0
2020,6,552,AL,126.59999999999982,25.387242249565823,24.225228993459712,68.40294699553795,61.61977088339403,1002.9734589199278,1002.5107070077228,120.35,4.0,3.24,262.72,2313.0,2429712.0,3351543.0
2020,6,948,SE,213.46666666666653,24.39587256418606,23.29998324948012,87.46184509990239,82.09921380967775,994.9638489963824,994.5411477164035,105.79,3.85,3.04,371.36,936.0,1720294.0,2318822.0
2020,6,18823,BA,83.98125000000002,23.191892246565445,22.031693943374,81.4555650476441,76.11745895253334,974.4253757918232,973.980208264791,26.44,3.83,2.87,334.41,14610.0,10744030.0,14930634.0
2020,6,10936,MG,8.216393442622953,20.220362057580147,18.67906070039713,74.59553216357833,68.48195541053606,934.1944797387404,933.7470453112398,36.3,3.25,2.87,461.41,10326.0,18205167.0,21292666.0
2020,6,395,RJ,21.258823529411764,20.71230908025388,19.457533319100303,81.2221422532667,74.96945842694728,986.204128877567,985.642660780324,396.66,2.78,2.72,630.52,3652.0,16670292.0,17366189.0
2020,6,20477,SP,71.88275862068964,21.22273400570633,19.79156769213892,73.08774479489887,67.26594772028109,953.5984218838688,953.085925391092,186.49,3.02,2.9,620.72,14126.0,44355680.0,46289333.0
2020,6,12559,PR,125.03333333333336,18.59401105758924,17.467193848180862,79.99756774224902,75.65215389973817,946.1949410790826,945.5502192446454,57.78,3.33,2.91,613.02,14221.0,9918033.0,11516840.0
2020,6,3835,SC,173.03809523809514,15.66140379636946,14.748232836290168,86.84317154937153,82.99915660170586,946.4865742538188,945.9307501346808,75.75,3.28,2.83,491.67,3841.0,6163398.0,7252502.0
2020,6,369,RS,186.5073170731708,15.417521333391877,14.475148286894033,82.56400909373792,78.82915190928513,977.7292608066736,977.1077405388952,40.54,3.04,2.67,528.12,4814.0,9759892.0,11422973.0
2020,6,2089,MS,62.06086956521741,21.586846913878347,20.332231358640392,76.585939994011,71.59498447634309,971.9104115726263,971.4055980553115,7.87,3.98,3.03,409.22,5297.0,2765177.0,2809394.0
2020,6,4180,MT,1.2235294117647055,25.449329930222017,23.85934620315641,69.08879755667803,62.944373394721055,969.0288787137036,968.5593587232072,3.9,2.89,3.08,493.82,3547.0,2406557.0,3526220.0
2020,6,8054,GO,0.675,23.2677238729316,21.61303050890072,63.451282937047736,56.98914123327975,939.2256810768832,938.7695199847102,20.92,3.15,2.91,538.16,6202.0,6426179.0,7113540.0
2020,6,6670,DF,0.0,20.22236111111112,18.61519444444444,69.86694444444436,63.06555555555556,898.929083333335,898.5113888888874,528.57,3.17,3.02,822.64,2206.0,2950603.0,3055149.0
2020,7,496,RO,0.9999999999999998,28.39379661919984,26.700331783396305,56.53903903903903,49.947847040588975,979.0336590622878,978.5112140366168,7.56,2.88,3.01,145.54,2566.0,1339996.0,1796460.0
2020,7,495,AC,72.13333333333334,27.124876066912343,24.875222489537016,84.2582558268042,77.3957994603156,990.2635375674693,989.6873557647748,5.45,3.29,3.36,107.54,1041.0,647646.0,894470.0
2020,7,593,AM,57.6,28.181586112267738,26.869039902823545,77.48587231681907,71.33098632789319,1005.3954811447632,1004.8286860240304,2.7,3.42,3.85,203.17,3734.0,3112859.0,4207714.0
2020,7,214,RR,268.2,26.824580152671736,25.402748091603044,82.37404580152676,75.82137404580152,1003.0048484848488,1002.3639393939392,2.81,3.8,4.03,228.39,787.0,495130.0,631181.0
2020,7,214,PA,30.190476190476183,27.476641443553607,26.04628887751975,69.39490657315363,63.36818687012019,996.6105680909347,996.100452519022,6.96,2.9,3.36,75.87,18037.0,5511783.0,8690745.0
2020,7,11,AP,119.49999999999994,27.182795698924743,26.04596774193548,83.49126344086011,77.89381720430103,1006.5754704301075,1006.0418010752688,6.03,3.88,3.86,109.17,457.0,770521.0,861773.0
2020,7,413,TO,0.0588235294117647,26.240792629121035,24.3302298311186,60.7549692468772,53.04857374295365,981.4049696974778,980.9254404796884,5.73,3.43,3.12,467.07,1100.0,1427874.0,1590248.0
2020,7,159,MA,2.0222222222222217,27.231287710174804,25.75544961920199,64.63370427657641,59.16928593645029,996.185169987309,995.6924197356036,21.43,2.97,3.47,151.21,26443.0,4235246.0,7114598.0
2020,7,279,PI,1.5529411764705878,27.53621170893101,25.88555788270752,56.027581966534136,50.26108850675382,979.4682536420088,978.9557569586584,13.04,3.11,3.18,232.93,5679.0,2107565.0,3281480.0
2020,7,4622,CE,21.48888888888889,27.12504585636648,25.56340356984582,63.97836544615917,57.960811066425904,986.0761234459916,985.5868498822103,61.7,3.03,3.12,255.43,8853.0,6893602.0,9187103.0
2020,7,1671,RN,78.09999999999998,28.070150532346386,26.527476729397936,65.61080257295214,59.547645728743845,1005.0293987957272,1004.5157567613348,66.92,3.04,3.12,304.51,1812.0,2720776.0,3534165.0
2020,7,1241,PB,80.36666666666667,24.02326268770398,22.77823208275356,74.5582111050121,69.31317363868074,972.1381050248712,971.6934369561426,71.53,3.1,3.17,318.96,3297.0,2981211.0,4039277.0
2020,7,5216,PE,44.311111111111096,23.51146621640541,22.185336935955927,71.57676531363096,66.05718025518442,965.3932276774852,964.935073481814,98.05,3.58,3.03,251.84,5049.0,7645563.0,9616621.0
2020,7,532,AL,103.26666666666664,24.66913259519976,23.367831173834265,70.64679017395027,63.67128441601608,1003.4208390295076,1002.9574165685544,120.35,4.0,3.24,262.72,2313.0,2429712.0,3351543.0
2020,7,1171,SE,67.46666666666678,23.802676871894224,22.55542091299587,84.0153861042438,77.85061921677622,995.4467671748224,995.0066187287688,105.79,3.85,3.04,371.36,936.0,1720294.0,2318822.0
2020,7,9837,BA,66.11764705882351,22.660512954584764,21.36282454400561,76.13635930444798,71.87584263193283,974.6250039851752,974.1709542364677,26.44,3.83,2.87,334.41,14610.0,10744030.0,14930634.0
2020,7,6975,MG,6.354098360655737,20.275435424980536,18.61013669865572,69.36343992559229,62.8197973147096,934.0166842048692,933.580147469932,36.3,3.25,2.87,461.41,10326.0,18205167.0,21292666.0
2020,7,372,RJ,44.847058823529416,20.499635397337723,19.22330236721222,77.94526071165765,71.64945097620941,986.3229729261396,985.7831727949248,396.66,2.78,2.72,630.52,3652.0,16670292.0,17366189.0
2020,7,14430,SP,11.103703703703705,20.93522122925392,19.291128622689552,65.7828282563696,59.40778896492832,953.9425698060644,953.4577855938602,186.49,3.02,2.9,620.72,14126.0,44355680.0,46289333.0
2020,7,5150,PR,30.558333333333337,17.35376087215432,16.008571585693772,74.67192198085982,69.3220908599628,946.4270848596516,945.8025622499372,57.78,3.33,2.91,613.02,14221.0,9918033.0,11516840.0
2020,7,1615,SC,120.6095238095238,13.903434851403368,12.86002456784621,82.9450949707462,77.6579548454177,946.6462866415476,946.0896765983324,75.75,3.28,2.83,491.67,3841.0,6163398.0,7252502.0
2020,7,162,RS,161.98536585365846,13.102257257299282,12.012539449294763,79.84612568460376,75.0575704895971,978.1739741833632,977.5554944783314,40.54,3.04,2.67,528.12,4814.0,9759892.0,11422973.0
2020,7,1557,MS,5.146666666666667,21.25977528904701,19.678079453557583,65.90799289797728,59.824499576871794,971.644014665121,971.146193387592,7.87,3.98,3.03,409.22,5297.0,2765177.0,2809394.0
2020,7,2101,MT,1.1,25.8619466946703,23.9976748486906,57.399453965154805,50.82191905907144,968.7119883818644,968.2289371296228,3.9,2.89,3.08,493.82,3547.0,2406557.0,3526220.0
2020,7,5831,GO,0.0,23.46231535505867,21.65118059552953,52.90797024534648,46.58100791461916,938.659733556163,938.1948041019984,20.92,3.15,2.91,538.16,6202.0,6426179.0,7113540.0
2020,7,2848,DF,0.0,20.1869588599086,18.4652594783544,59.29981177735949,52.69292820650711,898.6946490992201,898.2738101640225,528.57,3.17,3.02,822.64,2206.0,2950603.0,3055149.0
2020,8,231,RO,1.0666666666666669,29.66721159456532,27.94760044177711,47.681368258731375,41.741758356255744,978.722255563891,978.1508741768772,7.56,2.88,3.01,145.54,2566.0,1339996.0,1796460.0
2020,8,337,AC,25.25,28.67436450793597,26.279300104108405,72.98971470485196,65.86613365851316,989.6889404781076,989.080682471508,5.45,3.29,3.36,107.54,1041.0,647646.0,894470.0
2020,8,346,AM,41.13333333333336,28.801794275109422,27.4745567830608,72.4452408840553,66.43412886159274,1005.6228443686332,1005.0468577941376,2.7,3.42,3.85,203.17,3734.0,3112859.0,4207714.0
2020,8,151,RR,192.0,27.0375,25.71922043010752,81.59677419354827,75.52956989247306,1002.7254032258068,1002.067204301076,2.81,3.8,4.03,228.39,787.0,495130.0,631181.0
2020,8,187,PA,24.23809523809524,28.440396473769177,26.92210859261576,65.00284057635088,58.87677659574791,997.0077569395116,996.416108505498,6.96,2.9,3.36,75.87,18037.0,5511783.0,8690745.0
2020,8,11,AP,102.29999999999998,28.13770161290324,27.006518817204302,79.61491935483869,73.95900537634405,1006.4009408602157,1005.8428091397844,6.03,3.88,3.86,109.17,457.0,770521.0,861773.0
2020,8,219,TO,0.4588235294117646,28.247460525343925,26.191866987579683,52.973537413970135,45.33250690207644,980.5711555057886,980.040053891879,5.73,3.43,3.12,467.07,1100.0,1427874.0,1590248.0
2020,8,80,MA,0.8666666666666667,28.17838316611824,26.662629818929585,59.36524449352514,53.9175807096164,995.8226104501848,995.2844881797477,21.43,2.97,3.47,151.21,26443.0,4235246.0,7114598.0
2020,8,132,PI,1.2625,28.756308185452298,26.97189165568288,49.2049852874787,43.70758103294939,978.3340378942464,977.7551172870031,13.04,3.11,3.18,232.93,5679.0,2107565.0,3281480.0
2020,8,2836,CE,2.2444444444444445,27.63524743721267,26.072951802880045,58.02096490417652,52.34220750691264,984.8551922586556,984.3241020382404,61.7,3.03,3.12,255.43,8853.0,6893602.0,9187103.0
2020,8,916,RN,7.080000000000003,29.800185328514083,28.0182954052574,55.2792835170019,49.29870710187072,1005.1475574015736,1004.5499702622286,66.92,3.04,3.12,304.51,1812.0,2720776.0,3534165.0
2020,8,844,PB,14.333333333333336,24.892482923162408,23.55225839134556,67.29666143739585,61.796072327352334,972.4437544530512,971.9414500604632,71.53,3.1,3.17,318.96,3297.0,2981211.0,4039277.0
2020,8,3506,PE,23.04000000000002,24.12272181223506,22.764701132031167,66.87003011449376,61.992334310221054,965.6040222010008,965.0924171024088,98.05,3.58,3.03,251.84,5049.0,7645563.0,9616621.0
2020,8,262,AL,62.3333333333333,25.09518260916541,23.696338054407164,76.61236423337283,70.33053963484905,1003.84068164512,1003.3201384420169,120.35,4.0,3.24,262.72,2313.0,2429712.0,3351543.0
2020,8,864,SE,83.7,24.158641439205955,22.77954921422662,80.78010846680196,74.24774137153172,996.13211607389,995.6622649572648,105.79,3.85,3.04,371.36,936.0,1720294.0,2318822.0
2020,8,3372,BA,58.369696969696975,23.10725548854693,21.771743967835448,72.13835881891934,66.20381407776509,974.2992160730754,973.7975745575948,26.44,3.83,2.87,334.41,14610.0,10744030.0,14930634.0
2020,8,3974,MG,10.843333333333334,20.72254852540016,19.077902095365943,64.12833353246268,57.97183785941835,934.0125772718726,933.5270749937677,36.3,3.25,2.87,461.41,10326.0,18205167.0,21292666.0
2020,8,214,RJ,75.03529411764706,20.245735173756565,18.899338362002133,77.24355509642643,70.75957627540863,987.4028546375748,986.8092721054256,396.66,2.78,2.72,630.52,3652.0,16670292.0,17366189.0
2020,8,8320,SP,51.02222222222224,21.02766875461725,19.378525409090475,63.34966987145462,57.370893707943445,954.7849825921317,954.2205190140814,186.49,3.02,2.9,620.72,14126.0,44355680.0,46289333.0
2020,8,2502,PR,124.8521739130435,18.386870733663528,17.026232096006954,69.90075424734562,64.62764483964241,947.3388884526842,946.609205664566,57.78,3.33,2.91,613.02,14221.0,9918033.0,11516840.0
2020,8,504,SC,104.40000000000003,15.677246415290409,14.54901342795579,78.92348866968102,73.85286677129133,946.5538111910256,946.0007586207156,75.75,3.28,2.83,491.67,3841.0,6163398.0,7252502.0
2020,8,95,RS,79.89999999999998,15.780871810376,14.52599953280274,74.42796151107437,69.16779056406378,978.9855711572416,978.365656628334,40.54,3.04,2.67,528.12,4814.0,9759892.0,11422973.0
2020,8,1032,MS,64.92857142857143,22.514122177912324,20.864635606559013,57.38121364906139,51.57184888134404,972.5173686059776,971.9481286003764,7.87,3.98,3.03,409.22,5297.0,2765177.0,2809394.0
2020,8,922,MT,0.8875,27.80581721455137,25.854312610815818,46.79835109539974,40.735469511409455,967.8492181167054,967.2893527908662,3.9,2.89,3.08,493.82,3547.0,2406557.0,3526220.0
2020,8,2850,GO,0.0695652173913043,25.005290475113323,23.11701925887776,45.759642153252045,39.97364331139364,938.0620176960884,937.5389849310884,20.92,3.15,2.91,538.16,6202.0,6426179.0,7113540.0
2020,8,1418,DF,0.0,21.56059181415928,19.886061946902668,52.92533185840711,47.22372787610622,898.1985896017693,897.7233130530958,528.57,3.17,3.02,822.64,2206.0,2950603.0,3055149.0
2020,9,129,RO,14.499999999999998,29.18305555555554,27.603472222222216,53.97291666666669,47.9951388888889,967.8154166666666,967.1976388888894,7.56,2.88,3.01,145.54,2566.0,1339996.0,1796460.0
2020,9,286,AC,89.75,30.45741327444956,28.28064724142345,72.41599028570121,64.26248957893645,988.328488223246,987.4956088389656,5.45,3.29,3.36,107.54,1041.0,647646.0,894470.0
2020,9,396,AM,72.17777777777779,29.126916139919068,27.79748443881464,74.15752509174379,68.03655788967231,1004.6733644928206,1003.6360568407404,2.7,3.42,3.85,203.17,3734.0,3112859.0,4207714.0
2020,9,105,RR,71.20000000000002,27.96317135549872,26.44450127877236,73.25063938618928,63.98465473145782,1002.0820971867012,1001.406649616368,2.81,3.8,4.03,228.39,787.0,495130.0,631181.0
2020,9,142,PA,33.510000000000005,28.916326293609448,27.425678620715708,65.12849784048485,59.25686166475665,996.2205327012408,995.5373363562604,6.96,2.9,3.36,75.87,18037.0,5511783.0,8690745.0
2020,9,11,AP,51.80000000000001,28.538644525801946,27.37818485588102,76.75328045095304,71.29590597396557,1006.0931842747558,1005.5167965481176,6.03,3.88,3.86,109.17,457.0,770521.0,861773.0
2020,9,121,TO,7.3875,29.965631346654497,27.903458309162804,48.3818370572394,41.12737802290017,979.4537149912456,978.8514660069576,5.73,3.43,3.12,467.07,1100.0,1427874.0,1590248.0
2020,9,67,MA,4.311111111111112,29.496596598807475,28.029753733182087,55.68681479247048,50.448491255986376,995.016247309042,994.41231528554,21.43,2.97,3.47,151.21,26443.0,4235246.0,7114598.0
2020,9,92,PI,0.4571428571428571,30.168596238122664,28.426946050941133,44.8177138190253,39.645983426987904,977.3354048914682,976.7135451489426,13.04,3.11,3.18,232.93,5679.0,2107565.0,3281480.0
2020,9,1451,CE,1.2444444444444445,27.277742070676226,25.90090488158048,62.34195576729096,57.43126312040691,979.1298356132592,978.553927211109,61.7,3.03,3.12,255.43,8853.0,6893602.0,9187103.0
2020,9,497,RN,8.080000000000005,30.365485897535294,28.5416117990518,55.063804416604334,48.73354001373946,1004.915826461252,1004.2792647250384,66.92,3.04,3.12,304.51,1812.0,2720776.0,3534165.0
2020,9,592,PB,25.633333333333336,25.706793112725315,24.35337906914178,65.83582189938123,60.42839655636265,971.8259557438794,971.2827791229488,71.53,3.1,3.17,318.96,3297.0,2981211.0,4039277.0
2020,9,2617,PE,13.420000000000009,25.31883787859535,23.88152122887197,62.15107798903336,56.8908672416225,964.978591135009,964.4287543965156,98.05,3.58,3.03,251.84,5049.0,7645563.0,9616621.0
2020,9,195,AL,18.333333333333343,25.846227067639447,24.32688926754985,69.90484488099547,63.14924131241601,1003.4424439851572,1002.9017665945736,120.35,4.0,3.24,262.72,2313.0,2429712.0,3351543.0
2020,9,586,SE,42.00000000000001,24.32618055555556,22.94086805555554,76.93940734398782,70.8773687214612,989.9443749999998,989.4539236111112,105.79,3.85,3.04,371.36,936.0,1720294.0,2318822.0
2020,9,1927,BA,27.100000000000005,24.882376359963963,23.38759830247763,68.32777497521397,61.96591882207439,973.1534936621404,972.603389292275,26.44,3.83,2.87,334.41,14610.0,10744030.0,14930634.0
2020,9,3601,MG,11.842622950819672,24.779080880026417,22.93507910783888,53.58035783332056,47.42165702567202,932.6658916960162,932.1372063212924,36.3,3.25,2.87,461.41,10326.0,18205167.0,21292666.0
2020,9,273,RJ,122.12941176470588,23.380786630083687,22.068729244128832,76.90132933696108,70.42510211603316,982.9287391670366,982.2827466927652,396.66,2.78,2.72,630.52,3652.0,16670292.0,17366189.0
2020,9,7920,SP,16.682758620689654,25.635768407973,23.856104780566405,56.388668285856326,50.33558868219961,951.5239137261392,950.9656409066388,186.49,3.02,2.9,620.72,14126.0,44355680.0,46289333.0
2020,9,3270,PR,24.285714285714285,22.585080845629744,21.0759141868628,66.29617033035878,60.27681157901437,944.230071893464,943.5095190208574,57.78,3.33,2.91,613.02,14221.0,9918033.0,11516840.0
2020,9,376,SC,86.38181818181818,18.182174924570685,17.169058714858373,81.5784757520514,76.73000481663635,944.5684893502746,943.9888465014172,75.75,3.28,2.83,491.67,3841.0,6163398.0,7252502.0
2020,9,63,RS,124.57619047619048,17.03401976335934,15.92263900241807,78.88588424548374,74.30151852770389,977.1460802873376,976.4246347594272,40.54,3.04,2.67,528.12,4814.0,9759892.0,11422973.0
2020,9,816,MS,13.446153846153846,27.02150630417512,25.181545122187188,54.60026252986219,48.36773822939432,968.8184431416788,968.2716965236776,7.87,3.98,3.03,409.22,5297.0,2765177.0,2809394.0
2020,9,641,MT,11.846666666666666,30.372429116890643,28.361843555297813,44.19509157960498,37.958377055374015,966.0094253595284,965.3994693155483,3.9,2.89,3.08,493.82,3547.0,2406557.0,3526220.0
2020,9,1827,GO,13.076190476190476,28.367435668272897,26.394897984862524,37.78303282636925,32.25175750367645,936.9080048924908,934.8775814257542,20.92,3.15,2.91,538.16,6202.0,6426179.0,7113540.0
2020,9,1462,DF,158.40000000000003,24.509382853951404,22.69246020664621,44.24985899605185,38.375070501974086,897.2791957553743,896.7707065065629,528.57,3.17,3.02,822.64,2206.0,2950603.0,3055149.0
2020,10,119,RO,72.2,27.41021505376343,26.036693548387102,69.11559139784946,62.91129032258068,967.3249999999996,966.611021505376,7.56,2.88,3.01,145.54,2566.0,1339996.0,1796460.0
2020,10,385,AC,142.50000000000003,29.40798291090629,27.28469662058372,80.05876984822679,71.75281235390369,989.2825268817204,988.5490495391706,5.45,3.29,3.36,107.54,1041.0,647646.0,894470.0
2020,10,466,AM,86.85714285714286,28.333787487897087,26.890876410945125,78.33533806032878,63.81197898028367,1002.92822121712,1002.1871223433689,2.7,3.42,3.85,203.17,3734.0,3112859.0,4207714.0
2020,10,74,RR,,,,,,,,2.81,3.8,4.03,228.39,787.0,495130.0,631181.0
2020,10,120,PA,77.35555555555554,29.13646995594361,27.676675210918614,67.69738813437576,61.48511880976023,995.2205144011104,994.4614548666916,6.96,2.9,3.36,75.87,18037.0,5511783.0,8690745.0
2020,10,20,AP,17.8,29.21953725038403,27.98557625423877,72.66876974465987,67.15316784047764,1005.2660777686004,1004.6737044604824,6.03,3.88,3.86,109.17,457.0,770521.0,861773.0
2020,10,78,TO,93.17333333333332,29.73483132100582,28.06821485283361,62.91681002969754,55.83965545768002,978.1000390946,977.4236961171392,5.73,3.43,3.12,467.07,1100.0,1427874.0,1590248.0
2020,10,42,MA,27.93333333333333,29.50173818517518,28.23670757683407,62.52868192362438,57.56000333762981,994.0107503882028,993.376860223758,21.43,2.97,3.47,151.21,26443.0,4235246.0,7114598.0
2020,10,54,PI,27.92857142857143,31.142722550797,29.36925384029345,47.634283857641655,41.926135636326094,978.0292473407856,977.3807978012424,13.04,3.11,3.18,232.93,5679.0,2107565.0,3281480.0
2020,10,949,CE,3.0444444444444434,28.53028470869116,27.03586269073793,61.42615622576624,55.70308500979996,977.558952641629,976.9628343289828,61.7,3.03,3.12,255.43,8853.0,6893602.0,9187103.0
2020,10,338,RN,8.04,31.232771653339043,29.42066428398476,56.848802051383615,50.33429486358183,1003.5101656594748,1002.84873007108,66.92,3.04,3.12,304.51,1812.0,2720776.0,3534165.0
2020,10,436,PB,6.766666666666666,27.259547959523022,25.900818130710896,63.60201197206523,58.178624875291,969.996424414462,969.4281921548132,71.53,3.1,3.17,318.96,3297.0,2981211.0,4039277.0
2020,10,1933,PE,6.199999999999999,27.868256078195053,26.29369741035106,55.97178355960812,50.38791514609963,962.9306364007936,962.340871211244,98.05,3.58,3.03,251.84,5049.0,7645563.0,9616621.0
2020,10,171,AL,,28.34160145853296,26.770042851059287,66.5098612935085,60.14037384749505,993.2125266155648,992.6020879910571,120.35,4.0,3.24,262.72,2313.0,2429712.0,3351543.0
2020,10,329,SE,15.3,26.537600806451607,25.117137096774176,72.3209313357751,66.71561364605859,987.400537634408,986.840423387097,105.79,3.85,3.04,371.36,936.0,1720294.0,2318822.0
2020,10,1413,BA,60.81290322580646,27.05252386963261,25.601949372221352,66.22943448443085,60.324931604829736,970.846521052527,970.2443505085056,26.44,3.83,2.87,334.41,14610.0,10744030.0,14930634.0
2020,10,3291,MG,114.59016393442624,25.214305536619857,23.769908744907795,66.06051994858463,60.353485808403946,930.0619206529476,929.4800769352778,36.3,3.25,2.87,461.41,10326.0,18205167.0,21292666.0
2020,10,249,RJ,154.34117647058827,23.395458574237665,22.274519207139186,79.09716538728112,73.0871806924006,980.1470249663156,979.4653165911332,396.66,2.78,2.72,630.52,3652.0,16670292.0,17366189.0
2020,10,7451,SP,73.37692307692309,25.668778397599294,24.05578504400381,64.04626694131547,57.92176809792416,948.9086335145475,948.3102504954936,186.49,3.02,2.9,620.72,14126.0,44355680.0,46289333.0
2020,10,3858,PR,83.16470588235298,23.126203033644508,21.61622463832221,68.03428985849939,61.598486215695246,938.6338859058844,938.0447653355252,57.78,3.33,2.91,613.02,14221.0,9918033.0,11516840.0
2020,10,353,SC,63.371428571428574,19.848469744192784,18.64968327441409,77.82411786910109,72.05785155332207,942.3968662563062,941.8250193254438,75.75,3.28,2.83,491.67,3841.0,6163398.0,7252502.0
2020,10,133,RS,63.31794871794874,19.87482536759292,18.55990748539432,72.86905788083216,66.98739953812888,975.3224147053636,974.6872724483694,40.54,3.04,2.67,528.12,4814.0,9759892.0,11422973.0
2020,10,615,MS,97.85833333333336,27.8015098701222,26.241135289793625,63.0690397686526,57.063479056318975,967.0066099702756,966.3789504929332,7.87,3.98,3.03,409.22,5297.0,2765177.0,2809394.0
2020,10,433,MT,84.35238095238094,29.23017458274653,27.58288471100181,62.99865693208917,56.38777304056093,964.0544143266332,963.3443164794186,3.9,2.89,3.08,493.82,3547.0,2406557.0,3526220.0
2020,10,1567,GO,135.62,28.19312138382532,26.54850965329364,55.39490537306904,49.046768466389125,932.902764321514,932.2686169351924,20.92,3.15,2.91,538.16,6202.0,6426179.0,7113540.0
2020,10,1224,DF,777.8000000000006,24.72712472406179,23.2156456953642,63.18843021623137,56.92249368155024,895.1866721854313,894.6175220750551,528.57,3.17,3.02,822.64,2206.0,2950603.0,3055149.0
2020,11,156,RO,237.0,27.530486111111102,26.242638888888884,71.40763888888893,65.28472222222226,966.756875,966.0967361111108,7.56,2.88,3.01,145.54,2566.0,1339996.0,1796460.0
2020,11,1031,AC,111.79999999999993,29.1164411976912,27.15804112554112,80.31055165181532,72.87940444591905,988.6243781565656,987.9289867424244,5.45,3.29,3.36,107.54,1041.0,647646.0,894470.0
2020,11,620,AM,181.5666666666666,28.593632833655704,27.29588184272015,79.0745904163206,72.85616965119291,1002.5656978151986,1001.7988569781156,2.7,3.42,3.85,203.17,3734.0,3112859.0,4207714.0
2020,11,35,RR,,,,,,,,2.81,3.8,4.03,228.39,787.0,495130.0,631181.0
2020,11,171,PA,227.44285714285692,27.70935493516054,26.51380005363877,76.7877324892612,70.88861026388227,994.4256426536164,993.7375126244528,6.96,2.9,3.36,75.87,18037.0,5511783.0,8690745.0
2020,11,9,AP,308.19999999999993,27.555564537938505,26.518918250656803,83.1749092103229,78.32990747179731,1004.8693665971256,1004.2586724424356,6.03,3.88,3.86,109.17,457.0,770521.0,861773.0
2020,11,120,TO,112.07142857142856,28.039427678332583,26.65580661093461,74.7179845445539,67.67418598415813,980.0650192641616,979.4342865026384,5.73,3.43,3.12,467.07,1100.0,1427874.0,1590248.0
2020,11,29,MA,163.95999999999998,28.039645110346346,27.05074387336104,74.16421266321606,69.50961830247832,993.8976399349262,993.2991641404116,21.43,2.97,3.47,151.21,26443.0,4235246.0,7114598.0
2020,11,56,PI,83.60000000000002,28.44080977207276,27.11357912808327,67.71562455945697,61.503622225188735,978.2266760453284,977.6395950992944,13.04,3.11,3.18,232.93,5679.0,2107565.0,3281480.0
2020,11,878,CE,26.575,28.27264407878637,26.94730567677445,65.63041448940663,60.33053432519051,976.959150933226,976.3977813540764,61.7,3.03,3.12,255.43,8853.0,6893602.0,9187103.0
2020,11,361,RN,8.72,31.705065739671888,29.87955171416963,57.07804180405064,50.54263563978699,1002.723592945614,1002.096449530254,66.92,3.04,3.12,304.51,1812.0,2720776.0,3534165.0
2020,11,311,PB,27.6666666666667,27.25088400601877,25.972955464093925,66.52241399657757,61.027895055172,969.5277409718534,968.9910768867647,71.53,3.1,3.17,318.96,3297.0,2981211.0,4039277.0
2020,11,1484,PE,61.82222222222224,27.71543767634052,26.17112434644688,60.55263165927271,54.58694985814878,962.3511871124598,961.7959225669998,98.05,3.58,3.03,251.84,5049.0,7645563.0,9616621.0
2020,11,100,AL,3.7,27.659374011715048,26.22141196352674,72.15907794530912,65.58815625638617,997.2001996910734,996.67132787767,120.35,4.0,3.24,262.72,2313.0,2429712.0,3351543.0
2020,11,161,SE,29.849999999999994,26.404114474339803,25.087799078226208,73.63940747921427,67.44484457644677,987.451562531141,986.9257020428496,105.79,3.85,3.04,371.36,936.0,1720294.0,2318822.0
2020,11,1241,BA,139.42962962962963,25.605501979603734,24.36972691385853,74.7875679653783,70.51971213016644,970.0601626160474,969.5093345205144,26.44,3.83,2.87,334.41,14610.0,10744030.0,14930634.0
2020,11,3822,MG,134.6,23.609009025863813,22.24201167106453,74.91117902490754,68.36305651944609,929.531000722177,928.9510244470988,36.3,3.25,2.87,461.41,10326.0,18205167.0,21292666.0
2020,11,262,RJ,228.3875,22.91478015506417,21.812073202879848,82.43548430759401,76.34134856826152,980.297098176433,979.684079364197,396.66,2.78,2.72,630.52,3652.0,16670292.0,17366189.0
2020,11,7477,SP,86.81818181818181,24.85116333063088,23.189116435617425,64.87767077093059,57.92930921153785,949.333941254648,948.7749032914932,186.49,3.02,2.9,620.72,14126.0,44355680.0,46289333.0
2020,11,4935,PR,88.04705882352941,22.97456021728799,21.392469875533088,67.13791261558414,60.27668949828778,938.9208968446223,938.34691072058,57.78,3.33,2.91,613.02,14221.0,9918033.0,11516840.0
2020,11,434,SC,139.90999999999997,19.82798746941832,18.587297445505527,78.0848324245635,72.02186266385618,939.3921171182512,938.8521031935372,75.75,3.28,2.83,491.67,3841.0,6163398.0,7252502.0
2020,11,134,RS,72.54444444444444,21.5029179810274,20.071786106554068,70.39516278467289,64.36447508381764,975.8116435392088,975.225298653495,40.54,3.04,2.67,528.12,4814.0,9759892.0,11422973.0
2020,11,1015,MS,58.50434782608696,26.980689490713885,25.346684896563385,62.169611091815575,55.55050505717756,967.4404661434736,966.841583648698,7.87,3.98,3.03,409.22,5297.0,2765177.0,2809394.0
2020,11,552,MT,99.07058823529412,28.448581997078065,26.882260269487865,67.04789838070042,60.03648180241398,964.066664101921,963.39941584652,3.9,2.89,3.08,493.82,3547.0,2406557.0,3526220.0
2020,11,1708,GO,120.34736842105264,25.297180978882626,24.75408122915915,64.95356761823739,57.27742484168284,933.5150943135664,932.898608499028,20.92,3.15,2.91,538.16,6202.0,6426179.0,7113540.0
2020,11,1148,DF,874.4,22.65733409285105,21.33207063514672,77.86442608943311,70.95413105413094,895.0055254913133,894.459128453431,528.57,3.17,3.02,822.64,2206.0,2950603.0,3055149.0
2020,12,365,RO,173.8,25.98702956989247,24.838440860215066,80.18077956989245,74.85618279569891,966.9100806451612,966.2551075268816,7.56,2.88,3.01,145.54,2566.0,1339996.0,1796460.0
2020,12,2434,AC,217.39999999999984,25.860573859633,24.674079052170445,88.51853670364305,83.20811460669621,987.449879376896,986.7903026682596,5.45,3.29,3.36,107.54,1041.0,647646.0,894470.0
2020,12,881,AM,153.26666666666662,27.29308559625177,26.23337549164858,83.90914474342142,78.96703745241203,1004.2577746185372,1003.559218251616,2.7,3.42,3.85,203.17,3734.0,3112859.0,4207714.0
2020,12,66,RR,1.0,29.213186813186816,27.74505494505493,69.23076923076923,63.164835164835175,1000.2978021978022,999.5736263736264,2.81,3.8,4.03,228.39,787.0,495130.0,631181.0
2020,12,215,PA,132.65263157894736,27.292371752660483,26.119790482377848,79.38023429216838,73.58358324245997,993.843825247716,992.9260711706788,6.96,2.9,3.36,75.87,18037.0,5511783.0,8690745.0
2020,12,20,AP,75.40000000000003,27.569496671232685,26.47561475409836,81.57707716553992,76.3886501553915,1004.9151506782732,1004.3275033876834,6.03,3.88,3.86,109.17,457.0,770521.0,861773.0
2020,12,209,TO,121.33333333333331,27.446593168352088,26.01913483862152,78.62432112728511,71.35026152699258,981.3067623848036,980.6729160654488,5.73,3.43,3.12,467.07,1100.0,1427874.0,1590248.0
2020,12,26,MA,63.25999999999998,27.80507258800316,26.760652015419748,76.41432386513674,71.65363396696256,993.8555616532068,993.2669930021112,21.43,2.97,3.47,151.21,26443.0,4235246.0,7114598.0
2020,12,53,PI,26.63076923076924,28.399341433993715,26.949558146862103,67.90060703199248,61.424834827680975,978.0223421273944,977.4461872161932,13.04,3.11,3.18,232.93,5679.0,2107565.0,3281480.0
2020,12,808,CE,23.822222222222223,28.18357775110848,26.87885654911337,63.95025182929957,58.77924256556403,976.9885020895408,976.4562603752348,61.7,3.03,3.12,255.43,8853.0,6893602.0,9187103.0
2020,12,297,RN,5.0399999999999965,31.96390001725031,30.09241715830027,55.32513006727618,48.72986533264333,1002.8976820251856,1002.2790887068026,66.92,3.04,3.12,304.51,1812.0,2720776.0,3534165.0
2020,12,282,PB,9.714285714285712,27.37593179028784,26.04477919551676,64.90731788744029,59.28199079112924,969.5609873484163,969.0455021845016,71.53,3.1,3.17,318.96,3297.0,2981211.0,4039277.0
2020,12,1082,PE,15.01538461538462,28.1549038514338,26.56519960420806,56.20502021896304,50.46163366310186,962.2645999795424,961.737631672561,98.05,3.58,3.03,251.84,5049.0,7645563.0,9616621.0
2020,12,118,AL,9.666666666666664,28.2796742045177,26.739834912562127,70.72258266541208,64.21302116583324,996.8339894132998,996.337296818692,120.35,4.0,3.24,262.72,2313.0,2429712.0,3351543.0
2020,12,133,SE,2.64,27.04100875286208,25.61418391154392,69.02575235267479,62.92902387063224,987.1977434570906,986.7130022751646,105.79,3.85,3.04,371.36,936.0,1720294.0,2318822.0
2020,12,1145,BA,13.866666666666667,26.96019965882656,25.45525461246688,67.06063772710979,60.87159247076183,969.337753506966,968.8202658466414,26.44,3.83,2.87,334.41,14610.0,10744030.0,14930634.0
2020,12,4728,MG,211.88888888888883,24.292751922094524,22.93823013708349,77.79140658500435,71.07157937781514,929.6912026187044,929.1519930201792,36.3,3.25,2.87,461.41,10326.0,18205167.0,21292666.0
2020,12,236,RJ,344.3294117647057,24.861592331659693,23.740324203869523,84.11807963432267,77.764031673614,978.4346150470136,977.868645926903,396.66,2.78,2.72,630.52,3652.0,16670292.0,17366189.0
2020,12,9297,SP,149.9272727272727,25.38752588333904,23.96593109624729,77.9987725893994,70.96623319165029,948.2194281083684,947.6391080445838,186.49,3.02,2.9,620.72,14126.0,44355680.0,46289333.0
2020,12,5508,PR,138.8421052631579,23.749752229061915,22.363780128098767,78.51094365036454,71.80129475754836,937.593547146932,937.0192447285552,57.78,3.33,2.91,613.02,14221.0,9918033.0,11516840.0
2020,12,477,SC,183.6434782608695,21.74179869409137,20.60789912942205,82.97582050237052,77.2654545125921,937.4516827867926,936.9189227790092,75.75,3.28,2.83,491.67,3841.0,6163398.0,7252502.0
2020,12,116,RS,96.395,23.38753897758421,22.00524527357279,73.19926838990072,66.9612209865156,973.2490014196125,972.658607036382,40.54,3.04,2.67,528.12,4814.0,9759892.0,11422973.0
2020,12,1198,MS,92.79333333333332,27.27943294635174,25.839607939285173,74.85975511459827,68.39057507939131,967.4682738331248,966.8632660214598,7.87,3.98,3.03,409.22,5297.0,2765177.0,2809394.0
2020,12,877,MT,115.52499999999998,26.940716305276048,25.545657561349216,77.10814638577281,70.55373809566397,963.5170653079488,962.8501010161036,3.9,2.89,3.08,493.82,3547.0,2406557.0,3526220.0
2020,12,2002,GO,167.65833333333333,26.303863974674456,24.833638494448326,72.44647324019681,64.916501478486,934.8417269528144,934.2349445191028,20.92,3.15,2.91,538.16,6202.0,6426179.0,7113540.0
2020,12,1840,DF,1089.8000000000006,23.370002757099567,21.91538461538462,75.59310344827608,68.19199999999996,894.8461665747383,894.3174572531702,528.57,3.17,3.02,822.64,2206.0,2950603.0,3055149.0
2021,1,445,RO,199.0,25.61431451612904,24.49623655913978,81.33467741935483,75.93682795698922,967.0761424731176,966.44375,7.63,3.7,3.02,154.0,2686.0,1352845.0,1815278.0
2021,1,6676,AC,304.8999999999998,25.95951604105624,24.88560041755435,88.07433519602385,82.68158535136872,987.9212245453664,987.2158808173062,5.53,4.33,3.4,116.99,1274.0,656513.0,906876.0
2021,1,1040,AM,280.71999999999986,26.75987725003704,25.7355435251926,84.85565815501202,80.0801230193533,1004.1670295204108,1003.4669185048951,2.74,4.16,3.79,208.87,5401.0,3247689.0,4269995.0
2021,1,59,RR,24.2,29.58341232227488,27.700000000000006,66.05213270142185,58.18009478672986,1001.9146919431278,1001.208056872038,2.91,4.72,3.91,225.03,849.0,513514.0,652713.0
2021,1,420,PA,250.12222222222212,26.703148235697025,25.57324367167211,84.1672812201667,78.5853690794586,993.0687480543808,992.0862289925078,7.03,4.05,3.46,73.01,16675.0,5483341.0,8777124.0
2021,1,54,AP,203.1,26.53150687941819,25.48162126651615,86.70340778711274,81.87250175802211,1004.917321491358,1004.3403476488766,6.14,4.08,3.62,105.69,581.0,784447.0,877613.0
2021,1,249,TO,95.03529411764704,27.510493677470752,26.026052288035505,79.05451593349382,71.55473570209821,978.6850240465797,978.037978629297,5.79,4.38,3.08,486.64,1231.0,1455927.0,1607363.0
2021,1,220,MA,132.88000000000002,27.122938486432737,26.12146581118332,79.42542326675849,75.00876601236311,993.9075816617294,993.305437880276,21.55,4.27,3.43,146.93,25902.0,4216694.0,7153262.0
2021,1,81,PI,79.77499999999996,28.22862585248167,26.829481376422976,70.477297742117,64.34153455196915,976.2206465574952,975.6337264572264,13.07,4.54,3.19,253.66,6250.0,2118187.0,3289290.0
2021,1,883,CE,68.35000000000001,27.53051936183857,26.387823813882136,69.0325197619437,64.15491080535618,976.6892082135624,976.1714504969055,62.06,3.89,3.09,270.22,9246.0,6945291.0,9240580.0
2021,1,302,RN,25.099999999999994,31.380905312254665,29.559071380413418,58.22719421630028,52.05797185344869,1000.8686455690938,1000.2955717735416,67.43,3.55,2.95,306.2,1325.0,2739313.0,3560903.0
2021,1,215,PB,18.120000000000008,27.57842347206609,26.31376234020852,65.50203115921215,60.15554703998037,969.016850476126,968.5185271862132,71.9,4.07,3.15,346.62,3103.0,2984785.0,4059905.0
2021,1,981,PE,27.31111111111112,27.44886884064208,26.01702284453677,64.4298803291542,58.2115850563309,961.9807827611044,961.500011231887,98.65,3.54,3.01,261.06,5829.0,7683470.0,9674793.0
2021,1,66,AL,55.33333333333334,28.013630721266445,26.52121843620245,71.62396936820534,64.81455279811584,994.7882725358164,994.300753633757,120.85,3.97,3.2,303.94,1903.0,2454856.0,3365351.0
2021,1,86,SE,50.95,26.235182131847225,25.14397062384966,75.34332200325414,69.82913972449137,987.3400609076816,986.9156371694272,106.69,3.85,3.0,401.51,852.0,1736205.0,2338474.0
2021,1,1751,BA,68.01818181818179,27.097968457816176,25.58626733596733,67.97484824867225,61.63041989614463,968.930346374252,968.4212719148614,26.54,4.06,2.98,330.0,9945.0,10829100.0,14985284.0
2021,1,4978,MG,123.664406779661,24.845359225946183,23.35290537459315,73.17636699016775,66.11446870696957,930.8329991824052,930.3276990107672,36.51,3.3,2.87,456.06,7573.0,18277503.0,21411923.0
2021,1,184,RJ,126.0190476190476,26.115795531094875,24.743482864257704,76.18755819733475,69.20019551222104,972.490363360675,971.9617716418894,398.87,2.82,2.75,712.89,3487.0,16850524.0,17463349.0
2021,1,14941,SP,163.33043478260868,26.02908994845152,24.62898779680135,77.78675199221075,70.68398092964291,948.464840936438,947.9376930572538,187.93,2.97,2.86,624.86,9842.0,44696150.0,46649132.0
2021,1,6979,PR,243.3999999999999,23.71724927903855,22.544579769050472,83.62416931986327,77.84973075439949,937.7747184550508,937.2113148196572,58.19,3.29,2.89,630.76,6528.0,9993399.0,11597484.0
2021,1,533,SC,272.58181818181794,21.917800622466416,20.941771530884697,87.40642641976302,82.58314786145499,937.6324410089804,937.1448239270536,76.65,3.27,2.81,504.13,2962.0,6251281.0,7338473.0
2021,1,176,RS,198.67179487179484,23.756193907338982,22.5137552871445,78.48585720594542,73.0419093440695,972.0498951631832,971.4742076211425,40.7,3.05,2.66,555.41,4592.0,9791073.0,11466630.0
2021,1,1746,MS,260.17999999999984,26.107701801210368,24.900988370143228,83.87177859149875,78.2140639789675,968.3389577825064,967.7353605103284,7.95,3.96,3.0,435.18,2582.0,2779739.0,2839188.0
2021,1,1936,MT,166.43333333333328,26.256105593446385,24.923998488255048,80.04619088543646,74.02057511488414,960.6212634487632,959.9778508447988,3.95,2.84,3.03,513.8,3068.0,2429144.0,3567234.0
2021,1,3564,GO,194.2941176470588,26.25334163114908,24.716363306457872,72.08055053985477,64.29223476425604,933.6854492931384,933.1136561374576,21.19,3.12,2.9,528.53,5513.0,6518861.0,7206589.0
2021,1,1594,DF,778.2,23.194154193730565,21.65134142897496,75.95227336910456,68.09940694719026,894.776949152542,894.2649152542368,535.35,3.15,3.02,800.52,2221.0,2988438.0,3094325.0
2021,2,534,RO,246.0,25.523437499999982,24.48117559523809,83.67113095238096,78.6800595238095,966.9249255952376,966.2744047619047,7.63,3.7,3.02,154.0,2686.0,1352845.0,1815278.0
2021,2,7880,AC,466.9999999999998,25.91485318265236,24.890965330097565,89.84297158690262,84.8859049666231,990.700516528926,989.9644572756788,5.53,4.33,3.4,116.99,1274.0,656513.0,906876.0
2021,2,1763,AM,166.1333333333333,27.62270238633155,26.540901880134463,82.09943507541048,76.92220132693348,1004.58412890916,1003.8702863403272,2.74,4.16,3.79,208.87,5401.0,3247689.0,4269995.0
2021,2,76,RR,,,,,,,,2.91,4.72,3.91,225.03,849.0,513514.0,652713.0
2021,2,716,PA,345.13684210526304,26.29433258807536,25.24582056918325,87.18253370386319,81.96271236056856,993.3333641137048,992.3678455569968,7.03,4.05,3.46,73.01,16675.0,5483341.0,8777124.0
2021,2,49,AP,304.0999999999997,25.75573364888124,24.85723070854848,88.87121701090072,84.64632637693626,1005.4647222819854,1004.853048802352,6.14,4.08,3.62,105.69,581.0,784447.0,877613.0
2021,2,372,TO,217.93749999999991,26.118951342483264,24.901734181989127,87.22667052521838,80.90559187620684,978.00467180737,977.3264159951702,5.79,4.38,3.08,486.64,1231.0,1455927.0,1607363.0
2021,2,269,MA,309.6499999999999,26.99185399291312,26.08056128628348,80.6798754286679,76.58845857750235,994.636873016023,994.0036008463052,21.55,4.27,3.43,146.93,25902.0,4216694.0,7153262.0
2021,2,184,PI,169.71999999999997,26.66006778961744,25.49141905021352,80.105362168276,74.11078811989705,976.5442855389086,975.9294050583294,13.07,4.54,3.19,253.66,6250.0,2118187.0,3289290.0
2021,2,1753,CE,114.45,27.297134755518744,26.08272431242036,74.09661891115533,68.5613759039347,976.7711739909232,976.217589946596,62.06,3.89,3.09,270.22,9246.0,6945291.0,9240580.0
2021,2,406,RN,15.733333333333333,31.170799195090108,29.370655012027928,62.38251684835632,55.87016047559898,1000.7256203266512,1000.0978019823632,67.43,3.55,2.95,306.2,1325.0,2739313.0,3560903.0
2021,2,424,PB,112.15999999999995,27.023479168347183,25.79733586418757,70.943949477024,65.43524071684008,968.9822112372616,968.4297664421498,71.9,4.07,3.15,346.62,3103.0,2984785.0,4059905.0
2021,2,1825,PE,50.83333333333334,28.967045279162843,27.366402326980776,60.662769871378536,54.43057071622992,964.8788536166686,964.310813507364,98.65,3.54,3.01,261.06,5829.0,7683470.0,9674793.0
2021,2,73,AL,0.2,29.110681905959133,27.480595186388665,67.33957937898505,60.12069812843903,994.193521438657,993.6433247080556,120.85,3.97,3.2,303.94,1903.0,2454856.0,3365351.0
2021,2,153,SE,8.53333333333333,27.5880331219026,26.55957848524025,67.51384038298315,60.981101350933656,986.1381290400772,985.602731496445,106.69,3.85,3.0,401.51,852.0,1736205.0,2338474.0
2021,2,5631,BA,61.65925925925927,26.83211989088468,25.439012046518343,71.75570833208846,65.59514575595041,966.4262611628976,965.84417860384,26.54,4.06,2.98,330.0,9945.0,10829100.0,14985284.0
2021,2,6519,MG,266.35806451612893,23.68025804654004,22.42455713536281,81.42896695023948,75.36787867230295,929.9801598310036,929.4323961370842,36.51,3.3,2.87,456.06,7573.0,18277503.0,21411923.0
2021,2,260,RJ,199.2190476190475,24.609026322531832,23.40632148536464,82.878498957127,76.2601752208935,973.1178380910536,972.5362447212516,398.87,2.82,2.75,712.89,3487.0,16850524.0,17463349.0
2021,2,35316,SP,103.73571428571428,25.29350294467972,23.79419227804923,75.1881372985071,67.79750571028623,945.570665727159,945.0369628194442,187.93,2.97,2.86,624.86,9842.0,44696150.0,46649132.0
2021,2,10621,PR,61.01176470588237,23.29432589296801,21.714932872276368,75.26790750931478,67.7364605554683,937.7182459805584,937.2038782844631,58.19,3.29,2.89,630.76,6528.0,9993399.0,11597484.0
2021,2,979,SC,91.8952380952381,21.92044935575753,20.6163349852868,80.62282122118377,73.99063786658408,937.488955319758,937.0275063016272,76.65,3.27,2.81,504.13,2962.0,6251281.0,7338473.0
2021,2,701,RS,104.08,22.708093097802344,21.38417940887292,79.61667756525517,73.41883741134988,972.4918874631556,971.9833855298097,40.7,3.05,2.66,555.41,4592.0,9791073.0,11466630.0
2021,2,4324,MS,67.87619047619049,26.50031533115112,24.98558282784732,74.22593668120905,67.34667844970141,968.325799663674,967.7800266797268,7.95,3.96,3.0,435.18,2582.0,2779739.0,2839188.0
2021,2,3545,MT,232.090909090909,26.056617789015256,24.77706976311452,80.41562172801494,74.45432161883086,961.1709657686852,960.5139716730872,3.95,2.84,3.03,513.8,3068.0,2429144.0,3567234.0
2021,2,6083,GO,242.32499999999987,25.30007758796337,23.878564769780432,78.19710161851165,70.74380379909947,932.639495378835,932.017939189412,21.19,3.12,2.9,528.53,5513.0,6518861.0,7206589.0
2021,2,1971,DF,2640.399999999997,21.88842073355567,20.645559260381933,87.06123067596246,80.83752652318864,894.3514701424682,893.7977872082422,535.35,3.15,3.02,800.52,2221.0,2988438.0,3094325.0
2021,3,548,RO,220.10000000000008,25.23716397849463,24.14307795698925,82.52822580645157,77.4186827956989,967.6746639784946,967.028024193548,7.63,3.7,3.02,154.0,2686.0,1352845.0,1815278.0
2021,3,7202,AC,265.69999999999993,25.70393088844837,24.6349984231393,88.99756158988913,83.81318496809845,991.1978603502134,990.484667657836,5.53,4.33,3.4,116.99,1274.0,656513.0,906876.0
2021,3,2885,AM,228.8333333333333,26.945296557370572,25.88698687903372,80.9661840027029,73.19471533274587,1005.3415556960682,1004.5620320796374,2.74,4.16,3.79,208.87,5401.0,3247689.0,4269995.0
2021,3,103,RR,,,,,,,,2.91,4.72,3.91,225.03,849.0,513514.0,652713.0
2021,3,1094,PA,329.92941176470566,25.736287624013983,24.748244442748515,89.03361505787498,84.19306372901056,995.073135335461,994.1401596218234,7.03,4.05,3.46,73.01,16675.0,5483341.0,8777124.0
2021,3,97,AP,382.89999999999975,25.85721807517996,24.95215109304185,87.91170132409141,83.60766573358214,1005.7169110459436,1005.081790411446,6.14,4.08,3.62,105.69,581.0,784447.0,877613.0
2021,3,605,TO,109.17499999999998,27.234979743643667,25.80406672720528,78.76715556512298,74.96543520334467,978.669101038514,977.9986489755172,5.79,4.38,3.08,486.64,1231.0,1455927.0,1607363.0
2021,3,225,MA,286.99999999999983,26.778703796859418,25.73530579817384,83.21092289223185,78.62332407836061,996.2540252277322,995.579388109906,21.55,4.27,3.43,146.93,25902.0,4216694.0,7153262.0
2021,3,256,PI,132.45999999999998,27.245830384284343,25.971599818396403,76.31179060853069,70.09646675933939,977.6781734873553,977.010728418524,13.07,4.54,3.19,253.66,6250.0,2118187.0,3289290.0
2021,3,2974,CE,205.1714285714285,26.613918012706687,25.572405721325364,78.74707301213962,73.79750381388139,982.6470617413944,982.0673823528416,62.06,3.89,3.09,270.22,9246.0,6945291.0,9240580.0
2021,3,388,RN,17.33333333333334,30.083634429284945,28.40951971073043,68.87554824159493,62.1139786891974,1000.8503822329276,1000.214658025956,67.43,3.55,2.95,306.2,1325.0,2739313.0,3560903.0
2021,3,691,PB,106.15000000000002,26.4415180941237,25.271005572808075,76.13188666053584,70.32258220436017,969.4237085923507,968.8795533973632,71.9,4.07,3.15,346.62,3103.0,2984785.0,4059905.0
2021,3,2913,PE,56.35,27.992420807120777,26.45609558972861,66.03697979577753,59.239345262993766,965.4323641214332,964.845539735424,98.65,3.54,3.01,261.06,5829.0,7683470.0,9674793.0
2021,3,131,AL,33.533333333333346,28.50936655448368,26.9472870911674,71.04486892106053,63.33923083102805,994.4731460199656,993.9320922250762,120.85,3.97,3.2,303.94,1903.0,2454856.0,3365351.0
2021,3,195,SE,47.266666666666666,27.088695721099235,26.121311057684835,69.08645637610009,62.26651928256894,986.6847602819664,986.163081166457,106.69,3.85,3.0,401.51,852.0,1736205.0,2338474.0
2021,3,7656,BA,19.80869565217392,27.654298889968743,26.01199999159864,66.18471387668467,59.0591526178708,965.2773642681384,964.697267647425,26.54,4.06,2.98,330.0,9945.0,10829100.0,14985284.0
2021,3,10367,MG,87.86440677966102,24.16677188329439,22.666620950440723,75.47582025611865,68.17674339196816,931.3514927703264,930.848994994544,36.51,3.3,2.87,456.06,7573.0,18277503.0,21411923.0
2021,3,731,RJ,129.40952380952382,25.14038232193711,23.849667418641925,80.9922299868482,74.0859508443864,974.3841809684668,973.8115664842794,398.87,2.82,2.75,712.89,3487.0,16850524.0,17463349.0
2021,3,70890,SP,102.272,25.576148413831284,24.088735322629333,76.15801208686364,68.70385097029353,947.715733413048,947.192351420462,187.93,2.97,2.86,624.86,9842.0,44696150.0,46649132.0
2021,3,15000,PR,121.0857142857143,23.49267053165084,22.045618526643025,79.32266891349823,72.4534198005291,935.8608074536884,935.3362774610844,58.19,3.29,2.89,630.76,6528.0,9993399.0,11597484.0
2021,3,3422,SC,136.71428571428572,21.815614120021834,20.681895086325227,84.26575619386327,78.80610907448691,938.1534822560478,937.6716700149692,76.65,3.27,2.81,504.13,2962.0,6251281.0,7338473.0
2021,3,2495,RS,130.955,22.169550552768985,20.966027556762345,81.4266890426413,76.18631247700594,973.3485937822214,972.8361709147268,40.7,3.05,2.66,555.41,4592.0,9791073.0,11466630.0
2021,3,5798,MS,81.52999999999997,27.01056654559708,25.468913213445564,73.53398789554684,66.75762474104258,969.3476017805364,968.7940399744972,7.95,3.96,3.0,435.18,2582.0,2779739.0,2839188.0
2021,3,4036,MT,149.39999999999998,25.740266217838258,24.491232194248024,81.29397653182208,75.65278021164146,963.736967317914,963.1021371813844,3.95,2.84,3.03,513.8,3068.0,2429144.0,3567234.0
2021,3,9226,GO,100.52727272727272,26.032106411711904,24.458114727407164,70.76282165783809,63.01616392036424,935.5745464318364,934.9863568420812,21.19,3.12,2.9,528.53,5513.0,6518861.0,7206589.0
2021,3,2917,DF,539.1999999999998,22.633975054229936,21.17193600867673,76.1404555314532,68.87093275488103,895.5488882863344,895.051220173534,535.35,3.15,3.02,800.52,2221.0,2988438.0,3094325.0
2021,4,355,RO,114.20000000000022,25.66277777777777,24.516736111111108,80.33611111111102,75.08888888888897,968.2923611111106,967.6701388888888,7.63,3.7,3.02,154.0,2686.0,1352845.0,1815278.0
2021,4,2378,AC,74.59999999999997,27.33445436507936,25.897698412698418,83.47003968253969,76.58244047619044,992.2382936507936,991.4556448412696,5.53,4.33,3.4,116.99,1274.0,656513.0,906876.0
2021,4,2173,AM,136.8285714285714,27.542371369644947,26.457130998840302,76.79581166537506,70.63167372040063,1005.2217040484676,1004.4570078846988,2.74,4.16,3.79,208.87,5401.0,3247689.0,4269995.0
2021,4,135,RR,,,,,,,,2.91,4.72,3.91,225.03,849.0,513514.0,652713.0
2021,4,868,PA,221.2533333333332,26.786210074951025,25.668142905248484,87.3453905702463,81.72995434236833,996.4349895163492,995.4880846005568,7.03,4.05,3.46,73.01,16675.0,5483341.0,8777124.0
2021,4,63,AP,236.1,26.3511279448768,25.45924853220652,87.9155718820669,83.69936616802394,1005.5076245633778,1004.862782384356,6.14,4.08,3.62,105.69,581.0,784447.0,877613.0
2021,4,815,TO,79.58571428571427,27.71882807958778,26.144654319684427,81.73806754731285,75.37000626744516,978.456848678358,977.8131977551252,5.79,4.38,3.08,486.64,1231.0,1455927.0,1607363.0
2021,4,143,MA,132.20000000000002,27.445615974064253,26.34176070218096,81.39062638152076,76.41415966696144,996.1177647914824,995.4852370229152,21.55,4.27,3.43,146.93,25902.0,4216694.0,7153262.0
2021,4,406,PI,70.36,27.795805765597294,26.420261539191245,73.4668974680134,66.76471416653875,977.752294462624,977.145273625082,13.07,4.54,3.19,253.66,6250.0,2118187.0,3289290.0
2021,4,5262,CE,155.0333333333333,26.58390227080293,25.507562734648392,78.74222279507426,73.76260673400569,982.8813101947268,982.340508053202,62.06,3.89,3.09,270.22,9246.0,6945291.0,9240580.0
2021,4,518,RN,37.13333333333334,29.99901003670216,28.35624527268893,70.49246001953135,63.304961574684725,1000.8648335349818,1000.2443078946574,67.43,3.55,2.95,306.2,1325.0,2739313.0,3560903.0
2021,4,1081,PB,94.39999999999996,26.64018555854241,25.4225543234767,77.08110812425329,71.20631907108721,969.800851441159,969.2611480734764,71.9,4.07,3.15,346.62,3103.0,2984785.0,4059905.0
2021,4,4221,PE,110.93999999999996,26.990562014977066,25.58943022160804,72.63604751551054,66.12875742805736,965.971396382938,965.4084558691728,98.65,3.54,3.01,261.06,5829.0,7683470.0,9674793.0
2021,4,153,AL,35.06666666666668,27.61093770905981,26.228507352847977,78.76852206262815,71.28770529329333,994.946694913198,994.4080824090385,120.85,3.97,3.2,303.94,1903.0,2454856.0,3365351.0
2021,4,175,SE,124.26666666666664,26.89511027871045,25.37539441625362,78.75245054837448,72.25533318644734,987.1803900628051,986.6585880191808,106.69,3.85,3.0,401.51,852.0,1736205.0,2338474.0
2021,4,6874,BA,81.28461538461539,26.464706920334542,25.054235030651,73.666041786348,67.03151393136287,965.312723267328,964.7386179514668,26.54,4.06,2.98,330.0,9945.0,10829100.0,14985284.0
2021,4,7390,MG,36.549152542372894,22.525987296152625,21.04929884870359,73.70258224268653,67.17952078491052,932.280814040905,931.8087145276382,36.51,3.3,2.87,456.06,7573.0,18277503.0,21411923.0
2021,4,1135,RJ,108.98000000000002,22.058462415052183,20.7806543581892,80.8557223778757,74.07125832114804,975.233151712057,974.685309255397,398.87,2.82,2.75,712.89,3487.0,16850524.0,17463349.0
2021,4,85023,SP,31.048,23.01302776875388,21.468889770819832,69.63015097737217,62.76425735499442,949.7493010124176,949.2740995909576,187.93,2.97,2.86,624.86,9842.0,44696150.0,46649132.0
2021,4,19700,PR,19.81666666666668,20.135378901961943,18.615377005665035,74.78756244771066,68.24917662060628,935.9228394223816,935.4660815163764,58.19,3.29,2.89,630.76,6528.0,9993399.0,11597484.0
2021,4,9084,SC,40.647058823529406,18.602573463339045,17.400919512030914,79.65206957265691,73.98836847142259,937.17460052748,936.761602804589,76.65,3.27,2.81,504.13,2962.0,6251281.0,7338473.0
2021,4,7050,RS,40.405,19.91829283338768,18.689605216668657,77.53147110639594,72.06066977470104,976.349287672056,975.8766783012444,40.7,3.05,2.66,555.41,4592.0,9791073.0,11466630.0
2021,4,4964,MS,18.177777777777788,25.27475461337692,23.69268939873959,66.96211807064236,60.49813438581455,970.530763210328,970.0024079477788,7.95,3.96,3.0,435.18,2582.0,2779739.0,2839188.0
2021,4,3885,MT,70.67272727272726,26.33028361633448,24.99010200403946,76.69462937771695,71.02205938423342,963.3696836406652,962.7592628117552,3.95,2.84,3.03,513.8,3068.0,2429144.0,3567234.0
2021,4,11411,GO,66.25217391304349,25.4402844947746,23.855377636340684,67.02671975486176,59.63749428034885,936.5569023785296,936.0017094368628,21.19,3.12,2.9,528.53,5513.0,6518861.0,7206589.0
2021,4,3565,DF,497.7999999999994,21.817838288413487,20.370352875798822,76.5573770491802,69.47679911086401,895.9989719366483,895.5197277021399,535.35,3.15,3.02,800.52,2221.0,2988438.0,3094325.0
2021,5,316,RO,10.8,26.788185134757725,25.365232683982693,69.59655599776559,63.502757994693496,969.9373193338917,969.3950609202628,7.63,3.7,3.02,154.0,2686.0,1352845.0,1815278.0
2021,5,1156,AC,58.50000000000001,26.96706011730205,25.540654936461387,82.21799853372426,75.4982038123168,993.7912365591402,993.1346114369496,5.53,4.33,3.4,116.99,1274.0,656513.0,906876.0
2021,5,1834,AM,119.87999999999997,27.664382775406825,26.651876751080664,82.96637414565583,78.30915706166964,1005.9874713247464,1005.30340253796,2.74,4.16,3.79,208.87,5401.0,3247689.0,4269995.0
2021,5,172,RR,,,,,,,,2.91,4.72,3.91,225.03,849.0,513514.0,652713.0
2021,5,714,PA,129.0714285714285,27.03607955242831,25.87022465016612,84.67387226104053,78.80368049816924,997.4583407749692,996.5763852074836,7.03,4.05,3.46,73.01,16675.0,5483341.0,8777124.0
2021,5,67,AP,261.6999999999998,27.69978846764274,26.392704737531243,84.43706106415905,77.85239604412175,1006.7174847736384,1006.1023814129268,6.14,4.08,3.62,105.69,581.0,784447.0,877613.0
2021,5,1097,TO,5.826666666666665,27.894344210956707,26.045719557459645,72.70750799061327,65.01739273943268,979.1492750825672,978.621652042356,5.79,4.38,3.08,486.64,1231.0,1455927.0,1607363.0
2021,5,182,MA,77.27999999999999,27.64828875695453,26.46568992323751,76.91186469952768,71.68108852696393,997.5170135995924,996.9810879731136,21.55,4.27,3.43,146.93,25902.0,4216694.0,7153262.0
2021,5,609,PI,52.91999999999998,28.24316187544085,26.6365385695348,65.49766637932348,58.91237503229836,979.3420475423889,978.767797896545,13.07,4.54,3.19,253.66,6250.0,2118187.0,3289290.0
2021,5,10895,CE,88.30000000000001,25.53010719618488,24.481672974804145,79.77001792801245,75.19981328189543,984.4432929790314,983.9417796575652,62.06,3.89,3.09,270.22,9246.0,6945291.0,9240580.0
2021,5,856,RN,81.1333333333333,29.1920443235142,27.713598603951496,70.25121185290492,64.18043318004838,1002.6135019667782,1002.0441047468038,67.43,3.55,2.95,306.2,1325.0,2739313.0,3560903.0
2021,5,1965,PB,158.90000000000003,24.51470193439984,23.486179901858154,81.78252255522595,77.02144763346826,968.8427489278496,968.3637381703352,71.9,4.07,3.15,346.62,3103.0,2984785.0,4059905.0
2021,5,10008,PE,81.73999999999995,25.39467789341175,24.070431453603543,74.40040434755075,68.65276294327886,967.841903208007,967.3332985090012,98.65,3.54,3.01,261.06,5829.0,7683470.0,9674793.0
2021,5,309,AL,102.20000000000006,25.54508928849277,24.46707493765807,85.05870311474581,78.4082109142309,999.1518562261028,998.6791430472656,120.85,3.97,3.2,303.94,1903.0,2454856.0,3365351.0
2021,5,285,SE,149.33333333333337,24.558907998683328,23.522542242703523,68.53901062207167,61.65909459584719,991.1175393625192,990.6608747531278,106.69,3.85,3.0,401.51,852.0,1736205.0,2338474.0
2021,5,5727,BA,32.40952380952382,25.01272193502695,23.58419207201004,71.28531106078346,65.23416135374394,968.9946836990398,968.4574042480108,26.54,4.06,2.98,330.0,9945.0,10829100.0,14985284.0
2021,5,5829,MG,12.529999999999998,21.60591774173077,19.985273370918488,70.29373546345086,63.664107817132745,934.2794509105404,933.7935974052472,36.51,3.3,2.87,456.06,7573.0,18277503.0,21411923.0
2021,5,810,RJ,88.1578947368421,20.63466390210866,19.418972536802183,82.67755645464456,76.55991373667808,974.4533364794808,973.8784731622004,398.87,2.82,2.75,712.89,3487.0,16850524.0,17463349.0
2021,5,58148,SP,24.946153846153845,21.635502212255272,20.060027886734925,67.42953700475897,60.903867971066106,952.1012850457552,951.590853836968,187.93,2.97,2.86,624.86,9842.0,44696150.0,46649132.0
2021,5,12973,PR,63.27142857142859,18.183947512968487,16.65305466292293,74.22398920462635,67.70804916127956,939.671142269925,939.1611467224844,58.19,3.29,2.89,630.76,6528.0,9993399.0,11597484.0
2021,5,10651,SC,102.3,15.505667433766511,14.331981976327365,81.0874782696168,75.12702798613665,940.8856240045992,940.3872363664728,76.65,3.27,2.81,504.13,2962.0,6251281.0,7338473.0
2021,5,4216,RS,139.6,14.608588744616847,13.371202079410166,79.19532408246587,73.68376477385415,976.5042130316205,975.9395024754814,40.7,3.05,2.66,555.41,4592.0,9791073.0,11466630.0
2021,5,3013,MS,19.82608695652173,22.7323808531372,21.17556182939736,68.47974451247562,62.42022508407672,974.5696857805168,974.0683840228528,7.95,3.96,3.0,435.18,2582.0,2779739.0,2839188.0
2021,5,4315,MT,30.4,25.2373313128327,23.82464197741259,72.36603887378412,66.72642073893917,965.3169241958084,964.7790126709916,3.95,2.84,3.03,513.8,3068.0,2429144.0,3567234.0
2021,5,10781,GO,6.424,24.5594174022974,22.832013982771333,61.87492444170258,54.52983168009644,936.63639506282,936.1382730856096,21.19,3.12,2.9,528.53,5513.0,6518861.0,7206589.0
2021,5,4177,DF,7.000000000000001,21.16430107526883,19.499919354838745,69.72634408602153,62.48494623655911,897.8036827956979,897.3656989247303,535.35,3.15,3.02,800.52,2221.0,2988438.0,3094325.0
2021,6,270,RO,1.4,27.04368055555556,25.311803315412178,62.23761200716844,55.64988799283155,970.7992159498205,970.2412768817204,7.63,3.7,3.02,154.0,2686.0,1352845.0,1815278.0
2021,6,615,AC,16.4,26.52592627245509,24.964495351402448,81.17138256381975,73.7172973132682,994.3198678301294,993.7007007366848,5.53,4.33,3.4,116.99,1274.0,656513.0,906876.0
2021,6,1404,AM,72.8,27.660647731054247,26.5744410726844,82.50255873031054,76.95853990881977,1007.2695486038488,1006.608290187691,2.74,4.16,3.79,208.87,5401.0,3247689.0,4269995.0
2021,6,163,RR,,,,,,,,2.91,4.72,3.91,225.03,849.0,513514.0,652713.0
2021,6,560,PA,46.642857142857146,27.281308292501976,25.95561446483788,80.93189669980883,74.44111574053822,997.1839562030572,996.2733442390652,7.03,4.05,3.46,73.01,16675.0,5483341.0,8777124.0
2021,6,50,AP,34.599999999999994,28.337179276315787,26.94033717105264,81.3061677631579,74.10773026315789,1007.0108881578942,1006.4251069078946,6.14,4.08,3.62,105.69,581.0,784447.0,877613.0
2021,6,1100,TO,2.8,27.173686574699445,25.320486860235587,66.2155014454799,58.5201361853014,982.3528557121024,981.8461249975996,5.79,4.38,3.08,486.64,1231.0,1455927.0,1607363.0
2021,6,132,MA,37.80000000000001,27.528704403767083,26.11644031534885,75.01414269381982,69.31552290899117,999.042430374524,998.517447072276,21.55,4.27,3.43,146.93,25902.0,4216694.0,7153262.0
2021,6,777,PI,15.2,28.65005415728048,26.91453912206028,60.18552310216064,53.92129053981702,980.8271437606209,980.2503137219476,13.07,4.54,3.19,253.66,6250.0,2118187.0,3289290.0
2021,6,15561,CE,19.640000000000004,26.953454643234764,25.66600765502962,67.27657558144061,61.95236279726124,994.0883930533564,993.6127281939672,62.06,3.89,3.09,270.22,9246.0,6945291.0,9240580.0
2021,6,1078,RN,1.9333333333333336,29.772506366125768,28.10737079203261,61.841395991806806,55.875917325715285,1003.182867970528,1002.6378643413252,67.43,3.55,2.95,306.2,1325.0,2739313.0,3560903.0
2021,6,3089,PB,31.266666666666666,24.21316782810685,22.97520034843206,73.73512146728612,68.3821767324816,959.5612329413476,959.104359635114,71.9,4.07,3.15,346.62,3103.0,2984785.0,4059905.0
2021,6,12673,PE,35.28,24.929358645051572,23.568603228787683,71.87514347681018,66.20498780339337,968.6398347611124,968.152417536544,98.65,3.54,3.01,261.06,5829.0,7683470.0,9674793.0
2021,6,917,AL,30.700000000000003,24.838453181003583,23.72754414184147,85.01077862667417,78.4717521851223,1000.0956903497564,999.6453742324752,120.85,3.97,3.2,303.94,1903.0,2454856.0,3365351.0
2021,6,379,SE,78.26666666666675,23.872089557703568,22.815726542667463,83.06756198347105,77.8765304560759,992.0435306214608,991.6140617677214,106.69,3.85,3.0,401.51,852.0,1736205.0,2338474.0
2021,6,2983,BA,37.00952380952382,24.810481614617608,23.327240637052363,70.63241883633623,64.3581174603789,969.5186129911052,968.9861406320684,26.54,4.06,2.98,330.0,9945.0,10829100.0,14985284.0
2021,6,3804,MG,9.2,20.44370822508027,18.85386427763201,70.32036792235127,63.99105489063344,935.5543616438016,935.091060685013,36.51,3.3,2.87,456.06,7573.0,18277503.0,21411923.0
2021,6,682,RJ,41.32,19.427422734680643,18.25767947884672,83.08723042787534,77.08569464726371,977.7968621933344,977.2495611595012,398.87,2.82,2.75,712.89,3487.0,16850524.0,17463349.0
2021,6,26291,SP,28.32,19.919246626546368,18.471356722833328,72.14981165932689,66.1773403231612,952.8181805696352,952.3359486222968,187.93,2.97,2.86,624.86,9842.0,44696150.0,46649132.0
2021,6,4828,PR,68.6923076923077,16.193976929831003,14.908909018312196,79.31823978407513,73.37788750691044,941.7346724613548,941.215141170392,58.19,3.29,2.89,630.76,6528.0,9993399.0,11597484.0
2021,6,4556,SC,170.3111111111111,13.480127177677998,12.579783077927155,87.32679801372265,82.72984661950545,934.4122084966097,933.9201472916926,76.65,3.27,2.81,504.13,2962.0,6251281.0,7338473.0
2021,6,756,RS,140.5128205128205,13.244122811117077,12.295990277530697,84.83488321184704,80.76043862026013,977.917452129088,977.3485802135376,40.7,3.05,2.66,555.41,4592.0,9791073.0,11466630.0
2021,6,1282,MS,26.56521739130435,20.810700756928,19.423677900629023,73.39910631307286,67.84899452273403,975.5870562505472,975.0728061292774,7.95,3.96,3.0,435.18,2582.0,2779739.0,2839188.0
2021,6,3583,MT,4.866666666666665,24.59616773496992,23.109037416271008,67.77034610435524,61.9445928653319,964.6682991553528,964.2156355945112,3.95,2.84,3.03,513.8,3068.0,2429144.0,3567234.0
2021,6,7774,GO,5.975,23.37085384306676,21.62433963508895,58.75800514016751,51.837108593819856,936.9260920094176,936.4574817243004,21.19,3.12,2.9,528.53,5513.0,6518861.0,7206589.0
2021,6,3338,DF,88.40000000000002,20.55655555555549,18.893111111111136,63.84222222222206,56.9891666666667,898.3444722222225,897.9163333333339,535.35,3.15,3.02,800.52,2221.0,2988438.0,3094325.0
2021,7,161,RO,0.0,27.88494222436206,25.943153185684487,41.81678302038194,35.9251123415182,972.0139253330124,971.4773601749316,7.63,3.7,3.02,154.0,2686.0,1352845.0,1815278.0
2021,7,479,AC,17.100000000000005,25.23564308989841,23.36985975337037,74.44471599258839,66.05835090409556,996.746099290781,996.1752955082744,5.53,4.33,3.4,116.99,1274.0,656513.0,906876.0
2021,7,1051,AM,91.75,28.273294239641324,27.06756404519779,74.02260220803866,68.07400133073757,1007.7839303194314,1007.127731312262,2.74,4.16,3.79,208.87,5401.0,3247689.0,4269995.0
2021,7,151,RR,,,,,,,,2.91,4.72,3.91,225.03,849.0,513514.0,652713.0
2021,7,406,PA,66.89230769230767,27.410156349726687,25.99618311836429,74.00496773794701,67.44689078121782,998.6272563363912,997.6802720867508,7.03,4.05,3.46,73.01,16675.0,5483341.0,8777124.0
2021,7,65,AP,2.0,30.10283018867924,28.27830188679245,73.28301886792451,64.18867924528303,1004.4792452830188,1003.8188679245284,6.14,4.08,3.62,105.69,581.0,784447.0,877613.0
2021,7,771,TO,0.0285714285714285,27.705108737296094,25.622068080475945,55.107143740108846,47.402507461886415,983.7192508487436,983.1804342922744,5.79,4.38,3.08,486.64,1231.0,1455927.0,1607363.0
2021,7,77,MA,23.840000000000003,27.766139998057252,26.2568104349557,69.55890968459859,63.56269212677388,1000.0208912448578,999.4820516139806,21.55,4.27,3.43,146.93,25902.0,4216694.0,7153262.0
2021,7,693,PI,18.08888888888889,28.76262658374309,27.078435894672207,55.47605193101656,49.654514740886206,982.1140858856772,981.5255303341376,13.07,4.54,3.19,253.66,6250.0,2118187.0,3289290.0
2021,7,13056,CE,18.06666666666667,27.695978943333312,26.309201814470693,61.01496449046689,55.68093777651496,994.3658753064165,993.855162294138,62.06,3.89,3.09,270.22,9246.0,6945291.0,9240580.0
2021,7,897,RN,4.533333333333333,29.595685773042824,27.929445783322222,60.497111646184734,54.69455619445445,1004.5110436119278,1003.9635715714536,67.43,3.55,2.95,306.2,1325.0,2739313.0,3560903.0
2021,7,3807,PB,36.440000000000026,25.552485325696768,24.1979848516592,71.25470245902042,65.86224516812409,973.5837474492756,973.0867991832816,71.9,4.07,3.15,346.62,3103.0,2984785.0,4059905.0
2021,7,10292,PE,46.34000000000001,24.70296439099236,23.31438226797102,72.33745876877207,66.31237993753703,970.136209542634,969.6442511232168,98.65,3.54,3.01,261.06,5829.0,7683470.0,9674793.0
2021,7,1865,AL,37.00000000000002,24.59271312686883,23.414082002993915,84.04010805902834,77.08821148283769,1001.7685603501968,1001.3174042134284,120.85,3.97,3.2,303.94,1903.0,2454856.0,3365351.0
2021,7,537,SE,166.86666666666662,23.2105183617702,22.189138563049863,86.47867514954403,80.58900688895875,993.691869612548,993.259435650493,106.69,3.85,3.0,401.51,852.0,1736205.0,2338474.0
2021,7,1421,BA,56.070000000000014,24.25721094331137,22.74682496280263,69.00771869635037,62.62516930520995,970.8038826002588,970.2473054886816,26.54,4.06,2.98,330.0,9945.0,10829100.0,14985284.0
2021,7,1959,MG,2.231034482758621,19.43402129418324,17.611163486483907,60.274656881623166,53.875488441085,937.6727275209588,937.1927772233688,36.51,3.3,2.87,456.06,7573.0,18277503.0,21411923.0
2021,7,432,RJ,19.18095238095238,17.83479215352758,16.41143007809785,77.8181439968715,71.11203124511722,982.4473675032808,981.90277365441,398.87,2.82,2.75,712.89,3487.0,16850524.0,17463349.0
2021,7,10840,SP,9.999999999999998,18.50012218451817,16.690609174019887,57.681080293857406,51.097544645785774,954.7222258793468,954.2225270572712,187.93,2.97,2.86,624.86,9842.0,44696150.0,46649132.0
2021,7,2408,PR,25.145454545454545,15.268283701999287,13.609128921085386,67.50483732032315,60.65923619950964,939.8979391069012,939.4138224117391,58.19,3.29,2.89,630.76,6528.0,9993399.0,11597484.0
2021,7,1692,SC,36.68888888888888,12.457083749225076,11.191043193835112,76.54464069439646,70.41867580012769,942.0057195257732,941.5330288972782,76.65,3.27,2.81,504.13,2962.0,6251281.0,7338473.0
2021,7,236,RS,34.994594594594595,13.284172030915911,11.99712591562182,76.50017829162438,70.91014509284483,978.3955235875246,977.8536387591314,40.7,3.05,2.66,555.41,4592.0,9791073.0,11466630.0
2021,7,617,MS,4.466666666666669,19.71774871078484,17.77931647848159,51.491131986759385,45.008446462535176,977.7357643235108,977.2170479621236,7.95,3.96,3.0,435.18,2582.0,2779739.0,2839188.0
2021,7,2079,MT,0.0,24.82805790078006,23.02579088863083,48.24595463992048,42.58127518749436,966.428250021816,965.913188651771,3.95,2.84,3.03,513.8,3068.0,2429144.0,3567234.0
2021,7,4334,GO,0.0,22.7929576166254,20.83342744448452,44.97216547165234,38.4740478486917,937.8351089953616,937.3370410894256,21.19,3.12,2.9,528.53,5513.0,6518861.0,7206589.0
2021,7,1594,DF,0.0,19.79766129032263,17.976370967741982,53.344623655914006,46.87688172043008,899.5538978494636,899.1113440860205,535.35,3.15,3.02,800.52,2221.0,2988438.0,3094325.0
2021,8,140,RO,0.0,27.34825268817202,25.75698924731181,43.90591397849455,39.28494623655913,948.043682795699,947.5405913978504,7.63,3.7,3.02,154.0,2686.0,1352845.0,1815278.0
2021,8,444,AC,12.8,25.770295698924752,24.0407258064516,79.72715053763437,73.12768817204301,992.0950268817196,991.4577956989242,5.53,4.33,3.4,116.99,1274.0,656513.0,906876.0
2021,8,727,AM,74.4,29.943306857053297,28.66969004583681,70.23711349323614,63.93239695236333,1006.1580351987568,1005.4393885272676,2.74,4.16,3.79,208.87,5401.0,3247689.0,4269995.0
2021,8,124,RR,,,,,,,,2.91,4.72,3.91,225.03,849.0,513514.0,652713.0
2021,8,378,PA,51.06153846153845,28.39532382921228,26.89739527052136,66.92163140902157,60.50663739392897,997.2377848362024,996.260381246246,7.03,4.05,3.46,73.01,16675.0,5483341.0,8777124.0
2021,8,200,AP,0.8,30.887804878048776,29.112195121951224,69.80487804878048,61.121951219512205,1004.3292682926829,1003.7243902439023,6.14,4.08,3.62,105.69,581.0,784447.0,877613.0
2021,8,671,TO,4.128571428571428,29.757265745775328,27.612390956616185,45.57903636517671,38.67447141129652,982.401669828266,981.8047877009252,5.79,4.38,3.08,486.64,1231.0,1455927.0,1607363.0
2021,8,81,MA,7.0,28.64905533265737,27.073398637795048,61.87479347825044,55.92142225084304,999.0444358746588,998.4821657586984,21.55,4.27,3.43,146.93,25902.0,4216694.0,7153262.0
2021,8,753,PI,2.555555555555556,28.99454218952475,27.278335680475017,50.75840952400032,45.25195085152404,981.194863199944,980.5927064540136,13.07,4.54,3.19,253.66,6250.0,2118187.0,3289290.0
2021,8,7880,CE,0.4666666666666666,28.904183660157884,27.37320189684738,52.96720478064281,47.72138163524502,994.1224085794807,993.544281995185,62.06,3.89,3.09,270.22,9246.0,6945291.0,9240580.0
2021,8,819,RN,2.0,29.96493109705864,28.232830929072804,55.9814840938764,50.323637877348304,1004.0499757340222,1003.4655451048268,67.43,3.55,2.95,306.2,1325.0,2739313.0,3560903.0
2021,8,3045,PB,47.700000000000045,25.83589531063321,24.37373058542413,67.04521356033452,61.94618428912786,969.8133766427718,969.2637552270012,71.9,4.07,3.15,346.62,3103.0,2984785.0,4059905.0
2021,8,6326,PE,45.44,25.104753224834305,23.613188147424367,66.92717967732031,61.16297763310311,969.7306599485556,969.1775420672424,98.65,3.54,3.01,261.06,5829.0,7683470.0,9674793.0
2021,8,1979,AL,45.66666666666668,24.403460541729608,23.231746056642187,79.90110742485693,72.92091897649661,1001.6920834532244,1001.2047470431114,120.85,3.97,3.2,303.94,1903.0,2454856.0,3365351.0
2021,8,679,SE,30.333333333333343,23.178268004501124,22.030623280820205,82.11752433747904,76.23361137709891,993.6459935296324,993.18194236059,106.69,3.85,3.0,401.51,852.0,1736205.0,2338474.0
2021,8,773,BA,34.3578947368421,24.2441747375783,22.6568214432049,64.01797961929691,56.97206998667044,971.2892080177772,970.6879671455822,26.54,4.06,2.98,330.0,9945.0,10829100.0,14985284.0
2021,8,1734,MG,7.329824561403508,21.664040383028908,19.93318025921935,58.78737447496784,52.83507174097694,936.9851063530986,936.4752723334194,36.51,3.3,2.87,456.06,7573.0,18277503.0,21411923.0
2021,8,353,RJ,67.11428571428571,20.03238067539009,18.666791386938023,79.00386730242232,72.57089159479281,981.8940114778796,981.3188500341416,398.87,2.82,2.75,712.89,3487.0,16850524.0,17463349.0
2021,8,8129,SP,8.68695652173913,22.718706145134004,20.97675391790528,56.145429277711045,50.378421052193694,952.2256264605808,951.6784219945738,187.93,2.97,2.86,624.86,9842.0,44696150.0,46649132.0
2021,8,2748,PR,51.16363636363637,19.299663849936337,17.855559881450894,67.30086818909425,61.85771967984307,938.4237740708,937.909524479514,58.19,3.29,2.89,630.76,6528.0,9993399.0,11597484.0
2021,8,1054,SC,39.541176470588255,16.426198376689563,15.347610062872842,77.51930716200168,72.42228634222995,930.9903059584464,930.5048032465464,76.65,3.27,2.81,504.13,2962.0,6251281.0,7338473.0
2021,8,146,RS,80.96315789473684,15.923441494218096,14.761357366382104,80.18367718444313,75.15451165941961,977.7835510897836,977.1721460710272,40.7,3.05,2.66,555.41,4592.0,9791073.0,11466630.0
2021,8,571,MS,13.304761904761904,23.90374747584984,22.131957475854826,52.84830308764745,47.45184269472118,971.3857274325944,970.8072095821173,7.95,3.96,3.0,435.18,2582.0,2779739.0,2839188.0
2021,8,1173,MT,1.6666666666666667,27.705666619572728,25.943492530905825,43.62736173716094,38.76476704116148,965.166108008428,964.6082582075678,3.95,2.84,3.03,513.8,3068.0,2429144.0,3567234.0
2021,8,2852,GO,0.8260869565217391,26.078350039384787,24.169688869378696,39.91347394964431,34.36499475355879,937.0248441367146,936.4881108440396,21.19,3.12,2.9,528.53,5513.0,6518861.0,7206589.0
2021,8,909,DF,23.2,22.04781906300481,20.349057619816925,47.40991112308112,42.08968489092374,898.5766684607099,898.1020182992472,535.35,3.15,3.02,800.52,2221.0,2988438.0,3094325.0
2021,9,66,RO,32.2,27.148787446505,25.764336661911567,64.30670470756063,58.09557774607699,947.0773181169752,946.4851640513552,7.63,3.7,3.02,154.0,2686.0,1352845.0,1815278.0
2021,9,395,AC,115.40000000000003,26.52444444444442,24.977500000000006,84.63472222222205,78.33888888888873,991.4793055555546,990.7361111111104,5.53,4.33,3.4,116.99,1274.0,656513.0,906876.0
2021,9,481,AM,57.00000000000001,28.294925946834816,27.006692006505705,79.30831389030385,73.45154041252921,1005.817899938702,1005.050226252892,2.74,4.16,3.79,208.87,5401.0,3247689.0,4269995.0
2021,9,87,RR,,,,,,,,2.91,4.72,3.91,225.03,849.0,513514.0,652713.0
2021,9,270,PA,95.43636363636364,28.679989733107064,27.235929359870777,74.79093490089744,68.38998936668192,997.4882427696112,996.4787467706263,7.03,4.05,3.46,73.01,16675.0,5483341.0,8777124.0
2021,9,140,AP,0.0,31.8,30.2,59.0,51.0,1003.4,1002.7,6.14,4.08,3.62,105.69,581.0,784447.0,877613.0
2021,9,551,TO,25.414285714285715,30.426889134536506,28.472693473369883,54.91410917210944,47.709489811499004,979.7647009692928,978.8117634253298,5.79,4.38,3.08,486.64,1231.0,1455927.0,1607363.0
2021,9,74,MA,42.100000000000016,30.295892712836327,28.775279202085308,65.78965295561426,59.868500316938885,1001.5975994039126,1000.929357366506,21.55,4.27,3.43,146.93,25902.0,4216694.0,7153262.0
2021,9,391,PI,6.892307692307694,31.25632918725056,29.45265072993759,44.080791941523465,38.960651615352255,978.3724330585596,977.72585416691,13.07,4.54,3.19,253.66,6250.0,2118187.0,3289290.0
2021,9,3992,CE,6.76,28.958623963089817,27.504161861093326,57.18668795082472,51.97202935882613,985.9009783335802,985.3282414261386,62.06,3.89,3.09,270.22,9246.0,6945291.0,9240580.0
2021,9,569,RN,1.8666666666666667,31.01989424361569,29.263867351593944,55.25557740768265,49.7327500496766,1003.1052517646684,1002.4693758238856,67.43,3.55,2.95,306.2,1325.0,2739313.0,3560903.0
2021,9,2474,PB,7.160000000000001,27.552216124661253,26.097334010840104,64.70141598915991,59.12909891598919,977.091873306233,976.496150406504,71.9,4.07,3.15,346.62,3103.0,2984785.0,4059905.0
2021,9,4424,PE,13.100000000000003,28.12256510322359,26.430197606019945,59.22237782060363,52.89947043077204,973.2927337591416,972.6810874431446,98.65,3.54,3.01,261.06,5829.0,7683470.0,9674793.0
2021,9,1663,AL,49.53333333333336,26.06635901522176,24.834015235818427,72.38222983566622,65.20756436407095,1000.2851418283666,999.7637623924362,120.85,3.97,3.2,303.94,1903.0,2454856.0,3365351.0
2021,9,561,SE,33.599999999999994,25.17695214661029,23.974785734723312,72.41860680797417,66.98681042823196,992.051168050801,991.5408724636968,106.69,3.85,3.0,401.51,852.0,1736205.0,2338474.0
2021,9,576,BA,10.372727272727277,26.930780524285684,25.226849228347508,55.84693292577517,49.46923320411708,965.3793609134212,964.7443466333024,26.54,4.06,2.98,330.0,9945.0,10829100.0,14985284.0
2021,9,1848,MG,12.505263157894737,25.735360725153736,23.915685302227235,53.10462920794218,47.135630499950885,933.9981105079816,933.4363962909848,36.51,3.3,2.87,456.06,7573.0,18277503.0,21411923.0
2021,9,299,RJ,41.88000000000001,22.610055736475985,21.414132782927965,78.69249401639895,72.49937933500233,985.3670285335786,984.7039778747852,398.87,2.82,2.75,712.89,3487.0,16850524.0,17463349.0
2021,9,8164,SP,18.30434782608696,25.567510889347265,23.85383342673293,57.4414766522026,51.330337538550886,948.9572974068044,948.365077221911,187.93,2.97,2.86,624.86,9842.0,44696150.0,46649132.0
2021,9,3105,PR,63.7818181818182,21.98017016617742,20.48647290529,67.47197982207031,61.36339443459816,935.378777437775,934.789772848996,58.19,3.29,2.89,630.76,6528.0,9993399.0,11597484.0
2021,9,682,SC,144.30588235294115,17.87691662961793,16.80082984529897,81.09793998543155,75.73461879785916,925.5053132415906,924.8735072047372,76.65,3.27,2.81,504.13,2962.0,6251281.0,7338473.0
2021,9,129,RS,171.51351351351343,17.57651915159497,16.531151467924783,82.71151852858696,77.88195801711821,977.5015587143988,976.8075405190036,40.7,3.05,2.66,555.41,4592.0,9791073.0,11466630.0
2021,9,609,MS,19.333333333333336,28.58363021695028,26.785088596923263,50.5256075464852,44.575138660160064,967.9599108262144,967.365243759645,7.95,3.96,3.0,435.18,2582.0,2779739.0,2839188.0
2021,9,865,MT,29.1,29.58257283490836,27.848698900950595,53.83056228102864,47.78003113496501,959.7123511339288,959.1040346330363,3.95,2.84,3.03,513.8,3068.0,2429144.0,3567234.0
2021,9,2416,GO,19.50434782608696,29.504061552475644,27.52008299792444,39.115113616864456,33.560875562813955,936.4324327432912,935.8254489876542,21.19,3.12,2.9,528.53,5513.0,6518861.0,7206589.0
2021,9,782,DF,63.6,25.919409635199138,23.977081592871045,40.650496453900686,34.68822695035459,896.4424115845167,895.9359231411869,535.35,3.15,3.02,800.52,2221.0,2988438.0,3094325.0
2021,10,85,RO,,26.317741935483863,25.112499999999983,73.28629032258064,67.69086021505377,945.88252688172,945.2458333333344,7.63,3.7,3.02,154.0,2686.0,1352845.0,1815278.0
2021,10,645,AC,292.0,26.27083333333333,24.90793010752687,87.96102150537634,82.25134408602156,990.0412634408608,989.3099462365592,5.53,4.33,3.4,116.99,1274.0,656513.0,906876.0
2021,10,367,AM,132.9333333333333,29.258683485007552,28.061418865426376,76.82545668769478,70.41501796464581,1005.0093606668894,1004.2347548220864,2.74,4.16,3.79,208.87,5401.0,3247689.0,4269995.0
2021,10,46,RR,,,,,,,,2.91,4.72,3.91,225.03,849.0,513514.0,652713.0
2021,10,246,PA,95.92,28.717544365652813,27.29705724454853,75.60219196162284,68.23440937592873,996.1943462354506,995.0564030126149,7.03,4.05,3.46,73.01,16675.0,5483341.0,8777124.0
2021,10,102,AP,,,,,,,,6.14,4.08,3.62,105.69,581.0,784447.0,877613.0
2021,10,647,TO,92.35714285714286,28.909054261511024,27.308363109200023,71.38516626121854,63.98376467073848,978.9205080197536,977.9795346771134,5.79,4.38,3.08,486.64,1231.0,1455927.0,1607363.0
2021,10,49,MA,37.95,29.88253396431573,28.495092364123632,70.48249775153444,64.40404808094871,1000.0328032027136,999.2827594378598,21.55,4.27,3.43,146.93,25902.0,4216694.0,7153262.0
2021,10,130,PI,48.46153846153846,31.012049809528264,29.33697903165669,53.39287262517444,47.72246696311858,977.0191362899031,976.3442166727384,13.07,4.54,3.19,253.66,6250.0,2118187.0,3289290.0
2021,10,2495,CE,3.45,30.685341593523017,29.164369382886985,53.40947767238706,47.95666679209396,995.451127461497,994.8089455021868,62.06,3.89,3.09,270.22,9246.0,6945291.0,9240580.0
2021,10,482,RN,0.0666666666666666,31.854025971661866,30.02849935562546,53.294869301444045,47.70751797576104,1001.6447522820072,1000.9764029813524,67.43,3.55,2.95,306.2,1325.0,2739313.0,3560903.0
2021,10,1864,PB,10.7,28.665631362537383,27.057546168161856,61.2929033848699,55.4986181364128,967.146955525864,966.5043963145004,71.9,4.07,3.15,346.62,3103.0,2984785.0,4059905.0
2021,10,2882,PE,22.525,29.74721324210949,27.931709006538863,53.52362465589954,46.86505108029301,968.0215929038908,967.3702662715264,98.65,3.54,3.01,261.06,5829.0,7683470.0,9674793.0
2021,10,1163,AL,12.4,27.748549199914315,26.39416828996649,66.5537050360939,59.72973587001806,998.1592328276032,997.59526126557,120.85,3.97,3.2,303.94,1903.0,2454856.0,3365351.0
2021,10,448,SE,30.86666666666667,26.51272463548579,25.293221201935097,69.07073645769933,63.429444968553454,989.8358780800968,989.2932296175006,106.69,3.85,3.0,401.51,852.0,1736205.0,2338474.0
2021,10,525,BA,71.56923076923077,27.3008430622635,25.8818613475713,62.09877345578112,56.15667644673085,966.5301158138584,965.9317529868592,26.54,4.06,2.98,330.0,9945.0,10829100.0,14985284.0
2021,10,1693,MG,160.8363636363636,24.36658442183052,23.025354286201605,71.29624498773438,65.4530319496537,932.9667524288724,932.3640078712974,36.51,3.3,2.87,456.06,7573.0,18277503.0,21411923.0
2021,10,195,RJ,242.4380952380951,21.21127757531308,20.34340381567613,85.95254960431059,80.66856576391163,975.1621197350148,974.5351487455872,398.87,2.82,2.75,712.89,3487.0,16850524.0,17463349.0
2021,10,7172,SP,117.92173913043474,23.35209833637164,21.9744684786152,74.77438122107365,68.82954184483827,946.2342596410992,945.6076103773878,187.93,2.97,2.86,624.86,9842.0,44696150.0,46649132.0
2021,10,2684,PR,160.03999999999994,21.31303523363038,19.97058600792801,76.85124450742302,70.35668693589835,942.9279804182064,942.2464012531244,58.19,3.29,2.89,630.76,6528.0,9993399.0,11597484.0
2021,10,638,SC,211.36249999999995,17.23928226531759,16.259531021964854,83.95172420119437,78.85010220732033,928.5312144522144,927.8818757825184,76.65,3.27,2.81,504.13,2962.0,6251281.0,7338473.0
2021,10,153,RS,106.23243243243245,18.680568163469168,17.426793420604092,75.86033614056807,69.82669013870027,974.8283569150544,974.2004710645234,40.7,3.05,2.66,555.41,4592.0,9791073.0,11466630.0
2021,10,607,MS,119.91999999999996,26.028455571288617,24.682646190152287,70.79603355324255,65.02766242331353,966.0092135912324,965.3210152305796,7.95,3.96,3.0,435.18,2582.0,2779739.0,2839188.0
2021,10,1173,MT,70.225,28.26036860389312,26.837205865143684,69.8410447965738,63.837603814837365,958.4035205359164,957.6171513294244,3.95,2.84,3.03,513.8,3068.0,2429144.0,3567234.0
2021,10,2674,GO,156.4086956521739,26.39496837467674,24.953651197651013,68.55123245646165,61.87195909124725,934.7147907930586,934.0857324805525,21.19,3.12,2.9,528.53,5513.0,6518861.0,7206589.0
2021,10,647,DF,777.8000000000008,24.144582299421028,22.66010476978224,69.75461814171499,62.805900192996965,895.190074441686,894.6073338847533,535.35,3.15,3.02,800.52,2221.0,2988438.0,3094325.0
2021,11,360,RO,,24.317500000000013,23.28569444444445,84.11388888888881,79.5291666666667,944.866111111111,944.2226388888884,7.63,3.7,3.02,154.0,2686.0,1352845.0,1815278.0
2021,11,909,AC,283.39999999999986,25.952222222222225,24.7122222222222,90.91944444444452,85.60555555555555,989.0947222222215,988.3483333333328,5.53,4.33,3.4,116.99,1274.0,656513.0,906876.0
2021,11,501,AM,158.59999999999997,27.772237226153223,26.617886520554848,82.95485885502323,77.74226255359262,1004.0159938750628,1003.2437147999196,2.74,4.16,3.79,208.87,5401.0,3247689.0,4269995.0
2021,11,42,RR,,,,,,,,2.91,4.72,3.91,225.03,849.0,513514.0,652713.0
2021,11,767,PA,128.4545454545454,27.84896168746242,26.69811316493548,78.35247673973845,72.3454989219827,997.7627515353406,996.6810502034676,7.03,4.05,3.46,73.01,16675.0,5483341.0,8777124.0
2021,11,80,AP,,,,,,,,6.14,4.08,3.62,105.69,581.0,784447.0,877613.0
2021,11,2180,TO,179.8307692307692,26.998090801849703,25.668450687029168,82.42715190309637,75.35312368904641,978.7566860861252,977.8532698945196,5.79,4.38,3.08,486.64,1231.0,1455927.0,1607363.0
2021,11,72,MA,89.1333333333333,29.786962246254514,28.51734153020293,71.92169597619156,66.58777844761765,1000.998762062604,1000.2920647363076,21.55,4.27,3.43,146.93,25902.0,4216694.0,7153262.0
2021,11,175,PI,133.36363636363632,28.35189131312703,26.976780153171006,71.30058770420973,65.03449606667462,974.5316550461864,973.8845681896,13.07,4.54,3.19,253.66,6250.0,2118187.0,3289290.0
2021,11,2102,CE,4.6,30.91779179159375,29.371015301987224,55.156644659270654,49.2740489514548,994.5269937490737,993.8885435384626,62.06,3.89,3.09,270.22,9246.0,6945291.0,9240580.0
2021,11,528,RN,0.6666666666666667,30.70828556557032,29.04662654174573,60.29498500816537,54.86587522892714,1000.2300194694816,999.6092850977758,67.43,3.55,2.95,306.2,1325.0,2739313.0,3560903.0
2021,11,1766,PB,4.633333333333332,28.7772012626693,27.33389267747112,57.8187086510843,55.31878445779693,977.6496022355434,977.086620703183,71.9,4.07,3.15,346.62,3103.0,2984785.0,4059905.0
2021,11,2158,PE,13.1,30.477644457388493,28.667219805588086,53.61166298773316,47.15038149238026,966.514192600558,965.8777873137304,98.65,3.54,3.01,261.06,5829.0,7683470.0,9674793.0
2021,11,861,AL,29.40000000000001,29.092437990054307,27.712357067493592,61.00021298305048,54.608308320207605,996.386420376215,995.8080455636936,120.85,3.97,3.2,303.94,1903.0,2454856.0,3365351.0
2021,11,516,SE,43.60000000000001,27.196313905216524,26.13469164561005,74.05879174560981,68.44443032750085,992.5228974427145,991.9566322311103,106.69,3.85,3.0,401.51,852.0,1736205.0,2338474.0
2021,11,896,BA,181.8785714285714,25.63542065571684,24.46134732160636,75.1587943903856,68.73536700445825,965.4577405256832,964.872487583193,26.54,4.06,2.98,330.0,9945.0,10829100.0,14985284.0
2021,11,2550,MG,203.5649122807017,23.49028199742612,22.208498136587355,77.01383837943281,70.73395849133125,930.673654268662,930.1251559370162,36.51,3.3,2.87,456.06,7573.0,18277503.0,21411923.0
2021,11,217,RJ,198.60952380952372,21.697902632424544,20.62201452682034,83.01930330953437,77.26763476197215,974.1731010163792,973.6063052420504,398.87,2.82,2.75,712.89,3487.0,16850524.0,17463349.0
2021,11,8719,SP,92.75,25.005628130846027,23.468265733456786,67.44792426324265,60.72132723499706,943.691722651356,943.1672155882592,187.93,2.97,2.86,624.86,9842.0,44696150.0,46649132.0
2021,11,3054,PR,47.02666666666667,23.716897754548967,22.198806335348625,69.41672348972627,62.39370514337534,940.6274086584964,940.0991978728084,58.19,3.29,2.89,630.76,6528.0,9993399.0,11597484.0
2021,11,782,SC,103.40000000000003,20.29577087342438,19.03911766223148,77.8159126004508,71.41948095026326,926.6522704900552,926.1752643392568,76.65,3.27,2.81,504.13,2962.0,6251281.0,7338473.0
2021,11,174,RS,63.21621621621623,21.691630846567527,20.33569335120704,71.70525602866103,65.78520161261832,971.4513462995552,970.8994198984202,40.7,3.05,2.66,555.41,4592.0,9791073.0,11466630.0
2021,11,815,MS,88.2235294117647,26.875276186132133,25.42621958722969,70.65559674804081,64.43655741258172,964.2837248207072,963.6726684202964,7.95,3.96,3.0,435.18,2582.0,2779739.0,2839188.0
2021,11,2226,MT,111.17142857142856,26.273900160149186,24.75641893021848,81.542418764676,75.80320495424449,955.9464829720972,955.194920026799,3.95,2.84,3.03,513.8,3068.0,2429144.0,3567234.0
2021,11,5339,GO,274.26666666666654,24.8149218328892,23.627838044710845,80.39633749225497,74.3771012540667,933.6953541841084,933.0983028443654,21.19,3.12,2.9,528.53,5513.0,6518861.0,7206589.0
2021,11,1015,DF,1187.6000000000024,22.324300144300203,21.158326118326144,81.8554112554112,75.9702741702742,894.1013564213539,893.5471284271283,535.35,3.15,3.02,800.52,2221.0,2988438.0,3094325.0
2021,12,742,RO,,24.52217741935484,23.575000000000003,85.83602150537642,81.65188172042996,944.1844086021508,943.5467741935483,7.63,3.7,3.02,154.0,2686.0,1352845.0,1815278.0
2021,12,2007,AC,358.39999999999964,26.083602150537644,24.868951612903224,92.47983870967742,87.2486559139784,988.5249999999996,987.803897849462,5.53,4.33,3.4,116.99,1274.0,656513.0,906876.0
2021,12,646,AM,255.47999999999985,27.302809209485005,26.271495686355667,85.57303142358542,81.08261150630736,1003.6076369697472,1002.8911672530348,2.74,4.16,3.79,208.87,5401.0,3247689.0,4269995.0
2021,12,29,RR,,,,,,,,2.91,4.72,3.91,225.03,849.0,513514.0,652713.0
2021,12,2300,PA,194.35555555555555,26.93647279379209,25.877390685133243,84.92508479226163,79.1674850674931,989.6403351513796,988.7793816766128,7.03,4.05,3.46,73.01,16675.0,5483341.0,8777124.0
2021,12,96,AP,,,,,,,,6.14,4.08,3.62,105.69,581.0,784447.0,877613.0
2021,12,8156,TO,266.6923076923075,26.85083447878947,25.62535378278029,84.87968555051933,78.47083034479756,978.1108990431552,977.2596479949144,5.79,4.38,3.08,486.64,1231.0,1455927.0,1607363.0
2021,12,203,MA,184.0666666666665,29.668636869895213,28.456434837609667,73.53042034485601,68.32224857685007,1000.4424030925348,999.770108552861,21.55,4.27,3.43,146.93,25902.0,4216694.0,7153262.0
2021,12,383,PI,172.03333333333325,27.908406079840816,26.682266062372264,75.43282008077519,69.6790252655146,976.1747769741288,975.5730857643812,13.07,4.54,3.19,253.66,6250.0,2118187.0,3289290.0
2021,12,2408,CE,48.45000000000001,30.287233183314047,28.912643538654983,59.20637044759802,53.70191628786066,994.0108650369694,993.4125845157864,62.06,3.89,3.09,270.22,9246.0,6945291.0,9240580.0
2021,12,544,RN,5.4,31.343118670947845,29.2290888744536,64.66012796018228,55.52567144067402,999.847389219924,999.2806439766982,67.43,3.55,2.95,306.2,1325.0,2739313.0,3560903.0
2021,12,1554,PB,47.25000000000001,28.185322040189604,26.87538540127972,66.1991808783678,60.72941168771195,971.8333951113016,971.2836921222748,71.9,4.07,3.15,346.62,3103.0,2984785.0,4059905.0
2021,12,2414,PE,44.142857142857146,30.249569871635625,28.376927042811268,56.442937438905176,49.56050605420566,959.706250760483,959.100672873521,98.65,3.54,3.01,261.06,5829.0,7683470.0,9674793.0
2021,12,798,AL,76.79999999999998,27.843941030362448,26.693481616606533,62.22730857768221,56.572268764859054,990.8196830617032,990.273260596502,120.85,3.97,3.2,303.94,1903.0,2454856.0,3365351.0
2021,12,527,SE,58.05,27.85524577307901,26.7008678507487,72.27301305098362,65.98288887015508,991.8830150120413,991.3449675850312,106.69,3.85,3.0,401.51,852.0,1736205.0,2338474.0
2021,12,2015,BA,248.18571428571417,25.39736728787242,24.321636035819104,79.3976741993737,73.3941481492892,965.4705988234552,964.926093761344,26.54,4.06,2.98,330.0,9945.0,10829100.0,14985284.0
2021,12,3841,MG,307.0169491525422,23.167148112198745,21.997238012448115,82.27917466863757,76.4005699968919,929.6554013930328,929.12037117022,36.51,3.3,2.87,456.06,7573.0,18277503.0,21411923.0
2021,12,296,RJ,320.44761904761884,23.058004657652614,21.96638965522037,85.36801232375404,79.55684912818435,973.1638134564924,972.5935353431252,398.87,2.82,2.75,712.89,3487.0,16850524.0,17463349.0
2021,12,15214,SP,104.19090909090907,25.267881834153208,23.71235222229712,70.49747444133581,63.57207809556229,940.9637616876493,940.447717656024,187.93,2.97,2.86,624.86,9842.0,44696150.0,46649132.0
2021,12,3098,PR,56.02857142857143,25.059823093588992,23.37128401151238,65.27470389460505,58.284726493457136,941.1117555421037,940.5901292740568,58.19,3.29,2.89,630.76,6528.0,9993399.0,11597484.0
2021,12,1088,SC,63.162499999999966,21.421570477474283,20.056495782419784,75.0048299902039,68.39233345339552,925.2422573233704,924.782941022512,76.65,3.27,2.81,504.13,2962.0,6251281.0,7338473.0
2021,12,226,RS,43.736842105263165,23.62420056309388,22.122205149175983,69.0321786495477,62.65109135031867,969.9209317792825,969.4070696299708,40.7,3.05,2.66,555.41,4592.0,9791073.0,11466630.0
2021,12,992,MS,70.54444444444444,27.791830945704923,26.319203689958275,67.07751718805173,60.340113717944085,961.8704999971684,961.3188000092975,7.95,3.96,3.0,435.18,2582.0,2779739.0,2839188.0
2021,12,5346,MT,106.99999999999996,27.026319494794617,25.73821834051196,82.10858966543901,76.2739301200144,958.9301396589012,958.2522302238028,3.95,2.84,3.03,513.8,3068.0,2429144.0,3567234.0
2021,12,17505,GO,287.7249999999999,24.714937562366075,23.518611541186665,82.175235779078,76.13307209819406,932.853643670812,932.293804179718,21.19,3.12,2.9,528.53,5513.0,6518861.0,7206589.0
2021,12,2957,DF,1959.2000000000075,22.161259279626066,20.966730822106168,85.64393731097084,79.59142150123726,893.1460475400772,892.6077114427859,535.35,3.15,3.02,800.52,2221.0,2988438.0,3094325.0
2022,1,1011,RO,313.19999999999976,25.63323889644708,24.589037144972643,83.41035456233193,78.27121501701498,972.8941123905332,972.233828952216,6.65,,2.85,177.11,4716.0,,1581196.0
2022,1,713,AC,301.99999999999966,26.20527027027024,24.93594594594595,90.3472972972974,85.08513513513508,989.4590540540546,988.7391891891888,5.06,,3.18,106.79,1039.0,,830018.0
2022,1,234,AM,180.28,27.361256457862176,26.24895102220403,82.45968545200444,77.71175470391374,1004.8910111148452,1004.1961426161604,2.53,,3.65,236.84,5670.0,,3941613.0
2022,1,2,RR,,,,,,,,2.84,,3.59,231.96,1054.0,,636707.0
2022,1,901,PA,251.1866666666665,26.149303114523875,25.044791106826327,85.84703205881742,80.0713898481022,990.6826537047164,989.7619269020043,6.51,,3.32,105.58,17678.0,,8120131.0
2022,1,14,AP,0.0,,,,,,,5.14,,3.65,128.13,526.0,,733759.0
2022,1,4190,TO,185.2285714285713,27.20525997602149,25.711238160539786,81.3787530839692,74.03796357796838,979.6872221959618,978.7832518132568,5.44,,2.94,567.44,1802.0,,1511460.0
2022,1,156,MA,151.13333333333333,28.08282479118628,26.8394406088246,79.04832119225127,73.4281159846137,1002.3690469259112,1001.707698747092,20.42,,3.24,156.01,30044.0,,6776699.0
2022,1,398,PI,142.49999999999994,26.9460916052805,25.65542580921224,79.95723379487461,73.79545054713401,977.8332895661952,977.234399738536,13.0,,3.05,274.11,7126.0,,3271199.0
2022,1,373,CE,139.23999999999998,27.78132819949624,26.56681821181927,74.0394223186057,67.8096391236065,995.5701619009136,995.0015785835924,59.07,,2.91,318.83,10898.0,,8794957.0
2022,1,198,RN,18.2,30.9719507904055,29.14656012489444,66.17280163718779,58.86258877587544,1002.755204885324,1002.1689349107525,62.54,,2.89,321.33,2561.0,,3302729.0
2022,1,521,PB,112.15,27.01594362844237,25.791391546162405,73.17046819698658,66.95137040193771,972.981058638386,972.4397075243536,70.39,,2.9,349.52,4481.0,,3974687.0
2022,1,303,PE,32.33333333333334,28.63074492247908,26.87923383095252,65.96614285357256,58.122582669420574,962.08792487909,961.5139393232232,92.37,,2.84,284.44,5667.0,,9058931.0
2022,1,172,AL,10.466666666666663,28.5777614537358,27.288532114892813,71.5901408853301,64.51240026726406,996.7876823373708,996.290450330614,112.31,,3.0,396.1,1797.0,,3127683.0
2022,1,26,SE,21.6,27.390042795213805,25.88459675099545,69.5190498121116,62.548476535645385,980.9777654135944,980.457734048942,100.83,,2.82,436.0,1562.0,,2210004.0
2022,1,1325,BA,91.11666666666666,25.72845703469589,24.43736010070352,75.3320479991364,68.46554818001158,965.9131511253322,965.3877028754064,25.04,,2.78,367.31,11223.0,,14141626.0
2022,1,2535,MG,300.04745762711855,24.012594144277973,22.72989700199464,80.7725560688502,74.45147379257762,931.1059152968836,930.5858628890168,35.02,,2.73,469.24,11439.0,,20539989.0
2022,1,75,RJ,268.7714285714284,25.195313982788125,24.117070425415704,84.09973158545,78.51761407708959,978.0607999321692,977.5826269077692,366.71,,2.61,949.45,5964.0,,16055174.0
2022,1,6872,SP,162.6,26.10242257941028,24.639696817335768,76.3599741516183,69.40947922166937,946.1965443251664,945.6620835652168,178.92,,2.74,710.51,16365.0,,44411238.0
2022,1,521,PR,146.4941176470588,25.351560070480524,23.76892879707919,76.21889153070592,69.00126967844798,941.0080904058495,940.4657011194944,57.42,,2.72,652.73,10913.0,,11444380.0
2022,1,76,SC,150.61052631578943,23.089363148796,21.835539082200004,79.6515273603771,73.65618058648738,935.7676976313408,935.2668992078356,79.49,,2.71,532.8,5703.0,,7610361.0
2022,1,152,RS,98.21,26.127781901436062,24.56873886764584,69.63580357671475,63.10570785187513,970.8437541987064,970.2616764893572,38.63,,2.56,622.64,7321.0,,10882965.0
2022,1,403,MS,71.85714285714288,28.00068481060892,26.420888833841648,72.10534060534924,65.17240437327332,962.3839964117184,961.7745752975704,7.72,,2.81,682.25,3739.0,,2757013.0
2022,1,3795,MT,57.83999999999999,27.113897220664548,25.60505059714491,78.71473705534687,71.22107342795383,959.175090527164,958.521291433706,4.05,,2.86,371.8,4427.0,,3658649.0
2022,1,15315,GO,284.5909090909089,24.59177687603817,23.31079305528449,80.70995210020224,74.3133668628499,934.9684681559404,934.3973947582424,20.75,,2.74,572.45,11792.0,,7056495.0
2022,1,3231,DF,969.8000000000015,22.3536827956989,21.002688172043,80.1258064516129,73.68521505376351,894.7984139784941,894.2809677419358,487.44,,2.85,840.27,3349.0,,2817381.0
2022,2,1366,RO,494.5,25.216664331091188,24.26468242846466,85.55227685244509,80.96281430172962,972.9670480327784,972.2856432174892,6.65,,2.85,177.11,4716.0,,1581196.0
2022,2,494,AC,532.3999999999999,25.2904761904762,24.15505952380952,92.5267857142858,87.67113095238106,989.9345238095242,989.2053571428568,5.06,,3.18,106.79,1039.0,,830018.0
2022,2,404,AM,223.71999999999989,26.70504108782159,25.685297176015144,84.6118463819486,80.68216785159134,1004.7961229873656,1004.054577376254,2.53,,3.65,236.84,5670.0,,3941613.0
2022,2,1,RR,,,,,,,,2.84,,3.59,231.96,1054.0,,636707.0
2022,2,908,PA,197.7,26.64469490539969,25.49118528648486,85.51052767677567,79.86580640435781,990.1588042120572,989.17827463333,6.51,,3.32,105.58,17678.0,,8120131.0
2022,2,39,AP,,,,,,,,5.14,,3.65,128.13,526.0,,733759.0
2022,2,3747,TO,140.87142857142854,27.56742093804564,26.073600757192008,82.56198276890305,75.30079561740807,983.007164510876,982.119321818191,5.44,,2.94,567.44,1802.0,,1511460.0
2022,2,370,MA,153.13333333333338,28.26391293480814,26.96167092300908,80.10069492691582,74.32636164718997,1001.8064083681168,1001.1545971000404,20.42,,3.24,156.01,30044.0,,6776699.0
2022,2,1394,PI,84.94,27.974197219008524,26.56177966691193,77.01262750967093,70.68370143302937,977.1671334820842,976.5528257207136,13.0,,3.05,274.11,7126.0,,3271199.0
2022,2,979,CE,46.53333333333333,27.73283148713545,26.471876132057044,74.17350039593302,68.25459002343585,983.8472468348104,983.3105289865,59.07,,2.91,318.83,10898.0,,8794957.0
2022,2,375,RN,5.0666666666666655,31.20857061829601,29.451522409703184,66.03999687066047,58.77183692229459,1002.3871523150132,1001.7845857676524,62.54,,2.89,321.33,2561.0,,3302729.0
2022,2,1109,PB,23.875,27.65706697372556,26.383391317254265,70.11080290215864,63.81852758417697,972.4457900801088,971.917729616734,70.39,,2.9,349.52,4481.0,,3974687.0
2022,2,669,PE,13.666666666666666,29.68489577087877,27.721043524426456,59.848832352529485,52.45641781466405,961.7373474889704,961.1075777869472,92.37,,2.84,284.44,5667.0,,9058931.0
2022,2,381,AL,26.133333333333336,29.41991491016936,27.983722575734493,67.35578280161239,60.162250195847086,996.8347387817306,996.3552945950532,112.31,,3.0,396.1,1797.0,,3127683.0
2022,2,39,SE,5.6,30.197023809523813,28.276388888888896,54.39005254189152,45.900525418915095,985.2938492063496,984.7366071428572,100.83,,2.82,436.0,1562.0,,2210004.0
2022,2,2507,BA,71.89090909090909,26.434420045154585,25.06144465771405,74.70959534726688,67.7224728733802,965.8976345083772,965.357580663358,25.04,,2.78,367.31,11223.0,,14141626.0
2022,2,3811,MG,232.0827586206896,23.735199068172683,22.505516245770337,82.93054346530124,76.79054584973156,931.3269245950116,930.8042660682746,35.02,,2.73,469.24,11439.0,,20539989.0
2022,2,231,RJ,263.1999999999998,24.54759844887644,23.50099663693736,86.29313831040186,80.7309523488208,978.8755492375088,978.4055182440036,366.71,,2.61,949.45,5964.0,,16055174.0
2022,2,13802,SP,75.39354838709677,25.71764988562065,24.16755602367647,75.84310950952509,68.37328355397551,943.2454306697356,942.726615267625,178.92,,2.74,710.51,16365.0,,44411238.0
2022,2,2435,PR,77.8,25.283432622504947,23.728181640859567,72.7412990035209,65.41821958579504,943.0100718456324,942.4847895543328,57.42,,2.72,652.73,10913.0,,11444380.0
2022,2,824,SC,83.86315789473683,22.77001448659008,21.43818724687664,77.9381040854564,71.50059511064532,936.2628612400048,935.792187515238,79.49,,2.71,532.8,5703.0,,7610361.0
2022,2,687,RS,90.03414634146344,24.579803939898405,23.06402593785179,70.34796924953548,63.76919168120664,971.675841972001,971.13112623344,38.63,,2.56,622.64,7321.0,,10882965.0
2022,2,723,MS,36.05714285714287,28.21312449353972,26.7450432237862,67.74412478218454,61.10920752245991,963.0131181111356,962.426666682544,7.72,,2.81,682.25,3739.0,,2757013.0
2022,2,4421,MT,49.50909090909087,27.726012760682497,26.15108763528584,79.78339922955993,72.34988712744284,961.9313684106554,961.2153106847658,4.05,,2.86,371.8,4427.0,,3658649.0
2022,2,25455,GO,237.5454545454544,24.665129740925146,23.4255231313159,81.6136139387686,75.2196423207167,935.329921957619,934.7553157470564,20.75,,2.74,572.45,11792.0,,7056495.0
2022,2,5962,DF,1063.6000000000008,22.24779104477612,20.990328358208945,82.7155223880597,76.29134328358195,895.120776119402,894.5861791044777,487.44,,2.85,840.27,3349.0,,2817381.0
2022,3,2015,RO,405.9999999999996,25.263037091708995,24.292136011374986,85.26203707723704,82.34714413377907,973.1038007966832,972.431214634076,6.65,,2.85,177.11,4716.0,,1581196.0
2022,3,540,AC,309.39999999999986,25.34852150537632,24.21868279569892,92.53629032258078,87.60887096774194,989.7595430107536,989.0455645161288,5.06,,3.18,106.79,1039.0,,830018.0
2022,3,579,AM,174.28571428571422,26.55761224523445,25.554587461663363,86.21429892895739,82.32265826050974,1005.1911218115156,1004.44610754369,2.53,,3.65,236.84,5670.0,,3941613.0
2022,3,1,RR,0.0,28.128444444444444,26.99733333333333,,,1001.3399999999996,1000.6791111111112,2.84,,3.59,231.96,1054.0,,636707.0
2022,3,904,PA,344.23076923076894,26.115141371707967,25.03008018348519,87.86105853009822,82.56382190518184,990.13619414257,989.1698026383644,6.51,,3.32,105.58,17678.0,,8120131.0
2022,3,26,AP,,,,,,,,5.14,,3.65,128.13,526.0,,733759.0
2022,3,2935,TO,141.81428571428566,27.55519303105639,26.09951804683676,82.20029237795579,74.87622477345079,982.54610157064,981.588489515892,5.44,,2.94,567.44,1802.0,,1511460.0
2022,3,918,MA,212.35,27.01913652770667,25.871793533541123,84.16003790576174,79.27452983016732,1002.3366846819314,1001.6505653258556,20.42,,3.24,156.01,30044.0,,6776699.0
2022,3,4313,PI,136.91999999999996,27.442503610159505,26.166066693109087,79.14032440521832,73.21502987229705,977.026544320133,976.3898568602152,13.0,,3.05,274.11,7126.0,,3271199.0
2022,3,2773,CE,208.51999999999992,27.43542013109801,26.11073960619477,79.20565656698973,72.8294330478286,983.3923964963304,982.7576435109772,59.07,,2.91,318.83,10898.0,,8794957.0
2022,3,1734,RN,11.2,30.44379308729576,28.72206166877761,72.52790729364759,65.14642100626955,1001.6480277208984,1001.0208419261548,62.54,,2.89,321.33,2561.0,,3302729.0
2022,3,2582,PB,186.25714285714284,26.96821154365272,25.769275892041392,76.61442371951733,70.66286138749051,971.962704335575,971.398821502175,70.39,,2.9,349.52,4481.0,,3974687.0
2022,3,1502,PE,17.428571428571427,27.266948430724828,25.51213708055538,71.57008767282541,63.59461171067688,952.7228801675564,952.1364988313312,92.37,,2.84,284.44,5667.0,,9058931.0
2022,3,642,AL,198.3999999999999,27.26429633499244,26.13758023401488,73.18104914933829,66.15632951653944,991.401601735368,990.874908703748,112.31,,3.0,396.1,1797.0,,3127683.0
2022,3,103,SE,28.700000000000017,26.818819188191885,25.647601476014746,32.70553359683794,51.37351778656125,999.8969779870208,999.39235271663,100.83,,2.82,436.0,1562.0,,2210004.0
2022,3,5957,BA,100.4,26.153180856767108,24.811547153457663,74.68189587926734,67.95267313195544,965.5528272129328,965.025209886257,25.04,,2.78,367.31,11223.0,,14141626.0
2022,3,13045,MG,47.61379310344827,24.764418702305665,23.25272438829972,73.64324052075762,66.68243258193166,931.9484470611164,931.449003909172,35.02,,2.73,469.24,11439.0,,20539989.0
2022,3,916,RJ,122.47619047619044,25.60847615880585,24.32101737250431,79.70352408127526,73.3565141773972,979.4840215519392,979.0039942318048,366.71,,2.61,949.45,5964.0,,16055174.0
2022,3,60699,SP,126.91515151515152,25.637391082529287,24.184943926060505,76.47070595280894,69.1870105346056,946.2171181775824,945.6700833413432,178.92,,2.74,710.51,16365.0,,44411238.0
2022,3,29173,PR,175.19999999999996,23.943781727615903,22.619205557843728,80.56297386983897,74.2414381588733,942.281464675145,941.737761359419,57.42,,2.72,652.73,10913.0,,11444380.0
2022,3,16663,SC,233.6352941176469,21.041821006713302,19.968569542008645,85.78262098886134,80.9851651001454,938.4003712715324,937.868031083522,79.49,,2.71,532.8,5703.0,,7610361.0
2022,3,17089,RS,155.2820512820513,21.587820941514195,20.40896137656739,80.30488651883162,74.83440392090964,973.7567047543988,973.1783479615336,38.63,,2.56,622.64,7321.0,,10882965.0
2022,3,2455,MS,91.54285714285712,27.1523522761626,25.79702508098657,74.10592606881445,67.94972756701281,963.3581305086672,962.7564718005348,7.72,,2.81,682.25,3739.0,,2757013.0
2022,3,6355,MT,47.03529411764704,27.26042039999373,25.80576196613453,79.43553345440806,72.86148236002518,957.1678103374765,956.274769687893,4.05,,2.86,371.8,4427.0,,3658649.0
2022,3,43526,GO,150.54999999999998,25.36771901245393,23.98811186936993,76.20062316817295,69.39592808480505,935.0414657130844,934.4757187051836,20.75,,2.74,572.45,11792.0,,7056495.0
2022,3,12297,DF,488.79999999999967,23.143682795698915,21.557096774193543,75.24139784946253,67.63709677419341,895.321451612902,894.815779569893,487.44,,2.85,840.27,3349.0,,2817381.0
2022,4,2212,RO,131.30000000000004,26.242777777777786,25.08250000000001,78.70347222222222,75.1152777777778,973.6056249999998,973.0047916666664,6.65,,2.85,177.11,4716.0,,1581196.0
2022,4,357,AC,218.6,25.202638888888888,23.988611111111105,92.11388888888884,86.72777777777769,990.4802777777772,989.8112500000004,5.06,,3.18,106.79,1039.0,,830018.0
2022,4,458,AM,221.1,27.10222247843377,26.01599037616708,84.33672380694708,78.75069302681031,1006.0344767999616,1005.3029929136312,2.53,,3.65,236.84,5670.0,,3941613.0
2022,4,3,RR,,27.568333333333342,26.43708333333334,,,1001.6922222222224,1001.000972222222,2.84,,3.59,231.96,1054.0,,636707.0
2022,4,703,PA,219.09999999999988,26.585904375118144,25.43417279124768,87.17519273167412,81.8758192653199,989.826104885285,988.8817317040016,6.51,,3.32,105.58,17678.0,,8120131.0
2022,4,32,AP,312.1999999999999,26.00014924328988,25.118655584473508,89.22278292870546,82.09796860874081,1007.5402532160712,1006.9182069096598,5.14,,3.65,128.13,526.0,,733759.0
2022,4,3132,TO,59.57333333333335,27.94816112469957,26.54138139125705,79.76496081706385,72.95854030578715,982.4698611069492,981.59038395482,5.44,,2.94,567.44,1802.0,,1511460.0
2022,4,975,MA,263.1999999999998,27.105642859466368,25.962642947738463,83.48475268608719,78.73968095037458,1000.4976800527114,999.8565481179038,20.42,,3.24,156.01,30044.0,,6776699.0
2022,4,10128,PI,72.0,27.958729127909617,26.5604706255084,76.05608437584111,70.01771094236119,977.6479032274832,977.0283997273442,13.0,,3.05,274.11,7126.0,,3271199.0
2022,4,5893,CE,164.87999999999988,27.21330656895383,25.791255391679936,81.68673442164241,74.84006175481844,983.8308053689442,983.2112106349216,59.07,,2.91,318.83,10898.0,,8794957.0
2022,4,5088,RN,7.866666666666667,29.89713530692408,28.33948679504049,74.03722617060053,67.29954757103252,1002.2446049848636,1001.6418869879492,62.54,,2.89,321.33,2561.0,,3302729.0
2022,4,3754,PB,94.34999999999998,26.519875917507058,25.35041353251301,77.85238075012212,72.03208909257559,972.5501859428888,972.0115305195476,70.39,,2.9,349.52,4481.0,,3974687.0
2022,4,2451,PE,15.72,28.130943875723,26.424537467881965,65.85127084650628,58.7051039081674,959.4007149915944,958.8083621735612,92.37,,2.84,284.44,5667.0,,9058931.0
2022,4,2259,AL,109.3,27.12321419695449,26.018900395738928,68.52574356755053,61.51080926902196,991.884568781436,991.3623348223,112.31,,3.0,396.1,1797.0,,3127683.0
2022,4,311,SE,35.1,26.3198689956332,25.14978165938864,34.26144578313253,53.530120481927725,1000.8983525208416,1000.3979853116316,100.83,,2.82,436.0,1562.0,,2210004.0
2022,4,7965,BA,100.38399999999996,26.026175485289105,24.625703566572525,71.69413724273677,67.16540772366294,963.728880916814,963.1924667738366,25.04,,2.78,367.31,11223.0,,14141626.0
2022,4,24524,MG,34.814285714285724,23.754284138743778,22.266841263968868,73.63332779311436,67.12011610765708,934.0255838578312,933.5400058760126,35.02,,2.73,469.24,11439.0,,20539989.0
2022,4,1695,RJ,255.99047619047613,23.218994922566303,22.14601333410592,84.24382664650722,78.70253058280171,979.3380480480622,978.860626637312,366.71,,2.61,949.45,5964.0,,16055174.0
2022,4,110685,SP,51.06111111111112,23.606278534206183,22.18265061970173,74.0460018059711,67.73214178743675,948.439460257295,947.93490867421,178.92,,2.74,710.51,16365.0,,44411238.0
2022,4,59058,PR,105.37647058823532,20.820252766551167,19.615806131447005,81.27914526260413,75.97511517094517,941.0539596254872,940.5393859303736,57.42,,2.72,652.73,10913.0,,11444380.0
2022,4,32037,SC,116.23333333333336,18.461060978382225,17.492007956342917,84.3679770420875,79.75917910414957,939.9944070313904,939.4892794354106,79.49,,2.71,532.8,5703.0,,7610361.0
2022,4,29105,RS,185.01538461538465,18.85954912410305,17.752285489490294,82.08716471542361,77.0279148014313,973.360511053258,972.7830007946663,38.63,,2.56,622.64,7321.0,,10882965.0
2022,4,4897,MS,30.500000000000004,26.597799840536883,25.091500285691325,68.66824602969044,62.14224206621992,966.3134532261216,965.7551877155796,7.72,,2.81,682.25,3739.0,,2757013.0
2022,4,7885,MT,8.333333333333334,27.713463506542688,25.97750306003839,71.29381989336682,63.47298807095044,960.6409158736908,959.9391114601436,4.05,,2.86,371.8,4427.0,,3658649.0
2022,4,44409,GO,52.15833333333335,25.34552384866713,23.839397697471654,70.10054902587581,63.21765235840459,935.6135895415875,935.1274173698512,20.75,,2.74,572.45,11792.0,,7056495.0
2022,4,17613,DF,174.79999999999993,23.22197222222221,21.650611111111136,69.39611111111113,62.39249999999998,895.8624444444441,895.399638888889,487.44,,2.85,840.27,3349.0,,2817381.0
2022,5,1674,RO,29.4,25.34368279569892,24.08434139784948,69.51680107526889,65.7936827956989,975.7288978494618,975.2126344086016,6.65,,2.85,177.11,4716.0,,1581196.0
2022,5,353,AC,185.6,24.433198924731183,23.13682795698925,90.741935483871,85.26075268817209,992.7791666666672,992.1818548387098,5.06,,3.18,106.79,1039.0,,830018.0
2022,5,387,AM,160.42,27.38641524440685,26.325641087765124,81.9901315119693,77.16644608923524,1007.5805653027306,1006.9388490909708,2.53,,3.65,236.84,5670.0,,3941613.0
2022,5,4,RR,,26.23924731182793,25.25900537634409,,,1003.4881720430108,1002.8610215053762,2.84,,3.59,231.96,1054.0,,636707.0
2022,5,704,PA,145.77333333333326,26.79977509968508,24.836695293833824,82.85864922056116,76.90777342885652,991.7540582216462,990.9043671394494,6.51,,3.32,105.58,17678.0,,8120131.0
2022,5,30,AP,404.06666666666655,25.974910394265223,25.066308243727608,89.37341308927739,82.48360078251113,1008.5121863799284,1007.9213261648748,5.14,,3.65,128.13,526.0,,733759.0
2022,5,2893,TO,16.53846153846154,27.355755156990057,25.73189809109132,71.0871459481846,63.80037322698156,983.4803536721548,982.9507529660016,5.44,,2.94,567.44,1802.0,,1511460.0
2022,5,1325,MA,188.3555555555556,27.29479228629308,26.15312518690431,80.3789069913538,75.63511418673434,1002.2111049185652,1001.6317881861044,20.42,,3.24,156.01,30044.0,,6776699.0
2022,5,7790,PI,37.89999999999999,28.17428351123163,26.658681364686768,70.20065604166952,64.08405880635016,980.2949439928144,979.7141567760864,13.0,,3.05,274.11,7126.0,,3271199.0
2022,5,10776,CE,109.99999999999991,26.19650083987519,25.088493377807424,82.08451717268397,76.46023236396806,986.2807599377596,985.7357583292412,59.07,,2.91,318.83,10898.0,,8794957.0
2022,5,10065,RN,14.6,28.8605838416009,27.43895207611689,77.11725309560703,71.12024342681154,1004.024130510066,1003.4414446300416,62.54,,2.89,321.33,2561.0,,3302729.0
2022,5,6236,PB,236.42857142857144,25.83430913558885,24.69927744647688,82.31736286266357,77.7058848474121,974.391445922356,973.869430419877,70.39,,2.9,349.52,4481.0,,3974687.0
2022,5,3430,PE,11.333333333333334,26.857185300961326,25.27403712316115,69.71260853138551,63.08856613832766,961.4013819768032,960.8383440980156,92.37,,2.84,284.44,5667.0,,9058931.0
2022,5,7917,AL,366.0999999999998,25.44802979702679,24.589809032457755,79.94354838709673,74.98387096774185,994.195241910524,993.6959018480248,112.31,,3.0,396.1,1797.0,,3127683.0
2022,5,755,SE,83.80000000000007,25.178378378378387,24.06306306306305,62.92172211350295,56.336594911937325,991.7960360360364,991.3109909909908,100.83,,2.82,436.0,1562.0,,2210004.0
2022,5,7587,BA,56.53636363636364,24.81604123956185,23.323143054918443,71.58994529171207,64.79849296771279,965.0811277054244,964.5486332605572,25.04,,2.78,367.31,11223.0,,14141626.0
2022,5,23054,MG,26.575000000000003,20.15026215931948,18.6285927256962,71.96866659557571,65.69718619692205,935.0025633907242,934.5256755383692,35.02,,2.73,469.24,11439.0,,20539989.0
2022,5,3085,RJ,39.96190476190476,20.45909843840868,19.279613868095108,81.5732523157035,75.5622781457078,982.6311343079352,982.1446253989424,366.71,,2.61,949.45,5964.0,,16055174.0
2022,5,100220,SP,42.291891891891886,19.348775759681715,17.91295414796173,73.63464134519806,67.5693183122859,949.873665879821,949.383260344484,178.92,,2.74,710.51,16365.0,,44411238.0
2022,5,47238,PR,84.09411764705881,17.11612372992157,15.842538480468418,79.20482853995422,73.66524649919661,942.199917433569,941.714522842934,57.42,,2.72,652.73,10913.0,,11444380.0
2022,5,26667,SC,200.4777777777776,14.687108206555706,13.725848374740464,85.49039422895916,80.93750730234909,942.7617217371552,942.2267013629546,79.49,,2.71,532.8,5703.0,,7610361.0
2022,5,16696,RS,151.59,14.258763990312683,13.276443223847672,86.30120551427805,82.00149175040697,976.3376329298015,975.8056906619538,38.63,,2.56,622.64,7321.0,,10882965.0
2022,5,6023,MS,18.74000000000001,22.00147099808951,20.448591762820687,65.26734874598459,59.16173213778323,969.0516112861025,968.5107804862732,7.72,,2.81,682.25,3739.0,,2757013.0
2022,5,5764,MT,8.1,23.96589794970562,22.32593477366056,66.54240960590285,59.90208713031486,964.5269458639248,963.8547864449775,4.05,,2.86,371.8,4427.0,,3658649.0
2022,5,33255,GO,11.8,22.37486229228623,20.781304452687348,64.50155087483289,57.98543777810647,937.8765440912877,937.4148255652416,20.75,,2.74,572.45,11792.0,,7056495.0
2022,5,14388,DF,57.00000000000001,20.59513310029577,18.97442860984137,65.5627856950795,58.88437752083895,897.6395161290316,897.2114784946243,487.44,,2.85,840.27,3349.0,,2817381.0
2022,6,898,RO,30.5,25.05142464246424,23.995612623762376,75.37312981298126,72.19559955995595,975.1978066556652,974.7031277502748,6.65,,2.85,177.11,4716.0,,1581196.0
2022,6,173,AC,51.20000000000002,24.372817133443167,22.88253706754532,88.12355848434922,81.9654036243822,992.6691927512356,992.085831960461,5.06,,3.18,106.79,1039.0,,830018.0
2022,6,262,AM,164.0833333333333,26.713791059849942,25.636481603094843,83.30966947909197,78.20176210116372,1007.1728692030046,1006.5866236140618,2.53,,3.65,236.84,5670.0,,3941613.0
2022,6,7,RR,,26.15694444444444,25.008194444444445,,,1003.2180555555552,1002.5990277777784,2.84,,3.59,231.96,1054.0,,636707.0
2022,6,391,PA,92.46999999999996,26.788771134713823,25.55789547767556,80.97291479176982,75.33585093314457,995.7113844463414,994.941768880632,6.51,,3.32,105.58,17678.0,,8120131.0
2022,6,19,AP,152.33333333333326,25.993671652421654,25.006367521367515,87.8712962962963,79.87916666666669,1007.7113924501424,1007.1465811965812,5.14,,3.65,128.13,526.0,,733759.0
2022,6,1587,TO,19.18181818181818,27.309988070399967,25.44838650216468,66.79215128562869,59.47327906149132,985.9359971210392,985.4243339355902,5.44,,2.94,567.44,1802.0,,1511460.0
2022,6,955,MA,99.4,27.334694933035035,26.10258443861437,76.48363271530364,71.33829808092563,1002.0151917586224,1001.51199335404,20.42,,3.24,156.01,30044.0,,6776699.0
2022,6,4564,PI,16.74545454545455,27.62444404931209,26.046087249801765,64.01352672535882,58.13691195690812,979.3395055873428,978.8024202720876,13.0,,3.05,274.11,7126.0,,3271199.0
2022,6,9347,CE,57.75000000000001,26.405793609155527,25.116370323605835,74.4436826329546,68.17405558213134,985.3804673131297,984.8774588197537,59.07,,2.91,318.83,10898.0,,8794957.0
2022,6,10355,RN,55.8666666666667,27.69693044432171,26.367300699622568,75.70113573598452,70.03192641688915,1004.41962096106,1003.8875733376294,62.54,,2.89,321.33,2561.0,,3302729.0
2022,6,5183,PB,133.6285714285714,24.40311903763661,23.30918894500149,83.91142035924217,79.53677906823754,974.64222581754,974.1789186825118,70.39,,2.9,349.52,4481.0,,3974687.0
2022,6,2236,PE,96.17499999999984,23.35822699414728,22.215676812274783,81.60199289648092,76.43862692261273,956.2503071175582,955.7801128916536,92.37,,2.84,284.44,5667.0,,9058931.0
2022,6,8700,AL,273.1999999999998,23.85258577454855,23.02057529659767,89.86939197395324,85.21784663003451,998.6857922208922,997.8233934251112,112.31,,3.0,396.1,1797.0,,3127683.0
2022,6,1075,SE,96.90000000000003,24.651386481802447,23.630502599653376,76.94514462096782,71.0039676669658,1003.5897226744132,1003.1696651576308,100.83,,2.82,436.0,1562.0,,2210004.0
2022,6,3313,BA,28.954545454545467,23.543229637202465,22.009956255034734,69.98632701397152,63.27528826493655,964.1782810138044,963.6357260055456,25.04,,2.78,367.31,11223.0,,14141626.0
2022,6,7831,MG,3.3864406779661023,19.43295052654287,17.834249911430774,70.53244519328423,64.3820812500047,935.1701717186744,934.727958487079,35.02,,2.73,469.24,11439.0,,20539989.0
2022,6,1775,RJ,56.01904761904764,18.92258253466414,17.85276111946438,83.66919980412654,78.3583037894186,982.1055206442464,981.6466833828688,366.71,,2.61,949.45,5964.0,,16055174.0
2022,6,27903,SP,38.54857142857144,18.792138899152373,17.476522225769532,76.81734525547358,71.23004409964075,950.2118335460466,949.7327451096512,178.92,,2.74,710.51,16365.0,,44411238.0
2022,6,9944,PR,78.70666666666665,16.70103312992798,15.480448236775317,80.3655377277601,75.0079303412906,939.249163468856,938.7438701433472,57.42,,2.72,652.73,10913.0,,11444380.0
2022,6,6105,SC,150.85882352941175,13.67724202607422,12.680980728879897,84.75450024994537,80.07619695220701,944.6890532814604,944.119692793645,79.49,,2.71,532.8,5703.0,,7610361.0
2022,6,2437,RS,137.92857142857142,12.224495594528838,11.259969354303411,85.0290821903968,81.10685041270507,978.6949375589246,978.1088107902552,38.63,,2.56,622.64,7321.0,,10882965.0
2022,6,2543,MS,18.86,22.485962584111405,20.945694008596234,68.54045526348621,62.461604700452654,968.6483277258552,968.1004135921615,7.72,,2.81,682.25,3739.0,,2757013.0
2022,6,2311,MT,28.478260869565226,24.1263044568234,22.5003320949168,66.43225337724854,60.30333594076336,964.9024237040232,964.2618734638988,4.05,,2.86,371.8,4427.0,,3658649.0
2022,6,13509,GO,5.324999999999999,22.649599281509243,21.01968367897896,61.662506913064334,55.43767474692902,937.8686132662984,937.4217118486974,20.75,,2.74,572.45,11792.0,,7056495.0
2022,6,6198,DF,0.0,20.71278132814672,18.97379827729924,60.50152820227841,53.9619338705196,897.7392331203102,897.328980272297,487.44,,2.85,840.27,3349.0,,2817381.0
2022,7,657,RO,0.7,27.12406354662436,25.462706019742644,50.5793010752688,45.03360215053765,974.8878371232151,974.424963643575,6.65,,2.85,177.11,4716.0,,1581196.0
2022,7,145,AC,2.0,26.47604327666151,24.75425038639877,84.8933539412673,78.2272024729521,991.6289026275116,991.020092735704,5.06,,3.18,106.79,1039.0,,830018.0
2022,7,203,AM,83.20000000000002,27.52876042406184,26.3486006241322,80.4054008997687,74.93531606416488,1006.247282715947,1005.6941668111574,2.53,,3.65,236.84,5670.0,,3941613.0
2022,7,8,RR,,26.579301075268823,25.409946236559136,,,1003.3018817204302,1002.6810483870968,2.84,,3.59,231.96,1054.0,,636707.0
2022,7,276,PA,37.64444444444443,27.24946656891272,25.96323771860295,74.71535698230964,69.08045414079425,993.1067705909109,992.3204962132614,6.51,,3.32,105.58,17678.0,,8120131.0
2022,7,23,AP,232.79999999999995,26.645697285601905,25.560894199667807,86.63952268554945,81.3938390593584,1006.9920671605912,1006.4436008392338,5.14,,3.65,128.13,526.0,,733759.0
2022,7,744,TO,0.0266666666666666,26.284300473171267,24.368214423153105,58.382258725672585,51.3304519840914,977.3299409220734,976.843862786803,5.44,,2.94,567.44,1802.0,,1511460.0
2022,7,682,MA,32.41538461538462,27.625015626748468,26.128671005248048,68.56377599839924,62.93267672377964,998.2486040408378,997.7505394269532,20.42,,3.24,156.01,30044.0,,6776699.0
2022,7,1684,PI,4.4833333333333325,28.101922733284376,26.392264305361337,55.15412973788367,49.43204699652172,979.9279302971986,979.3866173645256,13.0,,3.05,274.11,7126.0,,3271199.0
2022,7,4765,CE,43.80000000000001,26.5424610178364,25.198449196228857,70.03636748420956,63.57245906250726,981.3221821984308,980.8157980847222,59.07,,2.91,318.83,10898.0,,8794957.0
2022,7,6200,RN,179.19999999999996,28.014180345840003,26.561196030021097,69.71351505503443,64.06477827346907,1005.2327624145248,1004.7095684308188,62.54,,2.89,321.33,2561.0,,3302729.0
2022,7,3998,PB,157.08571428571418,24.281818713696016,23.08794725880364,80.7902234495442,76.1509582451704,975.6832378853992,975.2362248808398,70.39,,2.9,349.52,4481.0,,3974687.0
2022,7,1445,PE,102.6499999999998,22.602214862510447,21.394512903016523,81.50544533157584,76.30273222190874,957.4162057897944,956.9643555497804,92.37,,2.84,284.44,5667.0,,9058931.0
2022,7,6476,AL,267.67999999999967,23.65601027092649,22.7105622807018,88.91142262387696,84.22839595507176,1003.3173345558243,1002.381157857269,112.31,,3.0,396.1,1797.0,,3127683.0
2022,7,1128,SE,154.50000000000003,24.02364732556942,22.962274768971795,76.51210457353217,69.91327655414821,1005.174248299495,1004.7643452196918,100.83,,2.82,436.0,1562.0,,2210004.0
2022,7,1710,BA,46.18333333333334,23.29615154090489,21.79989741105724,70.46864022540855,63.863675075587,965.7031002292256,965.1595044480982,25.04,,2.78,367.31,11223.0,,14141626.0
2022,7,2925,MG,2.396825396825396,20.210342334444483,18.51285194285653,65.24712833017497,59.08503745208889,936.0622616657954,935.6115113363328,35.02,,2.73,469.24,11439.0,,20539989.0
2022,7,924,RJ,22.62857142857144,20.2158422318588,18.8991390184746,79.37696046059642,73.42676157234307,981.5800146518704,981.1258296981192,366.71,,2.61,949.45,5964.0,,16055174.0
2022,7,10918,SP,7.176470588235294,20.54344908024452,18.90934291248108,64.92129521267394,58.79665374100108,950.22156165113,949.7619815687452,178.92,,2.74,710.51,16365.0,,44411238.0
2022,7,3716,PR,11.557142857142855,20.112049690974995,18.605865437889232,66.22604969969426,60.03840904123068,942.7853065266142,942.2984341999596,57.42,,2.72,652.73,10913.0,,11444380.0
2022,7,1579,SC,44.97500000000001,16.404481708170632,15.262657090421271,79.30761646482154,73.5395051553934,947.8170494356448,947.2300368410384,79.49,,2.71,532.8,5703.0,,7610361.0
2022,7,569,RS,126.345,16.09116657091869,15.048593168179266,83.3376781561152,78.83105685887064,975.6841672223748,975.085322126237,38.63,,2.56,622.64,7321.0,,10882965.0
2022,7,1708,MS,1.4200000000000002,24.99177144389004,23.211268361628665,51.87396863967542,45.95252177954946,968.1473000506254,967.5940321511052,7.72,,2.81,682.25,3739.0,,2757013.0
2022,7,1038,MT,0.1416666666666666,25.527834523958045,23.58502997614787,54.30103866550191,47.70639370517545,964.4688030605,963.813442366648,4.05,,2.86,371.8,4427.0,,3658649.0
2022,7,7098,GO,0.3,23.123759009646232,21.2763419662609,51.87215654590511,45.63404195833535,938.6761836421598,938.219158418519,20.75,,2.74,572.45,11792.0,,7056495.0
2022,7,2509,DF,0.0,20.39846609257267,18.6693218514532,54.884015069967646,48.94644779332618,898.8191603875133,898.3958288482246,487.44,,2.85,840.27,3349.0,,2817381.0
2022,8,437,RO,12.866666666666667,28.6372311827957,26.800044802867387,45.96908602150537,39.80846774193548,981.103270609319,980.5147401433694,6.65,,2.85,177.11,4716.0,,1581196.0
2022,8,91,AC,32.2,24.736962365591395,23.09166666666667,83.29301075268819,76.91935483870972,992.5670698924732,991.9043010752684,5.06,,3.18,106.79,1039.0,,830018.0
2022,8,165,AM,96.08571428571427,27.54420856047792,26.37160159826525,79.37801264863946,73.98612130113713,1006.1966429082267,1005.5826937973436,2.53,,3.65,236.84,5670.0,,3941613.0
2022,8,11,RR,,27.590591397849447,26.271774193548392,,,1002.9240591397848,1002.2829301075276,2.84,,3.59,231.96,1054.0,,636707.0
2022,8,174,PA,41.85882352941176,27.85361877225353,26.46265185929541,71.81742785104399,65.83106688430135,992.281452878466,991.7240326730264,6.51,,3.32,105.58,17678.0,,8120131.0
2022,8,25,AP,74.00000000000003,27.676379686137736,26.530365809357725,81.76030223772153,76.04188825922697,1006.7728149520487,1006.2077375762864,5.14,,3.65,128.13,526.0,,733759.0
2022,8,453,TO,0.1285714285714286,28.312127805734526,26.268760598607784,49.9235751188558,42.97514470128651,977.9052589242408,977.3415959602256,5.44,,2.94,567.44,1802.0,,1511460.0
2022,8,443,MA,13.94285714285714,27.99712381893022,26.4722120430415,62.303208393546576,56.682957777414686,996.6641748633516,996.1131521488838,20.42,,3.24,156.01,30044.0,,6776699.0
2022,8,736,PI,1.8823529411764703,28.49116729550797,26.74606484834524,50.45135749529081,44.80100395304238,980.816025527992,980.23250675369,13.0,,3.05,274.11,7126.0,,3271199.0
2022,8,3821,CE,6.850000000000001,27.11001593038522,25.647356697363044,62.88004031851705,56.62380387678051,983.95033203828,983.4058223613416,59.07,,2.91,318.83,10898.0,,8794957.0
2022,8,4481,RN,28.025000000000013,27.433506105899344,25.98578484106073,63.5508462946547,57.70363843104387,1005.226116655666,1004.4897576599302,62.54,,2.89,321.33,2561.0,,3302729.0
2022,8,2458,PB,51.057142857142885,24.467507346903847,23.157864174444818,75.39504202867509,70.2434344002988,976.0464011638682,975.5405990557276,70.39,,2.9,349.52,4481.0,,3974687.0
2022,8,1500,PE,42.56363636363639,23.352334855504555,22.045840060328786,72.35753402845472,66.90146920863873,961.9374045899876,961.4104660207198,92.37,,2.84,284.44,5667.0,,9058931.0
2022,8,3750,AL,124.71999999999986,23.410317624309343,22.45027229676244,85.18021163312953,80.02089561117803,1000.7357847627642,999.8118436676008,112.31,,3.0,396.1,1797.0,,3127683.0
2022,8,843,SE,65.80000000000003,24.06121243703318,22.8878584891982,74.11323694852383,67.51106753017724,1004.858840573427,1004.4245447845312,100.83,,2.82,436.0,1562.0,,2210004.0
2022,8,1391,BA,32.162962962962965,23.78546064359441,22.20643268501766,64.09491743929065,59.17695019875104,968.7665084988352,968.1726026996304,25.04,,2.78,367.31,11223.0,,14141626.0
2022,8,1618,MG,6.4593750000000005,21.06298159632717,19.4117915075127,59.64890428746638,53.776372647178064,935.395657812108,934.891007813142,35.02,,2.73,469.24,11439.0,,20539989.0
2022,8,624,RJ,73.38095238095238,19.726908959339667,18.556812561044453,78.0559643783531,72.33375628714103,985.617975320882,985.1102933294162,366.71,,2.61,949.45,5964.0,,16055174.0
2022,8,5863,SP,43.62285714285715,19.91761735375276,18.45659378524498,66.58299184312477,60.867567646875976,950.443254085443,949.900681833685,178.92,,2.74,710.51,16365.0,,44411238.0
2022,8,1233,PR,60.55,17.72398593338713,16.324288880575292,70.72630072692162,64.58897767879013,944.9568624913215,944.4197243462344,57.42,,2.72,652.73,10913.0,,11444380.0
2022,8,554,SC,176.71249999999998,14.672693272485729,13.588257409225022,80.39403007376735,74.40203739441345,949.2976548519264,948.7306630496174,79.49,,2.71,532.8,5703.0,,7610361.0
2022,8,209,RS,99.68780487804882,14.056762998488358,12.934326403088388,81.97100745912405,76.81838108635213,980.1019142947852,979.4809731312064,38.63,,2.56,622.64,7321.0,,10882965.0
2022,8,1092,MS,27.01176470588235,22.78690767754301,21.196362424758693,57.56168073986155,51.55981061533024,969.7101648045832,969.159126116886,7.72,,2.81,682.25,3739.0,,2757013.0
2022,8,673,MT,20.133333333333333,25.567447108840643,23.70613243036732,51.90811475863643,45.51802532283222,964.5780885461808,963.861853471576,4.05,,2.86,371.8,4427.0,,3658649.0
2022,8,5675,GO,2.0727272727272728,24.94011352956132,23.07462968032949,43.77810549539025,38.05370692277212,938.697320207215,938.1764254492044,20.75,,2.74,572.45,11792.0,,7056495.0
2022,8,1857,DF,0.2,22.34729766066148,20.568943264318367,45.89056197902668,40.49394998655546,898.0053777897275,897.525625168056,487.44,,2.85,840.27,3349.0,,2817381.0
2022,9,379,RO,20.866666666666674,30.454423216130248,28.83467063579207,41.61403508771929,36.81578947368419,980.22346485128,979.5537694491214,6.65,,2.85,177.11,4716.0,,1581196.0
2022,9,60,AC,12.699999999999998,27.384074770258984,25.85191677109441,73.66995614035083,66.9951649958229,991.3562745405178,990.6731208228904,5.06,,3.18,106.79,1039.0,,830018.0
2022,9,430,AM,72.67142857142856,28.48019709544568,27.21193461869667,76.5068543459715,70.73686514638598,1004.4688389671956,1003.8073041422524,2.53,,3.65,236.84,5670.0,,3941613.0
2022,9,1,RR,,28.272222222222243,26.84041666666669,,,1001.910138888889,1001.2215277777776,2.84,,3.59,231.96,1054.0,,636707.0
2022,9,157,PA,41.55,28.565334138092812,27.18735695921267,70.96143199362403,65.02077274722885,991.1399602210143,990.5116146469486,6.51,,3.32,105.58,17678.0,,8120131.0
2022,9,27,AP,40.4,28.577171664342163,27.35909053928404,76.82367212924225,71.05609309623424,1006.1911799744306,1005.612224837285,5.14,,3.65,128.13,526.0,,733759.0
2022,9,250,TO,36.400000000000006,29.55973326940657,27.604661449569026,52.24256623846168,45.42599479293566,975.3354529756416,974.7083351703544,5.44,,2.94,567.44,1802.0,,1511460.0
2022,9,318,MA,10.342857142857142,28.855416898792942,27.40464492417208,61.801553835017565,56.4574537667938,995.851895053131,995.241549159187,20.42,,3.24,156.01,30044.0,,6776699.0
2022,9,261,PI,16.423529411764708,30.037427091056788,28.17818526341054,46.450139574937936,40.65341937840299,977.8240416098114,977.1868823321216,13.0,,3.05,274.11,7126.0,,3271199.0
2022,9,1853,CE,2.872727272727273,27.90521987829522,26.44260455553268,63.29174088566169,57.17944796386319,981.722114224094,981.1552499027716,59.07,,2.91,318.83,10898.0,,8794957.0
2022,9,1888,RN,5.9,28.3126307867762,26.8525312607167,63.32295110209023,57.87309730080624,1004.6328569277864,1003.8623160592824,62.54,,2.89,321.33,2561.0,,3302729.0
2022,9,1514,PB,14.825,25.940834119479607,24.52305282394185,69.72564462690868,64.32685952121813,975.30492687252,974.7405950020494,70.39,,2.9,349.52,4481.0,,3974687.0
2022,9,751,PE,15.780000000000005,24.31668940821098,22.96497349255843,69.58161664147094,64.21104734043593,959.6199919485224,959.0806698713784,92.37,,2.84,284.44,5667.0,,9058931.0
2022,9,1892,AL,33.959999999999994,24.4225741280967,23.33563529190049,82.2256816907334,76.31437256334972,1001.6760014356076,1000.7336516199562,112.31,,3.0,396.1,1797.0,,3127683.0
2022,9,388,SE,16.849999999999998,24.07213354057336,22.91323780293089,74.33836233562572,68.57137938463401,992.4295574597828,991.9131367637942,100.83,,2.82,436.0,1562.0,,2210004.0
2022,9,858,BA,35.357575757575766,25.05077841865307,23.548368350038864,64.8845883990516,58.60895009685965,969.4271362821056,968.83206681663,25.04,,2.78,367.31,11223.0,,14141626.0
2022,9,1280,MG,49.74193548387097,22.82222982616369,21.289999554011995,61.54057734040863,55.96777698370741,933.414286281804,932.860352787586,35.02,,2.73,469.24,11439.0,,20539989.0
2022,9,379,RJ,156.08571428571426,19.82974891502249,18.79122893502416,78.61470570475755,73.79319031025312,983.7711109695292,983.2145972995244,366.71,,2.61,949.45,5964.0,,16055174.0
2022,9,3082,SP,112.95999999999998,20.201385112516927,18.90255987769763,72.36000401924329,67.09027384029304,949.26642652117,948.6279857300352,178.92,,2.74,710.51,16365.0,,44411238.0
2022,9,546,PR,181.5578947368421,17.378615546214483,16.224801457324684,76.8217193176049,71.17769573291814,940.9357684716877,940.2265959973208,57.42,,2.72,652.73,10913.0,,11444380.0
2022,9,286,SC,96.67777777777776,14.8433924388283,13.864400450451384,83.0855794042018,77.67878496262986,944.8032594699596,944.1841798770004,79.49,,2.71,532.8,5703.0,,7610361.0
2022,9,95,RS,67.73333333333335,15.130461957639046,13.991995763596162,79.95479012493175,74.5184063542092,978.4588924902122,977.8251579060008,38.63,,2.56,622.64,7321.0,,10882965.0
2022,9,836,MS,119.71111111111112,23.815475286007604,22.47111753384133,64.51654019343387,59.18785276107712,967.1192438587944,966.4717202428318,7.72,,2.81,682.25,3739.0,,2757013.0
2022,9,442,MT,38.08695652173914,27.837021117661408,26.18038563428325,54.85539874064223,49.01801378396792,963.98774658637,963.2024526866516,4.05,,2.86,371.8,4427.0,,3658649.0
2022,9,4730,GO,40.790000000000006,26.85648748681591,25.13532149499968,50.0439608279276,44.28866446308148,934.413490132528,933.8338699047714,20.75,,2.74,572.45,11792.0,,7056495.0
2022,9,2020,DF,198.20000000000005,24.13406499429875,22.408095781071843,50.99344355758272,45.14851767388826,896.4141391106035,895.8898232611187,487.44,,2.85,840.27,3349.0,,2817381.0
2022,10,427,RO,134.49999999999997,28.6880139671649,27.203663317814275,58.8636363636364,50.87272727272726,973.461749571183,972.700573388875,6.65,,2.85,177.11,4716.0,,1581196.0
2022,10,127,AC,201.89999999999992,26.834408602150543,25.450134408602132,83.94959677419352,77.5,990.953494623656,990.2147177419348,5.06,,3.18,106.79,1039.0,,830018.0
2022,10,973,AM,205.47142857142853,27.683612520703903,26.577048700977503,80.54499710296032,75.47532860705027,1003.9538083210474,1003.255071010644,2.53,,3.65,236.84,5670.0,,3941613.0
2022,10,9,RR,,28.48064516129031,27.136559139784964,,,1001.0564516129028,1000.3903225806444,2.84,,3.59,231.96,1054.0,,636707.0
2022,10,183,PA,91.8,28.551963162277566,27.27042535520116,73.68208435831896,67.82189854116962,990.2407236993504,989.5854362396344,6.51,,3.32,105.58,17678.0,,8120131.0
2022,10,18,AP,18.399999999999995,29.028761979897144,27.8205922744273,74.94460028050494,69.48845108695659,1005.0480320827488,1004.4423737727914,5.14,,3.65,128.13,526.0,,733759.0
2022,10,209,TO,67.525,29.05981825621776,27.4092740141656,65.0509150679523,57.9912384553528,973.924351544,973.2563652437684,5.44,,2.94,567.44,1802.0,,1511460.0
2022,10,270,MA,35.371428571428574,29.479374429434586,28.134480280701943,62.425422734159206,57.3925934169456,994.5300343686096,993.9021264442804,20.42,,3.24,156.01,30044.0,,6776699.0
2022,10,84,PI,30.46250000000001,30.91069091933219,29.18765509122345,49.33375938064441,43.59575212585632,977.7232847782208,977.0499748945568,13.0,,3.05,274.11,7126.0,,3271199.0
2022,10,885,CE,5.3,28.68382276682917,27.26002960222509,61.17308641553574,55.4197094789739,980.3659915930666,979.77071352361,59.07,,2.91,318.83,10898.0,,8794957.0
2022,10,783,RN,7.4,29.42549112824081,27.91249071972128,60.16423272251468,54.47022238938674,1002.6934663493575,1001.9273507328328,62.54,,2.89,321.33,2561.0,,3302729.0
2022,10,716,PB,12.124999999999996,27.17730719223995,25.766348012741528,67.25273778274934,61.85287316787885,974.0045370027558,973.4238218431536,70.39,,2.9,349.52,4481.0,,3974687.0
2022,10,684,PE,36.577777777777776,25.98956676579169,24.60059484468213,66.14978659785072,60.7868211177074,958.1641105170652,957.5997422480068,92.37,,2.84,284.44,5667.0,,9058931.0
2022,10,815,AL,19.53333333333333,26.09413022697599,24.94288098692915,78.09580927933966,72.29409443814481,1000.0713657395042,999.063434238858,112.31,,3.0,396.1,1797.0,,3127683.0
2022,10,260,SE,41.066666666666656,26.0703201956485,24.90350668951704,66.49804020705429,60.7296593817107,992.8923624299724,992.3497131445708,100.83,,2.82,436.0,1562.0,,2210004.0
2022,10,968,BA,46.3875,26.97711877029052,25.453689598879507,61.80052169364361,55.57840367278228,968.520510564788,967.8534467648186,25.04,,2.78,367.31,11223.0,,14141626.0
2022,10,1561,MG,102.82903225806452,24.543612723235032,23.07807821182936,66.28909947129623,59.91915595717689,932.070452802742,931.480055237027,35.02,,2.73,469.24,11439.0,,20539989.0
2022,10,454,RJ,78.5809523809524,23.103286335738723,22.05257751180768,80.58729707253868,75.41936296231398,981.1074408054884,980.5331954706936,366.71,,2.61,949.45,5964.0,,16055174.0
2022,10,3017,SP,123.12222222222226,23.056428902336734,21.728923871936143,74.56777791457168,68.30279629013484,947.2590520657424,946.6571852010492,178.92,,2.74,710.51,16365.0,,44411238.0
2022,10,554,PR,254.11,21.030292374179982,19.65970066990927,76.12392216326326,69.53719285625588,938.5192869237736,937.8793606762596,57.42,,2.72,652.73,10913.0,,11444380.0
2022,10,198,SC,197.81739130434767,18.457282121512577,17.384712417178488,83.59488930667389,78.16630708707957,941.1036353202464,940.480783909915,79.49,,2.71,532.8,5703.0,,7610361.0
2022,10,33,RS,116.4186046511628,17.842021396449894,16.665647869592778,78.75010664821694,73.12500706020006,975.4334378512,974.8051207795264,38.63,,2.56,622.64,7321.0,,10882965.0
2022,10,1136,MS,99.7333333333333,25.347499614871097,23.97101996775821,70.33685609859573,63.89437498565788,966.2932899984464,965.646529164894,7.72,,2.81,682.25,3739.0,,2757013.0
2022,10,487,MT,116.26666666666664,27.1306270829759,25.69878147145084,72.8900726873887,66.24934335924738,964.944307026572,964.1417315262504,4.05,,2.86,371.8,4427.0,,3658649.0
2022,10,3887,GO,81.67826086956524,26.54811521340232,25.01185768576828,61.31663126027996,54.54034761566598,933.3638176024932,932.7448646243464,20.75,,2.74,572.45,11792.0,,7056495.0
2022,10,1910,DF,207.4,24.73071192052986,23.096578366445915,56.65507726269321,50.00965783664456,895.5673289183213,894.9960816777048,487.44,,2.85,840.27,3349.0,,2817381.0
2022,11,1020,RO,154.60000000000002,27.091340782122927,25.82067039106144,,,1000.2237430167604,999.5601955307266,6.65,,2.85,177.11,4716.0,,1581196.0
2022,11,232,AC,180.7,26.05541666666667,24.64527777777777,82.13888888888894,75.44930555555555,991.1365277777776,990.434652777778,5.06,,3.18,106.79,1039.0,,830018.0
2022,11,627,AM,161.77142857142854,27.046805330707137,25.969018242622404,81.05858830611048,75.93167373205328,1003.9882194595708,1003.3200969705103,2.53,,3.65,236.84,5670.0,,3941613.0
2022,11,10,RR,,27.577990430622,26.43157894736841,,,1001.0910685805424,1000.4220095693776,2.84,,3.59,231.96,1054.0,,636707.0
2022,11,276,PA,176.34285714285707,27.723812706099288,26.53777416897311,79.26495907988446,73.48500793022286,993.6942284868272,993.037622366617,6.51,,3.32,105.58,17678.0,,8120131.0
2022,11,15,AP,100.0,27.80349681303116,26.66848304217815,80.71307247403212,75.28316414856776,1004.9277844664772,1004.329476707586,5.14,,3.65,128.13,526.0,,733759.0
2022,11,355,TO,211.9375,26.39010710745765,25.084564479326964,81.79920963892134,75.36396858821219,974.4214272879937,973.764613393234,5.44,,2.94,567.44,1802.0,,1511460.0
2022,11,250,MA,186.59999999999988,27.487034863657133,26.38300095545089,75.9086894022729,71.03185139474971,993.7605021172996,993.1332505176016,20.42,,3.24,156.01,30044.0,,6776699.0
2022,11,231,PI,114.9,27.84652282716785,26.600580358789543,72.89056781776596,67.03203907521964,977.973600220444,977.3629493188828,13.0,,3.05,274.11,7126.0,,3271199.0
2022,11,764,CE,71.29090909090911,27.572704327040377,26.293202566900607,68.00203065411773,62.11205492067359,981.2740690556165,980.704110494285,59.07,,2.91,318.83,10898.0,,8794957.0
2022,11,674,RN,9.82857142857143,29.31607801932844,27.86081607218296,64.24408346050384,58.41043277029879,1001.7701922897248,1001.0202108133988,62.54,,2.89,321.33,2561.0,,3302729.0
2022,11,496,PB,62.47500000000001,26.99096810596745,25.64507795213305,72.6774694762961,67.14561735978783,972.7646930021424,972.2167336545608,70.39,,2.9,349.52,4481.0,,3974687.0
2022,11,652,PE,143.17499999999998,26.00767775707408,24.77413611760071,73.37194287032669,67.61809920488,960.8508887282296,960.3127593024718,92.37,,2.84,284.44,5667.0,,9058931.0
2022,11,446,AL,104.60000000000002,26.814552051749303,25.72181712523041,79.40971858086131,74.02645995820829,997.9054287766088,996.9442446407378,112.31,,3.0,396.1,1797.0,,3127683.0
2022,11,162,SE,136.30000000000004,26.3269377437329,25.22193297692553,77.72013828667512,71.55661957416278,988.153313140439,987.6074262546266,100.83,,2.82,436.0,1562.0,,2210004.0
2022,11,978,BA,223.374193548387,25.265415349542256,24.06943571765529,76.49708831358895,70.38674849220465,967.0585966287042,966.4300152798198,25.04,,2.78,367.31,11223.0,,14141626.0
2022,11,2271,MG,211.9032258064516,22.54676058030393,21.249885535101143,76.94046646259964,70.51491746776128,930.6386109427434,930.0578290651688,35.02,,2.73,469.24,11439.0,,20539989.0
2022,11,458,RJ,280.49523809523794,21.95018869021137,20.891563965241108,82.29796772369569,77.05296244475086,980.3871836997928,979.8523296615851,366.71,,2.61,949.45,5964.0,,16055174.0
2022,11,3398,SP,120.60540540540538,21.96160584747464,20.5303152207304,71.65347394345542,65.2688253805819,946.8779784136674,946.3277478479436,178.92,,2.74,710.51,16365.0,,44411238.0
2022,11,757,PR,97.4285714285714,21.360606189011605,19.84619277473932,67.69787618711385,60.66462379395114,936.3007780890712,935.7747233298724,57.42,,2.72,652.73,10913.0,,11444380.0
2022,11,92,SC,141.74166666666665,18.774785354481345,17.517897439665948,75.37543672346926,69.09341941614684,943.3487463865584,942.8734362657012,79.49,,2.71,532.8,5703.0,,7610361.0
2022,11,65,RS,55.44999999999999,20.58499525955938,19.21610965677413,69.60631937751018,63.30070644228875,977.198018019988,976.713549636244,38.63,,2.56,622.64,7321.0,,10882965.0
2022,11,2554,MS,81.67272727272726,24.757338254119528,23.1633546538166,60.34296646529946,53.73248573565536,965.1584691217377,964.5844828766426,7.72,,2.81,682.25,3739.0,,2757013.0
2022,11,956,MT,120.45,26.408789860404315,24.685442926651955,71.60670009009162,64.98549656262914,964.8401995606266,964.105127250665,4.05,,2.86,371.8,4427.0,,3658649.0
2022,11,4491,GO,147.34545454545452,24.6562433646064,23.185435285168392,72.56522008291152,65.5896630734476,932.5570043756456,931.936940758133,20.75,,2.74,572.45,11792.0,,7056495.0
2022,11,1710,DF,1582.2000000000016,21.976573634204254,20.53669833729217,79.2565320665083,72.14726840855089,894.2510391923997,893.6640926640928,487.44,,2.85,840.27,3349.0,,2817381.0
2022,12,2164,RO,211.20000000000005,26.674424898511493,25.54776725304465,,,999.693640054128,998.9906630581864,6.65,,2.85,177.11,4716.0,,1581196.0
2022,12,325,AC,371.6999999999998,26.11875,24.899596774193554,87.18212365591404,81.55645161290326,990.2267473118278,989.5182123655912,5.06,,3.18,106.79,1039.0,,830018.0
2022,12,640,AM,330.0714285714285,26.766612140881232,25.72166684267197,84.8097960958067,79.91321417938515,1003.9193711726992,1003.2287038751048,2.53,,3.65,236.84,5670.0,,3941613.0
2022,12,5,RR,50.6,27.17948717948717,25.996086369770588,71.80255681818171,66.41193181818178,1001.2804500703234,999.5707454289726,2.84,,3.59,231.96,1054.0,,636707.0
2022,12,341,PA,182.64285714285708,27.04998018388352,25.92239795676614,83.01918234989736,77.60851144747383,993.8960371095312,993.2523913064908,6.51,,3.32,105.58,17678.0,,8120131.0
2022,12,22,AP,226.7,26.536545901181167,25.51179035567713,85.98222625509325,81.0637705382228,1004.9296068502416,1004.3409157436432,5.14,,3.65,128.13,526.0,,733759.0
2022,12,460,TO,250.37499999999983,25.9687977071892,24.745363739681547,85.7996196363445,79.50253284796237,974.3173509490584,973.6913586253994,5.44,,2.94,567.44,1802.0,,1511460.0
2022,12,190,MA,142.58461538461538,27.415520411000305,26.26266642851092,77.2601530051269,72.19741016537964,993.6188177774834,992.9895121915896,20.42,,3.24,156.01,30044.0,,6776699.0
2022,12,115,PI,110.2705882352941,27.69496778416972,26.443419759417186,74.64223347561986,68.52625598063149,977.3045778586276,976.7189866055264,13.0,,3.05,274.11,7126.0,,3271199.0
2022,12,521,CE,37.290909090909096,27.780533167649622,26.46176047342476,67.35663735243418,61.32199971469696,981.1147907548944,980.5646223685808,59.07,,2.91,318.83,10898.0,,8794957.0
2022,12,344,RN,10.571428571428571,29.3616508192815,27.8711645878284,64.40241290061405,58.28694205437933,1002.942390979128,1002.1906653375016,62.54,,2.89,321.33,2561.0,,3302729.0
2022,12,291,PB,28.599999999999994,27.017421098883773,25.6474855316356,71.76694309057493,65.95565445130424,972.6863828656597,972.1577891207138,70.39,,2.9,349.52,4481.0,,3974687.0
2022,12,495,PE,86.82500000000002,26.17089834409963,24.794009019141072,72.60998338774473,66.14343464389133,960.7186921956392,960.2100515651928,92.37,,2.84,284.44,5667.0,,9058931.0
2022,12,273,AL,41.400000000000006,27.42639545951373,26.245977703799262,77.87601181430422,71.90101047892793,997.711562263618,996.7688059803112,112.31,,3.0,396.1,1797.0,,3127683.0
2022,12,166,SE,22.35,26.47177506633151,25.38261719205559,72.71663002311638,66.82996936602173,988.008358644044,987.4999249406504,100.83,,2.82,436.0,1562.0,,2210004.0
2022,12,1197,BA,186.66666666666657,25.454001429045007,24.260671729955305,80.2319847708123,74.1652579963323,968.342509294278,967.7409741232703,25.04,,2.78,367.31,11223.0,,14141626.0
2022,12,4645,MG,318.8548387096772,22.94019502382463,21.795649984641628,83.5854154663583,77.65260119537909,929.7806312940656,929.2465595842584,35.02,,2.73,469.24,11439.0,,20539989.0
2022,12,527,RJ,278.00952380952367,23.45819828733882,22.438066045899888,82.89204054192372,77.84827264863473,978.0227656674284,977.5361509841198,366.71,,2.61,949.45,5964.0,,16055174.0
2022,12,4707,SP,249.6,23.59885588864595,22.358693210205075,81.1517562426728,74.93106640524012,944.682245765536,944.1334402521088,178.92,,2.74,710.51,16365.0,,44411238.0
2022,12,1055,PR,134.32173913043474,23.7450279280834,22.325346380223365,78.2127964874381,71.2436760216843,938.0951940810444,937.5548523780276,57.42,,2.72,652.73,10913.0,,11444380.0
2022,12,207,SC,217.0,21.811274459618744,20.60114387098995,80.03625610432749,73.97425181867953,939.827639943278,939.3229182700668,79.49,,2.71,532.8,5703.0,,7610361.0
2022,12,97,RS,73.89302325581396,23.681941065892115,22.256237999356745,70.96418344913718,64.62565820374698,973.0966290174196,972.591275175276,38.63,,2.56,622.64,7321.0,,10882965.0
2022,12,1987,MS,154.3238095238095,26.554021429863752,25.20196393577365,75.4778210675625,68.89442891245085,962.1752412094812,961.57776892434,7.72,,2.81,682.25,3739.0,,2757013.0
2022,12,1254,MT,273.8133333333332,25.294457582376623,24.17594583668001,84.57032139250563,79.21288811680955,964.3447765827328,963.6091008367669,4.05,,2.86,371.8,4427.0,,3658649.0
2022,12,5555,GO,245.57272727272715,24.373660303163177,23.13432910215612,82.1714204313537,75.83156822681444,931.9350494599632,931.3460373997524,20.75,,2.74,572.45,11792.0,,7056495.0
2022,12,3001,DF,1721.6000000000042,21.764139693356093,20.57671777399204,84.38500851788761,78.30340909090911,893.8639204545467,893.3215909090906,487.44,,2.85,840.27,3349.0,,2817381.0
2023,1,2844,RO,30.2,26.418181818181825,25.21688311688312,,,1000.7493506493508,1000.0805194805196,0.2,2.15,2.41,123.25,4584.0,1193713.0,1661549.0
2023,1,562,AC,243.79999999999995,25.62822580645161,24.471505376344087,88.38642473118281,82.80309139784944,991.7067204301072,991.0130376344084,3.6,2.65,2.97,61.67,1340.0,602647.0,854943.0
2023,1,767,AM,362.22857142857146,25.81649657794276,24.87006320420221,87.09731801932801,82.41028515334345,1005.5251493992412,1004.8349162422128,25.03,2.76,3.35,201.77,6557.0,2942186.0,4107635.0
2023,1,6,RR,85.8,27.31209677419355,26.132661290322584,67.38306451612902,62.28225806451612,1002.5875507442493,1001.6286874154262,0.43,3.3,3.8,232.65,976.0,496443.0,675535.0
2023,1,692,PA,216.88,26.420382497220487,25.30077712893985,85.26149142345632,79.80402448663072,995.6243777793364,994.9523301979,37.39,2.54,3.06,94.43,18503.0,5288656.0,8387422.0
2023,1,63,AP,231.6,25.992554625269552,25.049559000425408,87.81440794202643,83.31508456923234,1006.147784641846,1005.5377970558465,0.62,2.67,2.88,87.59,635.0,662690.0,767508.0
2023,1,379,TO,170.89333333333337,26.034957684883523,24.703621610666385,85.16564039627792,78.47571841189102,975.538449364707,974.8884133691724,10.81,2.32,2.77,408.26,946.0,1103082.0,1543971.0
2023,1,328,MA,188.1090909090909,26.721689768147343,25.564132605531093,80.41056471499476,75.56695340004323,994.693638389312,994.0633540435628,24.82,2.43,3.0,112.04,30219.0,4064309.0,6892750.0
2023,1,287,PI,127.93333333333332,27.013612899801903,25.756156865487377,77.55082364440491,71.06010914798172,978.8072593453194,978.1991133838844,10.01,2.75,2.96,198.74,5671.0,2118185.0,3322964.0
2023,1,646,CE,136.14,27.205573523188928,25.97085711715858,71.50070445936984,65.4036773813501,981.8687113980131,981.3104107105828,35.81,2.57,2.74,270.49,9605.0,6664358.0,9011405.0
2023,1,440,RN,15.066666666666666,29.79694161159038,28.23016820814772,64.4599775846838,58.0587227939117,1000.2903192597904,999.6452779168638,22.66,2.46,2.69,272.32,1845.0,2542810.0,3373553.0
2023,1,404,PB,49.75,27.305054010213883,25.92966139843936,72.29593818907942,66.54117028429835,973.1775302272592,972.643692778478,76.86,2.58,2.76,283.52,3509.0,2956510.0,4058836.0
2023,1,277,PE,27.825000000000003,26.5955125970686,25.1715099184778,70.78336269403701,64.38900068343025,961.3623701456391,960.844806309684,164.62,2.4,2.64,258.28,5748.0,7202850.0,9295622.0
2023,1,225,AL,25.28,27.86797569074749,26.621427598043407,71.83228566930129,65.90982212072589,998.5059110220436,997.5305222803048,32.36,2.56,2.73,268.99,1133.0,2350780.0,3173527.0
2023,1,169,SE,33.400000000000006,27.056520361285617,25.832654216185627,75.42474022373305,61.32717193451951,988.9387014423188,988.43832968636,80.79,2.44,2.63,292.69,1308.0,1654067.0,2249884.0
2023,1,3259,BA,110.25517241379308,26.19488079692017,24.84336500224733,77.26135748871684,70.71743544741328,969.3368599698732,968.7549284136852,661.15,2.52,2.64,307.8,12306.0,10218797.0,14491372.0
2023,1,14851,MG,353.4310344827587,23.442880354128,22.216235965053546,83.61279331738696,77.34407760628099,931.1308072864988,930.5910456262188,37.06,2.53,2.63,472.37,18541.0,17660995.0,20927216.0
2023,1,1216,RJ,315.7714285714286,24.512765494246004,23.42286112609996,83.41505441336196,78.43803787977582,978.7040598969802,978.2064232848452,360.77,2.39,2.47,732.15,7414.0,15653162.0,16626981.0
2023,1,13158,SP,270.0764705882353,23.713843781658305,22.499755913461108,83.54044605120275,77.34232167069835,945.8483996207128,945.2944420983451,1032.06,2.54,2.59,704.62,17415.0,42897042.0,45185130.0
2023,1,2111,PR,176.57391304347829,23.774246086346466,22.375470866637365,79.7577691916407,72.86029698132663,939.2864334838844,938.733100681534,46.86,2.61,2.73,609.29,12406.0,9910156.0,11632650.0
2023,1,290,SC,198.0833333333333,22.525423451879465,21.286559495864456,80.95290571047197,74.73475238778953,940.6853992023566,940.172829956234,39.29,2.73,2.88,400.81,6646.0,6540667.0,7830668.0
2023,1,62,RS,68.8418604651163,25.43892836482756,23.903030874885708,69.99640701657061,63.28689289887081,974.4042897063096,973.8921287829615,115.47,2.41,2.48,483.23,6482.0,9358728.0,11054995.0
2023,1,2543,MS,217.93636363636364,25.839473540624063,24.519926832367812,79.4094922252038,73.02787299300662,964.4359149642576,963.8309970749452,10.04,2.56,2.75,589.09,4839.0,2375029.0,2828430.0
2023,1,2246,MT,296.22580645161287,24.903530747339648,23.74317189436801,83.29096629685861,79.43328281761745,965.578195757182,964.8343669412152,10.49,2.67,2.96,314.25,4566.0,2984910.0,3746025.0
2023,1,5920,GO,275.6285714285714,24.027560197261128,22.76332100434044,83.85135377735912,77.475888812826,933.2874778347374,932.6999286742082,7.97,2.53,2.65,514.71,6266.0,6445572.0,7201648.0
2023,1,2803,DF,940.8,21.961871702304908,20.57817272979727,83.12552068869758,76.3274090530408,895.2428849902533,894.6901698691172,8.52,2.52,2.55,784.88,3433.0,2748390.0,2898920.0
2023,2,2475,RO,,,,,,,,0.2,2.15,2.41,123.25,4584.0,1193713.0,1661549.0
2023,2,793,AC,288.2,25.58251488095238,24.481547619047618,89.90178571428572,84.5453869047619,991.8839285714288,991.1896577380952,3.6,2.65,2.97,61.67,1340.0,602647.0,854943.0
2023,2,859,AM,378.5,26.08920934938439,25.124123421405383,87.40446218117992,82.7796415591937,1005.2025184579312,1004.5143480029698,25.03,2.76,3.35,201.77,6557.0,2942186.0,4107635.0
2023,2,11,RR,53.6,27.55907738095238,26.47440476190476,66.0014880952381,61.47619047619048,1002.2628185907046,1001.2559220389804,0.43,3.3,3.8,232.65,976.0,496443.0,675535.0
2023,2,825,PA,301.6,26.476296492059948,25.38715343339611,86.71683404399768,81.4821716388262,995.4572125410832,994.771876576071,37.39,2.54,3.06,94.43,18503.0,5288656.0,8387422.0
2023,2,68,AP,283.0,25.67155250363504,24.828619933660487,90.03859619229371,86.00967716284987,1006.0000940567068,1005.3937687431842,0.62,2.67,2.88,87.59,635.0,662690.0,767508.0
2023,2,428,TO,113.14444444444445,26.736685487082628,25.288078351303035,84.07750264087268,76.84955733152054,976.736458656825,976.0787692211138,10.81,2.32,2.77,408.26,946.0,1103082.0,1543971.0
2023,2,649,MA,168.54,26.683345978540025,25.58939378543897,81.67922663875144,77.15514290422519,994.7674816788012,994.1353734213584,24.82,2.43,3.0,112.04,30219.0,4064309.0,6892750.0
2023,2,650,PI,127.29333333333332,26.842118412469247,25.60351705298085,77.8768319112718,71.08001473540675,977.3060670734976,976.7009073894176,10.01,2.75,2.96,198.74,5671.0,2118185.0,3322964.0
2023,2,1027,CE,145.01999999999998,26.87237484375684,25.70944440821854,74.97609518713236,68.40759848642335,979.8726875795649,979.3023185364526,35.81,2.57,2.74,270.49,9605.0,6664358.0,9011405.0
2023,2,477,RN,37.28,29.97097933612184,28.49194147039897,65.5868096037821,59.191842406939,1000.0641773385012,999.3927825627536,22.66,2.46,2.69,272.32,1845.0,2542810.0,3373553.0
2023,2,484,PB,63.525,27.42958630656551,26.133925587816524,73.54125980976208,67.98201886690852,973.0211539791834,972.4782895027224,76.86,2.58,2.76,283.52,3509.0,2956510.0,4058836.0
2023,2,439,PE,37.85,27.07043812172681,25.66504023037225,68.85213319113637,62.769386398728365,961.310549263434,960.7717219591595,164.62,2.4,2.64,258.28,5748.0,7202850.0,9295622.0
2023,2,237,AL,20.5,27.836986023362293,26.666588572092667,73.29507906647582,67.55633827555175,998.6068796217372,997.6188585369893,32.36,2.56,2.73,268.99,1133.0,2350780.0,3173527.0
2023,2,229,SE,57.0,27.41856527469909,26.191024689815382,76.50523172408322,66.15566790926363,989.1468711001056,988.6526849680222,80.79,2.44,2.63,292.69,1308.0,1654067.0,2249884.0
2023,2,4934,BA,49.0,27.13611181278416,25.70092548648736,72.44763049163222,65.88001579659404,971.1948011289124,970.6522436583996,661.15,2.52,2.64,307.8,12306.0,10218797.0,14491372.0
2023,2,41472,MG,106.43728813559322,24.88522942900889,23.428799531282923,76.69970090100753,69.60456922405709,931.7232392101376,931.1878660773344,37.06,2.53,2.63,472.37,18541.0,17660995.0,20927216.0
2023,2,2799,RJ,235.54285714285712,25.75614857406763,24.51493927188272,80.0589281127448,73.02086007909517,979.212322196629,978.6691524526352,360.77,2.39,2.47,732.15,7414.0,15653162.0,16626981.0
2023,2,33877,SP,259.16470588235296,24.1637106244448,22.950737347463217,84.42372998486891,77.9915776664282,946.799606774639,946.2327858035646,1032.06,2.54,2.59,704.62,17415.0,42897042.0,45185130.0
2023,2,7409,PR,208.04545454545453,23.106733210639945,21.806797603055944,83.4763824438185,77.0692512367303,939.9934107941888,939.4449726132694,46.86,2.61,2.73,609.29,12406.0,9910156.0,11632650.0
2023,2,2050,SC,190.46666666666664,21.9584968920477,20.78387872226917,82.43208104525306,76.49974276936125,940.8182456842568,940.323231148337,39.29,2.73,2.88,400.81,6646.0,6540667.0,7830668.0
2023,2,430,RS,87.7906976744186,24.00159838573999,22.54339311330479,72.17517737760777,65.69216573991442,974.876715921413,974.3636740828204,115.47,2.41,2.48,483.23,6482.0,9358728.0,11054995.0
2023,2,5856,MS,243.59090909090912,25.238899087517385,24.01215823272846,81.97334276052996,75.67956652158288,967.2109012138836,966.5949741847428,10.04,2.56,2.75,589.09,4839.0,2375029.0,2828430.0
2023,2,3695,MT,201.08275862068965,25.631059587984858,24.391859656662795,81.51815438627327,75.425970793871,966.4203930587338,965.6554419022052,10.49,2.67,2.96,314.25,4566.0,2984910.0,3746025.0
2023,2,7477,GO,150.65714285714284,25.44372781677428,24.019208197384746,78.3166960887305,71.2121276246318,933.7615753095308,933.1707089238467,7.97,2.53,2.65,514.71,6266.0,6445572.0,7201648.0
2023,2,3378,DF,555.5999999999999,23.55462962962964,22.00182098765432,75.4222222222222,67.675,895.6210558814449,895.0801790676135,8.52,2.52,2.55,784.88,3433.0,2748390.0,2898920.0
2023,3,2292,RO,3.6000000000000005,27.66707317073171,26.379268292682926,,,1001.3085365853658,1000.5817073170732,0.2,2.15,2.41,123.25,4584.0,1193713.0,1661549.0
2023,3,1102,AC,433.8,25.72452956989247,24.643077956989245,90.5752688172043,85.36223118279571,991.713373655914,991.017069892473,3.6,2.65,2.97,61.67,1340.0,602647.0,854943.0
2023,3,602,AM,292.0857142857143,26.54084857161985,25.607210944374746,86.34200404305489,81.77229269949083,1005.623337235434,1004.9182128574346,25.03,2.76,3.35,201.77,6557.0,2942186.0,4107635.0
2023,3,5,RR,8.4,28.982930107526883,27.719220430107526,57.33333333333333,52.674731182795696,1002.2345945945946,1001.4060810810812,0.43,3.3,3.8,232.65,976.0,496443.0,675535.0
2023,3,1000,PA,351.96000000000004,26.555312889884053,25.461856755649457,87.02943348677577,81.85520883535689,995.1154363189588,994.4252957890984,37.39,2.54,3.06,94.43,18503.0,5288656.0,8387422.0
2023,3,85,AP,317.80000000000007,25.995249363811546,25.06372668534781,88.61434016592382,84.1680420105026,1006.3289713053264,1005.7198978053336,0.62,2.67,2.88,87.59,635.0,662690.0,767508.0
2023,3,601,TO,241.3,26.106263255427848,24.89736511442955,86.20254345751725,80.03874076811587,976.762677149233,976.120452687477,10.81,2.32,2.77,408.26,946.0,1103082.0,1543971.0
2023,3,1321,MA,364.00000000000006,26.210973226860848,25.164858630380163,84.90722982579717,80.53640541146389,994.794544508658,994.1585364417916,24.82,2.43,3.0,112.04,30219.0,4064309.0,6892750.0
2023,3,1479,PI,207.22105263157889,26.53874966865352,25.39120238216965,81.03424425746077,74.99023094768755,979.9284905346832,979.3070476772,10.01,2.75,2.96,198.74,5671.0,2118185.0,3322964.0
2023,3,2390,CE,291.9230769230769,25.92713530401476,24.828432397001656,80.89894731293123,74.61144515690142,978.7349434243044,978.1592967201688,35.81,2.57,2.74,270.49,9605.0,6664358.0,9011405.0
2023,3,790,RN,142.32,28.74887249339386,27.39410060640467,72.83483229896693,66.43470912778875,1000.3541862839522,999.6925090204004,22.66,2.46,2.69,272.32,1845.0,2542810.0,3373553.0
2023,3,994,PB,148.42222222222222,26.49926479558556,25.363069179315424,77.43217792721764,71.6694717746087,973.762713842684,973.2130019866154,76.86,2.58,2.76,283.52,3509.0,2956510.0,4058836.0
2023,3,1337,PE,132.55555555555554,26.48766985813705,25.208804660528266,71.6357972058821,65.76418995130751,960.982391879106,960.4350347379312,164.62,2.4,2.64,258.28,5748.0,7202850.0,9295622.0
2023,3,390,AL,57.14999999999999,27.822842335694347,26.636959312439107,73.47909506783388,67.62534979955228,998.5683603133876,997.56542189196,32.36,2.56,2.73,268.99,1133.0,2350780.0,3173527.0
2023,3,298,SE,106.59999999999998,26.793813521873624,25.6610205831904,73.99772708842265,67.69843536630097,989.114655600972,988.6012027728676,80.79,2.44,2.63,292.69,1308.0,1654067.0,2249884.0
2023,3,5913,BA,96.59285714285714,26.682429081678904,25.29572949516396,74.3902333087727,68.1830790892185,969.96105388308,969.393703467584,661.15,2.52,2.64,307.8,12306.0,10218797.0,14491372.0
2023,3,91933,MG,74.3174603174603,24.65069284478136,23.15829785423496,73.87291911266942,67.01854942011815,932.0589522363103,931.5528014068632,37.06,2.53,2.63,472.37,18541.0,17660995.0,20927216.0
2023,3,6655,RJ,116.55238095238096,25.25428837586714,24.00738515883248,80.07422627772347,74.62276421250701,980.7979722107524,980.3318529173644,360.77,2.39,2.47,732.15,7414.0,15653162.0,16626981.0
2023,3,83978,SP,185.42352941176472,24.446770585281016,23.142660141726555,81.28636672677595,74.46418615085175,947.917488435176,947.3714073874416,1032.06,2.54,2.59,704.62,17415.0,42897042.0,45185130.0
2023,3,37610,PR,114.22727272727272,24.292222618847003,22.87044669183252,80.0275859111206,73.45989790559763,941.211583773073,940.6681438093484,46.86,2.61,2.73,609.29,12406.0,9910156.0,11632650.0
2023,3,18890,SC,176.64166666666668,22.41280065112899,21.261179386260523,83.61960551014846,75.76871957355222,942.58756816439,942.0888117041376,39.29,2.73,2.88,400.81,6646.0,6540667.0,7830668.0
2023,3,4195,RS,124.80952380952378,24.421876332946507,23.15362957972852,79.9093383866534,74.14038551521142,976.2848778536533,975.7839369650015,115.47,2.41,2.48,483.23,6482.0,9358728.0,11054995.0
2023,3,11657,MS,179.24166666666667,26.02478126353152,24.70112477783842,79.89443824263964,73.14006602841165,967.579619166887,966.9755020255636,10.04,2.56,2.75,589.09,4839.0,2375029.0,2828430.0
2023,3,5078,MT,208.12857142857143,25.468701635811783,24.28856171708273,84.13369274536872,78.47191751140501,965.8517320911624,965.1031084902615,10.49,2.67,2.96,314.25,4566.0,2984910.0,3746025.0
2023,3,10826,GO,168.26,24.620680929193632,23.3264830104276,79.26071293882269,72.73714064945507,934.1645181324895,933.5966085088668,7.97,2.53,2.65,514.71,6266.0,6445572.0,7201648.0
2023,3,4437,DF,722.2000000000002,22.527361928791706,21.102186711522293,77.99186991869917,70.92234370619569,896.1657879977566,895.653841839596,8.52,2.52,2.55,784.88,3433.0,2748390.0,2898920.0
2023,4,1137,RO,64.8,27.12356020942408,26.0476439790576,,,1000.976439790576,1000.2623036649214,0.2,2.15,2.41,123.25,4584.0,1193713.0,1661549.0
2023,4,744,AC,167.5,25.938244382022475,24.81672128589264,90.5643570536829,85.12645131086143,991.6213225655432,990.9606234394508,3.6,2.65,2.97,61.67,1340.0,602647.0,854943.0
2023,4,532,AM,245.9866666666667,26.95992071233704,25.975848091397022,85.85703602739568,81.09951399263717,1005.3001577924904,1004.606218773169,25.03,2.76,3.35,201.77,6557.0,2942186.0,4107635.0
2023,4,6,RR,293.0,28.56388888888889,27.297638888888887,65.31805555555555,60.44861111111112,1001.6896935933148,1000.9435933147632,0.43,3.3,3.8,232.65,976.0,496443.0,675535.0
2023,4,677,PA,214.45714285714288,26.651798469806167,25.621065676351986,87.63287652461464,82.8080231225894,995.1082650136608,994.4309403131176,37.39,2.54,3.06,94.43,18503.0,5288656.0,8387422.0
2023,4,57,AP,277.4,26.68037715016272,25.727233263598325,87.04007438400745,82.34792538354253,1005.5822547652256,1004.9508089260808,0.62,2.67,2.88,87.59,635.0,662690.0,767508.0
2023,4,662,TO,125.73749999999998,26.95571686460909,25.602863502528937,82.70442800049453,76.08308392508,975.102353297794,974.5011844217167,10.81,2.32,2.77,408.26,946.0,1103082.0,1543971.0
2023,4,779,MA,226.4181818181818,26.812453923583902,25.695066950024465,83.02006768376992,78.33368130903436,994.193322220353,993.5634684530364,24.82,2.43,3.0,112.04,30219.0,4064309.0,6892750.0
2023,4,1538,PI,114.58947368421056,26.87358093646402,25.624392298319567,79.62569098675766,73.49544287726727,979.376424318852,978.7762890741944,10.01,2.75,2.96,198.74,5671.0,2118185.0,3322964.0
2023,4,1999,CE,183.1,25.780549767134023,24.70416957994527,82.56667426231164,76.35796024355363,979.1449671499828,978.576059243003,35.81,2.57,2.74,270.49,9605.0,6664358.0,9011405.0
2023,4,1720,RN,74.47999999999999,28.22861137390081,26.960726944281333,77.82658563452829,71.12998781952803,999.830914426611,999.1835663190592,22.66,2.46,2.69,272.32,1845.0,2542810.0,3373553.0
2023,4,1372,PB,132.375,26.308429359647707,25.19085118298971,81.22360673876291,75.40497414360358,973.2233248052182,972.6832446183596,76.86,2.58,2.76,283.52,3509.0,2956510.0,4058836.0
2023,4,1212,PE,68.31111111111112,25.89711902979081,24.62916224503305,78.29286564639477,72.10817820746861,960.5058180933748,959.969906311178,164.62,2.4,2.64,258.28,5748.0,7202850.0,9295622.0
2023,4,616,AL,64.05000000000001,27.500010283321224,26.40368439481741,76.6458306404373,71.20636916615497,997.8893728255456,996.88010532876,32.36,2.56,2.73,268.99,1133.0,2350780.0,3173527.0
2023,4,272,SE,88.66666666666667,26.8639518432954,25.726977177817314,72.555721215456,67.01791130814519,988.4986482121932,987.9738571849535,80.79,2.44,2.63,292.69,1308.0,1654067.0,2249884.0
2023,4,5423,BA,103.47142857142858,26.4840586693402,25.16849949487333,76.0953420911679,70.06858834492127,969.1743415523706,968.598514747818,661.15,2.52,2.64,307.8,12306.0,10218797.0,14491372.0
2023,4,102134,MG,94.40999999999998,23.057745931408416,21.749936899765952,78.28612598251993,72.28844275960755,931.484634710034,930.9884101264448,37.06,2.53,2.63,472.37,18541.0,17660995.0,20927216.0
2023,4,7657,RJ,179.4,22.734979709573167,21.715617005238467,83.09511455744257,78.16976953872236,980.8326350462532,980.3495202052356,360.77,2.39,2.47,732.15,7414.0,15653162.0,16626981.0
2023,4,95963,SP,131.96969696969694,21.947171722866525,20.750494012889497,81.28172164564515,75.27123790484866,948.0844477071272,947.5972770543342,1032.06,2.54,2.59,704.62,17415.0,42897042.0,45185130.0
2023,4,70577,PR,128.07999999999998,20.94467243440948,19.662948633922923,79.29200041685091,73.690830917373,943.7579380528172,943.278860999664,46.86,2.61,2.73,609.29,12406.0,9910156.0,11632650.0
2023,4,50349,SC,130.50833333333333,18.713062401731776,17.642249906360203,82.55355934284462,77.3030883379539,942.97229976585,942.529890222855,39.29,2.73,2.88,400.81,6646.0,6540667.0,7830668.0
2023,4,12756,RS,48.18604651162792,19.37178536478528,18.14630368602612,78.06582129884401,72.62858632027547,977.7801077715555,977.341313392385,115.47,2.41,2.48,483.23,6482.0,9358728.0,11054995.0
2023,4,11670,MS,160.4869565217391,24.155799413735345,22.91599246231156,79.38278267812291,73.3144572357428,967.8872058347292,967.3584105549114,10.04,2.56,2.75,589.09,4839.0,2375029.0,2828430.0
2023,4,5403,MT,158.09090909090915,25.62731918925838,24.41586862109088,83.59874082317229,78.08518735156221,965.3375455084946,964.6357782838072,10.49,2.67,2.96,314.25,4566.0,2984910.0,3746025.0
2023,4,10249,GO,102.89,24.43474410831772,23.105175859934103,79.5285177306484,73.21374547011527,933.8257327215204,933.2970081260084,7.97,2.53,2.65,514.71,6266.0,6445572.0,7201648.0
2023,4,4272,DF,726.4000000000002,22.140463557665456,20.75467746439542,80.98464116168668,74.39430326724377,895.8250767941915,895.326919854789,8.52,2.52,2.55,784.88,3433.0,2748390.0,2898920.0
2023,5,636,RO,11.3,26.806433147349008,25.65807867148559,79.751079647433,74.6418482505467,984.2761663318248,983.7418760330844,0.2,2.15,2.41,123.25,4584.0,1193713.0,1661549.0
2023,5,472,AC,140.39999999999998,26.117057954668795,24.968279835021967,89.4163784112842,83.76181650440995,993.3038798859876,992.691396815584,3.6,2.65,2.97,61.67,1340.0,602647.0,854943.0
2023,5,527,AM,207.625,27.526477494479472,26.463321603737132,85.42744713015513,80.54245585879319,1006.1780642868904,1005.521865890179,25.03,2.76,3.35,201.77,6557.0,2942186.0,4107635.0
2023,5,11,RR,322.79999999999995,27.408736559139783,26.26935483870968,76.99059139784947,71.43413978494624,1002.7977150537636,1002.134005376344,0.43,3.3,3.8,232.65,976.0,496443.0,675535.0
2023,5,542,PA,171.08235294117645,27.068135272889208,26.02596746021081,86.09760950372062,81.2567690707392,995.7508130864076,995.15083080566,37.39,2.54,3.06,94.43,18503.0,5288656.0,8387422.0
2023,5,42,AP,300.6,27.08172672196204,26.129751717949844,88.28903229453904,83.74538870894794,1006.4340098444728,1005.8156511248742,0.62,2.67,2.88,87.59,635.0,662690.0,767508.0
2023,5,518,TO,42.475,27.17819084736756,25.719034141468946,76.59307084261066,69.97790725359786,976.4682326115078,975.948306083976,10.81,2.32,2.77,408.26,946.0,1103082.0,1543971.0
2023,5,570,MA,123.76666666666668,27.511492966590467,26.36056870228151,80.04605308405526,75.08438997649743,995.3081340421736,994.7486012723436,24.82,2.43,3.0,112.04,30219.0,4064309.0,6892750.0
2023,5,1500,PI,67.2235294117647,27.148262937395952,25.89999746635888,77.22334933660782,71.22770923617976,980.8149475648185,980.282568166885,10.01,2.75,2.96,198.74,5671.0,2118185.0,3322964.0
2023,5,2854,CE,44.36363636363636,26.54427386445265,25.377778202356403,78.71089690528214,72.75957972693061,980.4120694213832,979.8936024315176,35.81,2.57,2.74,270.49,9605.0,6664358.0,9011405.0
2023,5,1208,RN,41.6,28.87409672516913,27.505514838056012,72.99564270302349,66.51046272183122,1001.2764746816138,1000.657297964942,22.66,2.46,2.69,272.32,1845.0,2542810.0,3373553.0
2023,5,1058,PB,87.97777777777777,26.318861704493365,25.16540039943655,79.09804668119165,73.34621772026038,974.8893349586048,974.3811453983795,76.86,2.58,2.76,283.52,3509.0,2956510.0,4058836.0
2023,5,787,PE,74.81666666666666,25.15421539426983,24.01583444502484,79.52086260011194,74.074678023869,959.762158180504,959.2661243254292,164.62,2.4,2.64,258.28,5748.0,7202850.0,9295622.0
2023,5,595,AL,115.1,26.524942742632,25.47322142515356,80.69435520621798,75.28478156243146,1000.0726607090288,999.1334610283589,32.36,2.56,2.73,268.99,1133.0,2350780.0,3173527.0
2023,5,322,SE,167.26666666666668,26.02876434966757,24.86703970254896,81.85884014622796,77.0394115273228,990.6142139412866,990.100054728833,80.79,2.44,2.63,292.69,1308.0,1654067.0,2249884.0
2023,5,6388,BA,65.17058823529412,24.72684889888925,23.534006366924263,78.99215619333496,73.69551660749272,973.4664272411742,972.9686350074718,661.15,2.52,2.64,307.8,12306.0,10218797.0,14491372.0
2023,5,74523,MG,15.438709677419356,20.892776823979244,19.38873780643216,73.87613072905368,67.64665567489699,934.3770201508792,933.9108005268648,37.06,2.53,2.63,472.37,18541.0,17660995.0,20927216.0
2023,5,7876,RJ,66.77142857142857,20.67751497221897,19.591309306280905,83.00111042824577,77.92743187031965,984.0429046170484,983.5815051596328,360.77,2.39,2.47,732.15,7414.0,15653162.0,16626981.0
2023,5,63739,SP,46.85555555555555,19.978952614921404,18.617254279203333,76.95946123580642,70.65620093820903,951.2938341323904,950.8347136257628,1032.06,2.54,2.59,704.62,17415.0,42897042.0,45185130.0
2023,5,53938,PR,53.05,18.88006323410068,17.60863246735087,79.36359601067655,73.903590267161,946.6128365838568,946.1423905504764,46.86,2.61,2.73,609.29,12406.0,9910156.0,11632650.0
2023,5,44175,SC,91.99166666666667,17.184466929823973,16.130457630717565,79.44355963828846,77.6973663676419,945.5521705056468,945.0957544090284,39.29,2.73,2.88,400.81,6646.0,6540667.0,7830668.0
2023,5,13488,RS,157.86190476190475,17.27151384137609,16.196980178091298,83.1401330232841,78.4755300408774,979.6443247062948,979.1577636961348,115.47,2.41,2.48,483.23,6482.0,9358728.0,11054995.0
2023,5,8144,MS,61.608,22.37488297735904,21.058065467766585,75.214125107572,69.15935637113454,970.531090306235,970.044192086649,10.04,2.56,2.75,589.09,4839.0,2375029.0,2828430.0
2023,5,4712,MT,18.8,25.433814575796887,24.069252756595763,75.465958567099,69.54706189532087,966.6320705372696,966.0136100337664,10.49,2.67,2.96,314.25,4566.0,2984910.0,3746025.0
2023,5,9234,GO,4.40952380952381,23.54049086154652,21.89377749314052,67.02160856097426,60.14875069952576,937.6093186824496,937.1480729344112,7.97,2.53,2.65,514.71,6266.0,6445572.0,7201648.0
2023,5,4270,DF,14.4,21.353497373513967,19.725490738180817,68.12745369090406,61.161183301078246,897.5836051976775,897.1398949405585,8.52,2.52,2.55,784.88,3433.0,2748390.0,2898920.0
2023,6,326,RO,45.7,25.16481091772152,23.88735988045007,76.06211673699016,70.41276107594936,986.1831468881855,985.6947506153306,0.2,2.15,2.41,123.25,4584.0,1193713.0,1661549.0
2023,6,187,AC,34.4,25.79669459962756,24.24744280393721,84.75197858472998,76.8843442404895,995.0759061585528,994.482804602288,3.6,2.65,2.97,61.67,1340.0,602647.0,854943.0
2023,6,300,AM,105.70666666666666,27.10478714208138,25.969602940536333,83.3873365776826,78.36641342028605,1007.6613394769556,1007.0975200568794,25.03,2.76,3.35,201.77,6557.0,2942186.0,4107635.0
2023,6,11,RR,438.8,26.81736111111111,25.629583333333336,81.85694444444444,75.97222222222224,1003.9048611111112,1003.0530555555556,0.43,3.3,3.8,232.65,976.0,496443.0,675535.0
2023,6,429,PA,49.32631578947368,27.32546879516618,26.11118814933148,79.57376074857484,73.9810223047896,997.513748647004,996.9959365442116,37.39,2.54,3.06,94.43,18503.0,5288656.0,8387422.0
2023,6,72,AP,191.29999999999995,27.23958333333333,26.13715277777777,86.16597222222222,80.86597222222221,1007.495625,1006.9430555555556,0.62,2.67,2.88,87.59,635.0,662690.0,767508.0
2023,6,235,TO,0.0941176470588235,26.741629047459632,25.03984189466701,67.59135080777675,60.82766431206274,978.6443803418396,978.1786318025024,10.81,2.32,2.77,408.26,946.0,1103082.0,1543971.0
2023,6,283,MA,47.15,27.506147902476137,26.15323098320317,73.1164416885592,67.7627505730696,996.589866311829,996.1017279162654,24.82,2.43,3.0,112.04,30219.0,4064309.0,6892750.0
2023,6,850,PI,7.31578947368421,27.35405044754773,25.834577012148635,65.76594401903489,59.56202419507482,982.6565737623738,982.1548246941916,10.01,2.75,2.96,198.74,5671.0,2118185.0,3322964.0
2023,6,1822,CE,27.34,26.890200308851888,25.66060318601244,72.80801436829078,66.9897514404121,986.393356998396,985.912917107472,35.81,2.57,2.74,270.49,9605.0,6664358.0,9011405.0
2023,6,569,RN,42.3,28.20600720480637,26.807064837385504,70.96957167420332,64.78349722291253,1002.884541493509,1002.3108847733184,22.66,2.46,2.69,272.32,1845.0,2542810.0,3373553.0
2023,6,675,PB,171.39999999999998,25.34865384521544,24.230071207241497,78.1167432476943,72.95486275801494,976.5866340945688,976.1131896013272,76.86,2.58,2.76,283.52,3509.0,2956510.0,4058836.0
2023,6,587,PE,79.99999999999999,23.63321745225748,22.60073164975004,80.8222200572771,75.65512212726733,961.659115009916,961.2026842167325,164.62,2.4,2.64,258.28,5748.0,7202850.0,9295622.0
2023,6,540,AL,152.53333333333333,25.38073591082626,24.29364379957668,84.04060612602136,77.93187879701993,1002.2361841582212,1001.3966481414324,32.36,2.56,2.73,268.99,1133.0,2350780.0,3173527.0
2023,6,447,SE,129.4,24.51562508424115,23.383691774495347,85.07082004253057,75.22200956937797,992.9356716943772,992.4694856681016,80.79,2.44,2.63,292.69,1308.0,1654067.0,2249884.0
2023,6,5915,BA,39.5764705882353,23.5667926941708,22.291807535651976,77.09421210588033,71.89432272145488,975.6555735879424,975.1861699617492,661.15,2.52,2.64,307.8,12306.0,10218797.0,14491372.0
2023,6,22105,MG,6.503225806451614,19.65166556893071,18.078000012032778,71.76675477870995,65.66920391835686,936.4391835206736,935.9988883384532,37.06,2.53,2.63,472.37,18541.0,17660995.0,20927216.0
2023,6,5273,RJ,26.894736842105264,19.601429344134907,18.38429515256307,81.23009794623283,75.86663469555715,985.626155210224,985.2011979671322,360.77,2.39,2.47,732.15,7414.0,15653162.0,16626981.0
2023,6,16312,SP,59.98421052631579,18.20432070913459,16.82403793318451,77.48147438880225,71.42179148839064,952.8172357391109,952.3830214831564,1032.06,2.54,2.59,704.62,17415.0,42897042.0,45185130.0
2023,6,14403,PR,93.67368421052632,16.989748219249474,15.755842985052778,80.04086748332963,75.1065752466757,947.9617261468832,947.5089695693134,46.86,2.61,2.73,609.29,12406.0,9910156.0,11632650.0
2023,6,15982,SC,131.4,15.24450974864879,14.153756479477126,80.0823665522651,78.5843432034272,946.2876125492852,945.7950387409172,39.29,2.73,2.88,400.81,6646.0,6540667.0,7830668.0
2023,6,4695,RS,117.5285714285714,15.364223498794937,14.305142912196889,83.9499912903847,79.48403290907619,980.589498215089,980.0795585578014,115.47,2.41,2.48,483.23,6482.0,9358728.0,11054995.0
2023,6,2576,MS,56.833333333333336,19.621128438709587,18.22305374850877,74.78205825163978,68.82609700814513,971.8023467888332,971.3449474123796,10.04,2.56,2.75,589.09,4839.0,2375029.0,2828430.0
2023,6,2290,MT,15.111111111111112,23.778025313688666,22.23394191403917,70.64601510367123,64.5444580166739,968.847920934444,968.2677498454112,10.49,2.67,2.96,314.25,4566.0,2984910.0,3746025.0
2023,6,4314,GO,5.095652173913044,22.687387394587777,20.981930074401305,63.54370919411921,56.91311617474632,939.435932388146,938.9791064146236,7.97,2.53,2.65,514.71,6266.0,6445572.0,7201648.0
2023,6,2794,DF,21.6,20.54233333333333,18.900194444444445,64.85666666666667,58.27277777777777,899.258722222222,898.839388888889,8.52,2.52,2.55,784.88,3433.0,2748390.0,2898920.0
2023,7,191,RO,3.850000000000001,26.388668699186987,24.761422038327524,67.46407848151063,60.96790701921996,985.5084022938444,985.0552514190176,0.2,2.15,2.41,123.25,4584.0,1193713.0,1661549.0
2023,7,147,AC,9.6,26.22459677419356,24.88924731182796,78.28897849462366,71.8266129032258,995.3580645161288,994.8689516129034,3.6,2.65,2.97,61.67,1340.0,602647.0,854943.0
2023,7,432,AM,65.17333333333333,28.231729035351183,26.91669846519612,78.18295819283912,72.35253941258286,1007.1728865143152,1006.6475234035432,25.03,2.76,3.35,201.77,6557.0,2942186.0,4107635.0
2023,7,14,RR,384.8,27.090725806451616,25.812231182795696,79.19489247311827,72.4731182795699,1004.0577956989248,1003.4383064516128,0.43,3.3,3.8,232.65,976.0,496443.0,675535.0
2023,7,276,PA,46.14,27.58416407937894,26.239228961065532,74.05267101662187,68.0898795711118,997.186144037533,996.6757798030726,37.39,2.54,3.06,94.43,18503.0,5288656.0,8387422.0
2023,7,82,AP,160.89999999999998,27.55045641036773,26.44251933819592,83.70762330135024,78.3794257152781,1007.8812823810764,1007.3375723599472,0.62,2.67,2.88,87.59,635.0,662690.0,767508.0
2023,7,104,TO,0.0,26.95323556802366,25.01058210488183,58.71279100672449,51.621448899871,978.657767403918,978.172641572757,10.81,2.32,2.77,408.26,946.0,1103082.0,1543971.0
2023,7,296,MA,10.166666666666666,27.6447653266751,26.14369232998024,67.21243642564086,61.77031660731832,996.9193465426464,996.4223250149824,24.82,2.43,3.0,112.04,30219.0,4064309.0,6892750.0
2023,7,525,PI,1.6315789473684212,27.960895961472666,26.2779549862099,55.5134635063904,49.57471807103481,981.675338084548,981.149811561478,10.01,2.75,2.96,198.74,5671.0,2118185.0,3322964.0
2023,7,1303,CE,9.66,27.33893559881233,25.97355186484563,64.66726837910703,58.86849133049076,986.918587417278,986.401041525037,35.81,2.57,2.74,270.49,9605.0,6664358.0,9011405.0
2023,7,472,RN,39.6,27.84020356834264,26.44682416996312,66.589370622026,60.54884880719279,1003.7804842875112,1003.2189559865468,22.66,2.46,2.69,272.32,1845.0,2542810.0,3373553.0
2023,7,456,PB,61.62499999999999,25.293851521470604,24.067417188459714,72.4159303062479,67.18085267925879,977.4905038477552,977.0151124301044,76.86,2.58,2.76,283.52,3509.0,2956510.0,4058836.0
2023,7,610,PE,40.43636363636364,23.45268861606996,22.29470310384705,76.0228718227347,70.50825678920857,962.2450634399391,961.7820406228744,164.62,2.4,2.64,258.28,5748.0,7202850.0,9295622.0
2023,7,545,AL,74.75,25.12174465811966,23.977326992004407,81.45142386345928,75.19876889512234,1005.1494632961126,1004.6591320306038,32.36,2.56,2.73,268.99,1133.0,2350780.0,3173527.0
2023,7,417,SE,88.93333333333332,24.360046636641627,23.127573690372248,82.55836742335862,76.93004862574846,993.7793366320312,993.3024375258505,80.79,2.44,2.63,292.69,1308.0,1654067.0,2249884.0
2023,7,5239,BA,39.066666666666656,23.482019917385173,22.07953425274714,73.0806027438697,67.49519053583214,975.0149246040525,974.5227725205048,661.15,2.52,2.64,307.8,12306.0,10218797.0,14491372.0
2023,7,6288,MG,9.458064516129031,20.380373215634098,18.784877062132768,67.30323556207541,61.18201350407828,936.562003722077,936.1037737544827,37.06,2.53,2.63,472.37,18541.0,17660995.0,20927216.0
2023,7,2754,RJ,58.82857142857144,19.500681827131707,18.363000522222634,80.27497604430803,74.99149782035472,986.139443697756,985.6654042252032,360.77,2.39,2.47,732.15,7414.0,15653162.0,16626981.0
2023,7,4696,SP,17.466666666666665,19.244333692875355,17.80796444504634,72.01621102440971,65.69602969885882,952.574473782236,952.118947961129,1032.06,2.54,2.59,704.62,17415.0,42897042.0,45185130.0
2023,7,3958,PR,88.95,17.59200380827469,16.456316702231064,79.45657613995553,74.55634051408876,946.0552666643468,945.5800268531268,46.86,2.61,2.73,609.29,12406.0,9910156.0,11632650.0
2023,7,5133,SC,156.62499999999997,15.03811539964756,14.145479479547683,82.40410530496332,81.89090876853457,946.3799143349476,945.878580247974,39.29,2.73,2.88,400.81,6646.0,6540667.0,7830668.0
2023,7,1128,RS,161.07142857142858,14.808878426560092,13.843805744876896,85.23442560062966,81.018612780903,978.7665765640096,978.2163717497344,115.47,2.41,2.48,483.23,6482.0,9358728.0,11054995.0
2023,7,1169,MS,12.558333333333335,21.910451962964512,20.43455284693194,67.27594605947974,61.22191651673667,971.070509782307,970.6012959366302,10.04,2.56,2.75,589.09,4839.0,2375029.0,2828430.0
2023,7,1252,MT,0.7111111111111111,25.265992349801213,23.38180972233009,59.366523508232206,52.74212156786712,968.6707047527844,968.0614311693322,10.49,2.67,2.96,314.25,4566.0,2984910.0,3746025.0
2023,7,2461,GO,1.009090909090909,23.712838153831665,21.85451150007845,52.91963327168678,46.48166285644315,937.8948620639392,937.413113458373,7.97,2.53,2.65,514.71,6266.0,6445572.0,7201648.0
2023,7,1765,DF,0.0,21.08222640494757,19.302742672761497,55.7397149771444,49.28690508201128,899.3801828448505,898.9502016671149,8.52,2.52,2.55,784.88,3433.0,2748390.0,2898920.0
2023,8,155,RO,66.45,27.834774426183685,26.35811560873328,69.11681824479456,62.8796788880296,983.8851598718064,983.324372364763,0.2,2.15,2.41,123.25,4584.0,1193713.0,1661549.0
2023,8,148,AC,43.2,27.9372311827957,26.55510752688172,74.04166666666667,67.25537634408603,993.6495967741936,993.0677419354838,3.6,2.65,2.97,61.67,1340.0,602647.0,854943.0
2023,8,272,AM,57.55714285714286,28.981527186873468,27.693393831635287,76.53671730843179,70.91090632202736,1005.933089403528,1005.3438209417188,25.03,2.76,3.35,201.77,6557.0,2942186.0,4107635.0
2023,8,63,RR,26.200000000000003,28.659292035398234,27.199778761061943,73.5066371681416,66.88495575221239,1003.3473451327434,1002.7294247787612,0.43,3.3,3.8,232.65,976.0,496443.0,675535.0
2023,8,362,PA,25.32631578947368,28.751280475518968,27.370081040945948,69.24382479131675,63.45716285507974,992.818339205224,992.2800117816532,37.39,2.54,3.06,94.43,18503.0,5288656.0,8387422.0
2023,8,238,AP,46.7,28.67464489355852,27.531354379224013,78.94491689460051,73.37534370974977,1006.8580113315678,1006.320090468024,0.62,2.67,2.88,87.59,635.0,662690.0,767508.0
2023,8,76,TO,20.929411764705883,28.41007023809425,26.479693028059213,59.776857068189344,52.442566047084334,978.891270277064,978.3106939257088,10.81,2.32,2.77,408.26,946.0,1103082.0,1543971.0
2023,8,202,MA,5.4,28.71735194939645,27.23503070587901,65.45945508314986,60.16036448520887,997.3255582545136,996.5869212819232,24.82,2.43,3.0,112.04,30219.0,4064309.0,6892750.0
2023,8,271,PI,8.0,29.29832597860681,27.5840714357975,51.73859566408369,46.10096458738824,980.2261095502696,979.6577305311904,10.01,2.75,2.96,198.74,5671.0,2118185.0,3322964.0
2023,8,1169,CE,4.400000000000001,27.84184156058016,26.43479859112128,62.109586949223946,56.40475176066116,982.1053171797732,981.5498941711144,35.81,2.57,2.74,270.49,9605.0,6664358.0,9011405.0
2023,8,374,RN,39.28,27.75952922525504,26.39868446965221,67.96244330960754,62.10960255835224,1003.7759961006736,1003.1869433612984,22.66,2.46,2.69,272.32,1845.0,2542810.0,3373553.0
2023,8,364,PB,42.725,25.700163819141046,24.431301457791832,70.44552186230428,65.16790893937636,976.3938026344316,975.8894831258197,76.86,2.58,2.76,283.52,3509.0,2956510.0,4058836.0
2023,8,631,PE,36.454545454545446,24.56822485559136,23.313629715196512,72.7586197445867,67.2828241595492,960.9421532873664,960.4459729754842,164.62,2.4,2.64,258.28,5748.0,7202850.0,9295622.0
2023,8,447,AL,32.120000000000005,25.53763207308598,24.42117879015652,80.10872780601042,74.34516508503182,1001.8166843606792,1001.319764728792,32.36,2.56,2.73,268.99,1133.0,2350780.0,3173527.0
2023,8,315,SE,38.93333333333333,24.8030118037781,23.51413060805355,78.13012545696223,72.53280472266124,992.7637215993908,992.2806999879876,80.79,2.44,2.63,292.69,1308.0,1654067.0,2249884.0
2023,8,3741,BA,26.563157894736843,24.78851756642056,23.37700444072985,71.8571294301533,66.32956740906594,972.2769170425588,971.754198025598,661.15,2.52,2.64,307.8,12306.0,10218797.0,14491372.0
2023,8,3647,MG,35.82950819672131,22.30810198672846,20.683094598634465,65.5999518146702,59.46063812954926,934.3509100205836,933.8325053383788,37.06,2.53,2.63,472.37,18541.0,17660995.0,20927216.0
2023,8,2311,RJ,111.3142857142857,20.995168996342127,19.832538184945765,80.61597529641708,75.24829858271133,983.5046667135498,982.9663580451572,360.77,2.39,2.47,732.15,7414.0,15653162.0,16626981.0
2023,8,3172,SP,40.643243243243234,21.279976158809124,19.78224162723972,69.23919938348578,63.07267698505552,949.5913701615292,949.0511593590788,1032.06,2.54,2.59,704.62,17415.0,42897042.0,45185130.0
2023,8,2133,PR,83.97272727272728,19.09702061714501,17.755252924609685,75.90251416451893,70.44701609947421,942.038549893822,941.4637487647688,46.86,2.61,2.73,609.29,12406.0,9910156.0,11632650.0
2023,8,1580,SC,101.75833333333334,16.310636445249514,15.164414804775962,78.81037026195698,75.8767956826896,944.2406252108444,943.6546713741564,39.29,2.73,2.88,400.81,6646.0,6540667.0,7830668.0
2023,8,362,RS,74.59069767441859,16.089319285753184,14.859486942422016,77.85102971869952,72.10587051336681,977.5171148640068,976.9289148534682,115.47,2.41,2.48,483.23,6482.0,9358728.0,11054995.0
2023,8,467,MS,46.536,24.58988917348545,23.045769639215248,63.01350627166088,56.93079153698728,968.8587188045102,968.3032448005896,10.04,2.56,2.75,589.09,4839.0,2375029.0,2828430.0
2023,8,816,MT,22.76923076923077,27.731590473365053,25.912499878980206,56.745813403801854,50.334000009766086,966.4408179196768,965.757118406612,10.49,2.67,2.96,314.25,4566.0,2984910.0,3746025.0
2023,8,2719,GO,16.038095238095238,25.84090697851632,23.958373028622635,51.1356827123998,44.68858525556429,936.110132564056,935.5652380671625,7.97,2.53,2.65,514.71,6266.0,6445572.0,7201648.0
2023,8,1920,DF,194.4,23.04453125000001,21.262715517241386,52.65463362068965,46.584859913793096,897.760775862069,897.2686153017241,8.52,2.52,2.55,784.88,3433.0,2748390.0,2898920.0
2023,9,111,RO,90.45,28.46121027161635,27.030740398439104,72.43868094064489,65.98565606387348,982.861230873896,982.2016591574244,0.2,2.15,2.41,123.25,4584.0,1193713.0,1661549.0
2023,9,133,AC,79.6,28.55611111111111,27.16027777777777,75.23333333333335,68.39027777777777,992.5281944444444,991.8393055555556,3.6,2.65,2.97,61.67,1340.0,602647.0,854943.0
2023,9,292,AM,86.67142857142856,29.56415878235172,28.22013198745724,73.97079442705673,68.131954585633,1004.8866953776468,1004.2347074556068,25.03,2.76,3.35,201.77,6557.0,2942186.0,4107635.0
2023,9,55,RR,,,,,,,,0.43,3.3,3.8,232.65,976.0,496443.0,675535.0
2023,9,227,PA,28.747368421052627,29.125088437880542,27.762766526869825,71.58520397879633,65.67910928546202,994.8533858049944,994.2506097753308,37.39,2.54,3.06,94.43,18503.0,5288656.0,8387422.0
2023,9,255,AP,17.599999999999998,29.3957789981404,28.17467573221757,74.36689621106464,68.93061947931196,1006.109780915853,1005.5312438981867,0.62,2.67,2.88,87.59,635.0,662690.0,767508.0
2023,9,53,TO,27.87777777777778,30.34502186952872,28.507719901749965,55.738165320232014,48.947270828798686,976.9374150105372,976.32548727612,10.81,2.32,2.77,408.26,946.0,1103082.0,1543971.0
2023,9,116,MA,2.6,29.75434550385415,28.289736877128377,61.67431838703647,56.3699329856765,996.3056953786814,995.5035059877672,24.82,2.43,3.0,112.04,30219.0,4064309.0,6892750.0
2023,9,164,PI,2.76842105263158,30.66738003831229,28.919211979625445,46.53133461162974,41.19596259223988,979.1831250666924,978.5661894947546,10.01,2.75,2.96,198.74,5671.0,2118185.0,3322964.0
2023,9,489,CE,1.2333333333333334,29.11991007338701,27.684318524116065,56.52943620355532,50.92059459014055,985.5791189960338,984.962611798674,35.81,2.57,2.74,270.49,9605.0,6664358.0,9011405.0
2023,9,355,RN,11.88,28.36370559840964,27.016417747371783,64.69941168230889,59.00463776342029,1003.4269383394384,1002.8182331902598,22.66,2.46,2.69,272.32,1845.0,2542810.0,3373553.0
2023,9,339,PB,40.925,26.35669250884111,25.050587126084874,67.56867826648278,62.20454875098846,975.8862799620816,975.3431341050516,76.86,2.58,2.76,283.52,3509.0,2956510.0,4058836.0
2023,9,463,PE,25.818181818181817,25.42998671480579,24.13242877871521,69.05096743958791,63.59668099700871,960.4259223006878,959.8891460748398,164.62,2.4,2.64,258.28,5748.0,7202850.0,9295622.0
2023,9,338,AL,50.400000000000006,25.14688658796852,24.063828531412565,78.42072217134717,72.92943986568987,1001.5717217220222,1001.0649567493664,32.36,2.56,2.73,268.99,1133.0,2350780.0,3173527.0
2023,9,173,SE,22.8,25.686628565059262,24.40508128026464,74.73556166209373,68.81023068214772,992.2746071152033,991.7269738109394,80.79,2.44,2.63,292.69,1308.0,1654067.0,2249884.0
2023,9,2113,BA,27.291891891891893,25.97502834154917,24.54712009327424,67.95146364089462,62.33337763373226,971.8458651460212,971.2892454287204,661.15,2.52,2.64,307.8,12306.0,10218797.0,14491372.0
2023,9,3171,MG,21.264516129032256,24.99909635194721,23.40961196625785,61.555432746942415,55.57042636062048,933.3640013806756,932.8360969926476,37.06,2.53,2.63,472.37,18541.0,17660995.0,20927216.0
2023,9,1503,RJ,53.370000000000005,23.23775389430608,22.01358516955024,77.4207076234563,71.5155066186516,982.198278121228,981.663017966771,360.77,2.39,2.47,732.15,7414.0,15653162.0,16626981.0
2023,9,2896,SP,46.74444444444445,24.59151330477493,23.048615442681,66.64275742865573,60.17181971504108,948.1494762006556,947.5922784979972,1032.06,2.54,2.59,704.62,17415.0,42897042.0,45185130.0
2023,9,1528,PR,121.3809523809524,22.442621348235704,21.08652925081196,73.1131292493734,67.48808067208742,940.3861166250232,939.8087285520662,46.86,2.61,2.73,609.29,12406.0,9910156.0,11632650.0
2023,9,693,SC,193.1652173913044,19.01274096602859,17.998484271806326,82.13713120890061,77.39346207975554,943.1566997084536,942.5133926877114,39.29,2.73,2.88,400.81,6646.0,6540667.0,7830668.0
2023,9,123,RS,388.4500000000001,17.706234077568517,16.753394093636942,85.32217329099096,81.12001769617824,975.3648363391906,974.5511195707668,115.47,2.41,2.48,483.23,6482.0,9358728.0,11054995.0
2023,9,245,MS,59.641666666666666,26.96704063477637,25.40849243942637,62.85742627615605,56.368570399905614,966.4961860632636,965.915301858677,10.04,2.56,2.75,589.09,4839.0,2375029.0,2828430.0
2023,9,528,MT,57.515384615384605,28.873954597048364,27.22861057357192,63.73012638689309,57.029729401582365,965.143747319748,964.4104160688812,10.49,2.67,2.96,314.25,4566.0,2984910.0,3746025.0
2023,9,3082,GO,25.01,28.112550919381427,26.375659697232045,53.46944441588593,46.9693072161553,935.6941045972686,935.1208935582382,7.97,2.53,2.65,514.71,6266.0,6445572.0,7201648.0
2023,9,1707,DF,177.99999999999997,25.41322781232335,23.697060486150363,53.13344642352276,46.759966072943165,896.6918575063612,896.1826689284704,8.52,2.52,2.55,784.88,3433.0,2748390.0,2898920.0
2023,10,219,RO,113.35000000000002,28.59340253946465,27.262877487989016,74.2026352665294,68.08254690002288,981.6100520475864,980.9180965454128,0.2,2.15,2.41,123.25,4584.0,1193713.0,1661549.0
2023,10,256,AC,77.39999999999998,29.17755376344085,27.82620967741936,75.10483870967742,68.45698924731182,991.2056451612904,990.4815860215056,3.6,2.65,2.97,61.67,1340.0,602647.0,854943.0
2023,10,294,AM,89.85714285714285,29.750209155601024,28.46369563635351,73.92721285068832,68.27576281307515,1003.6177380229914,1002.9421746177682,25.03,2.76,3.35,201.77,6557.0,2942186.0,4107635.0
2023,10,18,RR,,,,,,,,0.43,3.3,3.8,232.65,976.0,496443.0,675535.0
2023,10,223,PA,48.82857142857143,29.349816873538213,28.012684801048625,72.95660179554125,67.08959095777654,994.527788558684,993.8999518619712,37.39,2.54,3.06,94.43,18503.0,5288656.0,8387422.0
2023,10,103,AP,22.5,29.727928368547666,28.470654001101355,72.76198627655566,67.26518346230763,1005.0797187925688,1004.4912561951136,0.62,2.67,2.88,87.59,635.0,662690.0,767508.0
2023,10,45,TO,78.01176470588236,29.58814026611886,28.002000148203493,68.70748469484852,61.791687094955634,976.399017407672,975.7477005236584,10.81,2.32,2.77,408.26,946.0,1103082.0,1543971.0
2023,10,80,MA,12.840000000000003,29.84678228542592,28.47617561025195,64.24944506084589,59.10547012741948,995.208056531274,994.3971845416344,24.82,2.43,3.0,112.04,30219.0,4064309.0,6892750.0
2023,10,117,PI,3.7157894736842105,31.852080141337968,30.026899394487863,43.92347779780088,38.70018883142685,976.8340879584664,976.1938368426846,10.01,2.75,2.96,198.74,5671.0,2118185.0,3322964.0
2023,10,356,CE,0.4,29.66891294239472,28.19253089075441,56.10703814729992,50.52736447428536,984.2626201848666,983.6155664120143,35.81,2.57,2.74,270.49,9605.0,6664358.0,9011405.0
2023,10,416,RN,0.08,29.10489180306256,27.709712170343845,62.23672755538989,56.55933519255968,1002.1120183000444,1001.4629669057744,22.66,2.46,2.69,272.32,1845.0,2542810.0,3373553.0
2023,10,345,PB,4.71111111111111,27.46303465737064,26.04978241392752,62.2596919178787,56.68415595442332,974.3280927886,973.752775018572,76.86,2.58,2.76,283.52,3509.0,2956510.0,4058836.0
2023,10,542,PE,6.945454545454544,27.129656777965025,25.65919029720065,61.963899006518005,56.2200457114127,958.5948747598708,958.0225679980967,164.62,2.4,2.64,258.28,5748.0,7202850.0,9295622.0
2023,10,316,AL,10.16,26.565033776011745,25.358620953586243,72.05918625812792,66.65073656339267,999.750868745334,999.1896390846176,32.36,2.56,2.73,268.99,1133.0,2350780.0,3173527.0
2023,10,157,SE,4.666666666666667,26.754736124991176,25.42575319119007,73.00475652341359,66.42922833936589,988.9109794420852,988.3522530512352,80.79,2.44,2.63,292.69,1308.0,1654067.0,2249884.0
2023,10,1602,BA,17.510526315789473,27.72557555604797,26.230299398085364,63.79592948451339,58.21676277888276,970.5035532785558,969.9037789044324,661.15,2.52,2.64,307.8,12306.0,10218797.0,14491372.0
2023,10,5179,MG,135.8666666666667,26.02261010193824,24.603586929921708,68.87552280973138,62.81965273654298,931.3640587966878,930.7613344569376,37.06,2.53,2.63,472.37,18541.0,17660995.0,20927216.0
2023,10,1783,RJ,238.62857142857143,23.43729460276471,22.505095734340024,84.68817304797113,80.02033525352658,979.8917502448198,979.2774469578612,360.77,2.39,2.47,732.15,7414.0,15653162.0,16626981.0
2023,10,3753,SP,223.53714285714284,24.098685841599607,22.87109323433169,79.10051777961485,73.40656953397526,945.7117181041828,945.058309575961,1032.06,2.54,2.59,704.62,17415.0,42897042.0,45185130.0
2023,10,2134,PR,351.97272727272724,22.062812145282827,20.973987060663823,81.90311333833635,77.26822998577191,938.266082971866,937.5799697998848,46.86,2.61,2.73,609.29,12406.0,9910156.0,11632650.0
2023,10,579,SC,434.0272727272728,18.23420903093254,17.38957183816977,86.69459622461095,82.80748759557076,940.8834498547373,940.128132556358,39.29,2.73,2.88,400.81,6646.0,6540667.0,7830668.0
2023,10,293,RS,252.10454545454547,18.16099357876836,17.137591856049323,82.9126400268751,77.92245965454178,974.8245686371076,974.0743070859994,115.47,2.41,2.48,483.23,6482.0,9358728.0,11054995.0
2023,10,294,MS,119.66400000000002,28.219005475163595,26.76300358819787,67.1563362941677,60.93565962255267,965.0694030632184,964.4047284056678,10.04,2.56,2.75,589.09,4839.0,2375029.0,2828430.0
2023,10,641,MT,78.72592592592592,29.05435382618527,27.49079302937596,69.39693374261928,62.56640878966168,965.12200151978,964.4339849978786,10.49,2.67,2.96,314.25,4566.0,2984910.0,3746025.0
2023,10,3395,GO,87.68,28.12007884780025,26.51879371640876,65.42212692874149,58.18176977857024,934.28502017216,933.6461295182488,7.97,2.53,2.65,514.71,6266.0,6445572.0,7201648.0
2023,10,1427,DF,464.0,25.81396076201309,24.129854990048337,64.74836508387834,57.0915553028149,895.1649032992037,894.5880261660977,8.52,2.52,2.55,784.88,3433.0,2748390.0,2898920.0
2023,11,141,RO,165.60000000000002,28.083028483992468,26.876041666666666,77.3173552259887,71.59658074387949,981.5438217984936,980.885812735405,0.2,2.15,2.41,123.25,4584.0,1193713.0,1661549.0
2023,11,783,AC,101.6,28.255277777777778,27.032916666666665,78.3375,72.39583333333333,991.2648611111111,990.5705555555556,3.6,2.65,2.97,61.67,1340.0,602647.0,854943.0
2023,11,416,AM,114.91428571428573,29.04502561946732,27.848745792457382,77.11467259841456,71.7284319773656,1003.4112875913956,1002.722475055513,25.03,2.76,3.35,201.77,6557.0,2942186.0,4107635.0
2023,11,9,RR,1.0,30.0990990990991,28.59864864864865,58.833333333333336,53.52252252252252,1001.15990990991,1000.4995495495496,0.43,3.3,3.8,232.65,976.0,496443.0,675535.0
2023,11,203,PA,84.56190476190476,28.991447696581098,27.72286991139974,75.72955118011535,69.80327280458691,994.4686274586315,993.8496103698544,37.39,2.54,3.06,94.43,18503.0,5288656.0,8387422.0
2023,11,79,AP,19.85,28.61001208703444,27.40210786192925,76.00558136590307,68.57641469923641,1006.9484442340658,1006.3547852540128,0.62,2.67,2.88,87.59,635.0,662690.0,767508.0
2023,11,92,TO,106.49411764705884,28.658676035266826,27.20622771422015,74.92292296304718,68.17495658135624,976.421380840744,975.7612309023868,10.81,2.32,2.77,408.26,946.0,1103082.0,1543971.0
2023,11,105,MA,37.82857142857142,29.44911218781436,28.14410986207234,67.49701452512119,62.26807619006456,995.0049383473151,994.207820589329,24.82,2.43,3.0,112.04,30219.0,4064309.0,6892750.0
2023,11,106,PI,67.61052631578947,30.368595903543184,28.781887058920027,58.5139839671136,52.34584726089262,976.7403741226404,976.106765393672,10.01,2.75,2.96,198.74,5671.0,2118185.0,3322964.0
2023,11,236,CE,8.999999999999998,29.542405238499235,28.13398206294785,60.20449854830648,54.46057533669705,983.8666853967396,983.1787143152274,35.81,2.57,2.74,270.49,9605.0,6664358.0,9011405.0
2023,11,462,RN,5.65,29.279977009931653,27.939054898794208,63.5648752181408,58.00634479976892,1000.4311850122006,999.7983437129876,22.66,2.46,2.69,272.32,1845.0,2542810.0,3373553.0
2023,11,360,PB,37.45,27.683216172986672,26.3252652363932,65.20266631862818,59.57037646951192,972.6402658915993,972.0988983449408,76.86,2.58,2.76,283.52,3509.0,2956510.0,4058836.0
2023,11,527,PE,17.5,28.522335574969,26.999990872168848,58.778653981493775,52.87312505036924,957.8728952184966,957.3200339332102,164.62,2.4,2.64,258.28,5748.0,7202850.0,9295622.0
2023,11,297,AL,6.550000000000001,28.16041039509995,26.847219979966304,66.53754208320184,61.4145043728497,997.4256191343852,996.8741545310214,32.36,2.56,2.73,268.99,1133.0,2350780.0,3173527.0
2023,11,88,SE,17.650000000000002,27.43247101738087,26.204452360664447,73.68388802174343,68.1101186045568,993.64335219162,993.1075143962508,80.79,2.44,2.63,292.69,1308.0,1654067.0,2249884.0
2023,11,1395,BA,30.35135135135136,28.16825449303576,26.6887548808809,66.00690589281521,60.20676027752727,970.9768746650004,970.3945068897904,661.15,2.52,2.64,307.8,12306.0,10218797.0,14491372.0
2023,11,12118,MG,95.40338983050847,26.71074740142484,25.125245193910946,64.45374813808172,57.701334857839605,930.4474713827466,929.8854001253,37.06,2.53,2.63,472.37,18541.0,17660995.0,20927216.0
2023,11,3048,RJ,124.94285714285712,25.22987124968305,24.029182733742275,78.68984796094377,72.64250807442053,978.7306113472596,978.1784423371812,360.77,2.39,2.47,732.15,7414.0,15653162.0,16626981.0
2023,11,5243,SP,135.32777777777778,25.483647635447262,24.06158849499701,72.65949814567992,65.90480871617036,946.0348782572516,945.4392451076484,1032.06,2.54,2.59,704.62,17415.0,42897042.0,45185130.0
2023,11,3990,PR,197.35454545454544,23.298074065505052,22.14318549484457,79.25676828725018,74.0311032199571,938.6359170101985,938.0457360395671,46.86,2.61,2.73,609.29,12406.0,9910156.0,11632650.0
2023,11,628,SC,329.8521739130435,20.72193626527838,19.704578325582364,81.88373815741038,76.91305869069578,939.9671047652586,939.300516868284,39.29,2.73,2.88,400.81,6646.0,6540667.0,7830668.0
2023,11,413,RS,295.83255813953485,21.05953817744476,19.991121147984355,80.40565175188196,74.95466637173284,974.5365857301576,973.790258164892,115.47,2.41,2.48,483.23,6482.0,9358728.0,11054995.0
2023,11,260,MS,128.09230769230768,28.20073428337505,26.741085167877365,65.40796825013899,59.07251560923231,963.775373092123,963.156740632684,10.04,2.56,2.75,589.09,4839.0,2375029.0,2828430.0
2023,11,833,MT,103.9655172413793,28.346559919953155,26.898917090362968,72.61457901202793,66.18065224866216,964.9792458349568,964.3248941809276,10.49,2.67,2.96,314.25,4566.0,2984910.0,3746025.0
2023,11,4103,GO,123.89565217391304,27.741109303974387,26.13915855491659,66.21557607855938,58.83133571719349,934.183122652762,933.5640147242148,7.97,2.53,2.65,514.71,6266.0,6445572.0,7201648.0
2023,11,2508,DF,562.1999999999999,25.51666666666668,23.828205128205127,66.71728359078989,58.94025065578549,894.7974052478132,894.2263848396501,8.52,2.52,2.55,784.88,3433.0,2748390.0,2898920.0
2023,12,173,RO,251.15000000000003,27.57944254553589,26.40469036732032,81.17873784824909,75.58161483688977,982.2110809845004,981.5236203686852,0.2,2.15,2.41,123.25,4584.0,1193713.0,1661549.0
2023,12,1863,AC,182.85,26.771872467228697,25.7635616421414,89.27420561292001,84.23045430957353,988.5895654256396,987.9019283871818,3.6,2.65,2.97,61.67,1340.0,602647.0,854943.0
2023,12,976,AM,245.61428571428573,27.54584094782644,26.49563886216216,84.5068971912824,79.69938084459433,1003.8262407896634,1003.1333882371,25.03,2.76,3.35,201.77,6557.0,2942186.0,4107635.0
2023,12,15,RR,22.4,29.95215053763441,28.626612903225805,60.0268817204301,55.10215053763441,1000.7977150537636,1000.178494623656,0.43,3.3,3.8,232.65,976.0,496443.0,675535.0
2023,12,232,PA,135.12380952380954,28.064224994963784,26.9045904196728,81.20824623275233,75.51183429949009,995.526913836437,994.8995332438836,37.39,2.54,3.06,94.43,18503.0,5288656.0,8387422.0
2023,12,76,AP,174.1,27.96614384277799,26.83620484457804,81.51432099270566,75.98242527268064,1006.8021431753476,1006.2320097175208,0.62,2.67,2.88,87.59,635.0,662690.0,767508.0
2023,12,101,TO,130.41176470588235,28.259313136505146,26.83276099500678,77.72555899077214,70.95402851012847,976.71540385518,976.0678932841112,10.81,2.32,2.77,408.26,946.0,1103082.0,1543971.0
2023,12,70,MA,69.38571428571429,28.920137290395267,27.71864976659813,72.52668621642331,67.34938185776198,994.9217216069038,994.1337679869184,24.82,2.43,3.0,112.04,30219.0,4064309.0,6892750.0
2023,12,129,PI,70.0842105263158,29.981203282760177,28.48927463710945,61.54270040417828,55.49670124723652,976.780311928924,976.1643718443994,10.01,2.75,2.96,198.74,5671.0,2118185.0,3322964.0
2023,12,190,CE,29.23636363636364,29.509636809154003,28.161733309532146,62.93315072225245,57.130668494151855,983.5416834219892,982.8798499952844,35.81,2.57,2.74,270.49,9605.0,6664358.0,9011405.0
2023,12,384,RN,45.8,29.61332358863968,28.25064972568176,65.32988637300842,59.37575995121973,1000.147181153393,999.5392069715516,22.66,2.46,2.69,272.32,1845.0,2542810.0,3373553.0
2023,12,346,PB,40.900000000000006,27.51222701146366,26.26722870414519,69.54160547887581,63.87267726252344,972.314249228492,971.7961358643648,76.86,2.58,2.76,283.52,3509.0,2956510.0,4058836.0
2023,12,565,PE,36.91666666666667,28.297646409570334,26.83989523058589,61.84370332518744,55.4015980698021,957.6946705153036,957.1610079363198,164.62,2.4,2.64,258.28,5748.0,7202850.0,9295622.0
2023,12,226,AL,20.64,28.03561651549464,26.811256663617115,71.74261644834465,66.31028250114869,998.183724834342,997.6616404901245,32.36,2.56,2.73,268.99,1133.0,2350780.0,3173527.0
2023,12,65,SE,44.3,27.554346387600244,26.34139542201604,75.28314859448355,69.41175572675138,993.4394946416368,992.9363953321104,80.79,2.44,2.63,292.69,1308.0,1654067.0,2249884.0
2023,12,1501,BA,60.43783783783783,28.35000706378388,26.87498209729969,66.26262382969895,60.358744417194266,970.9089468430618,970.3473867612656,661.15,2.52,2.64,307.8,12306.0,10218797.0,14491372.0
2023,12,28710,MG,144.5186440677966,26.250298786882,24.743570115792128,70.64670076110885,63.83247598285544,930.5723581490448,930.015321514748,37.06,2.53,2.63,472.37,18541.0,17660995.0,20927216.0
2023,12,7075,RJ,138.8761904761905,25.5469021666195,24.34678635777778,81.0063503432212,75.05943419708296,978.9777578446012,978.4569979599792,360.77,2.39,2.47,732.15,7414.0,15653162.0,16626981.0
2023,12,10409,SP,95.10000000000002,26.24514895744824,24.75916546132239,73.65120223559353,66.56891907310032,946.2219927286033,945.6555074752976,1032.06,2.54,2.59,704.62,17415.0,42897042.0,45185130.0
2023,12,9635,PR,133.1,24.904507123876648,23.595227189685207,78.6283555771174,72.35915981056905,939.3991313307052,938.8381116141132,46.86,2.61,2.73,609.29,12406.0,9910156.0,11632650.0
2023,12,1662,SC,140.85217391304346,22.94192326225057,21.78910870991183,80.88027166945164,75.18638226367491,940.7235689558156,940.1656204287212,39.29,2.73,2.88,400.81,6646.0,6540667.0,7830668.0
2023,12,731,RS,174.01818181818186,23.300219342216472,22.1261213430034,80.27573078752587,74.4970174252004,973.847591468092,973.2343920397836,115.47,2.41,2.48,483.23,6482.0,9358728.0,11054995.0
2023,12,293,MS,141.95384615384614,28.370560201697355,26.935241933485248,72.2355539542474,65.13072326071877,964.6291360857598,964.0088357745618,10.04,2.56,2.75,589.09,4839.0,2375029.0,2828430.0
2023,12,1113,MT,147.22666666666666,27.539333955147296,26.181514879927185,78.1619260917963,71.79219687278105,965.0036731220362,964.35726909227,10.49,2.67,2.96,314.25,4566.0,2984910.0,3746025.0
2023,12,6347,GO,164.22727272727272,26.933772952924954,25.448175309878465,71.50952196336374,64.04586784361335,932.8651784098148,932.27380116195,7.97,2.53,2.65,514.71,6266.0,6445572.0,7201648.0
2023,12,10886,DF,996.8,24.572128329991408,22.987109710684614,71.71526783156688,63.82898882841594,894.9511461318051,894.4137535816618,8.52,2.52,2.55,784.88,3433.0,2748390.0,2898920.0
2024,1,456,RO,323.7,26.76760752688172,25.69559811827957,84.78427419354838,79.80073924731182,983.382694892473,982.7349462365592,,,,,,,
2024,1,1970,AC,313.54999999999995,26.832377211217008,25.82190656615637,89.02677972819454,83.96792191600318,989.6647758253048,988.979182446772,,,,,,,
2024,1,1895,AM,249.7692307692308,27.67360105864887,26.61069077632428,84.25250404065814,79.39187119947134,1005.30304654743,1004.6453170857046,,,,,,,
2024,1,25,RR,4.2,30.2364247311828,28.91895161290323,52.51209677419354,48.12231182795699,1002.5004032258064,1001.9040322580646,,,,,,,
2024,1,1073,PA,293.1368421052632,27.310430764370608,26.23643687907096,85.23601298515946,79.87566257463617,997.149313890746,996.4974801696568,,,,,,,
2024,1,703,AP,342.90000000000003,26.8610140589164,25.844907459118936,89.34984777692438,84.66927654036525,1008.5658000848896,1008.0083500878684,,,,,,,
2024,1,187,TO,331.7875,26.696398951488124,25.45510716600807,87.01885172912444,80.96298733268563,978.3909487778828,977.7730810330634,,,,,,,
2024,1,221,MA,161.43076923076924,28.10729031396404,27.010810686638525,79.26754587477866,74.14155411768462,996.6529248491844,995.8880872951188,,,,,,,
2024,1,451,PI,172.91111111111113,27.92808415765201,26.701315390235298,78.29506308244622,72.16256825218606,979.7714904309772,979.193518000695,,,,,,,
2024,1,372,CE,52.90909090909091,28.89140920983648,27.63237598625676,69.07458933898245,63.04699649817741,984.8476190300324,984.205508108859,,,,,,,
2024,1,511,RN,56.3,29.544036403805688,28.21614770602321,68.65785017390196,62.413220184131,1001.2805764364072,1000.681094873466,,,,,,,
2024,1,349,PB,81.14285714285715,27.78656905703703,26.566334097267948,72.00412083551083,66.02970204271826,976.174054712564,975.6743163113872,,,,,,,
2024,1,314,PE,59.400000000000006,28.408476271836708,26.958048315399303,66.46614190780743,59.91722769352087,958.360822702678,957.8306074629636,,,,,,,
2024,1,278,AL,43.72,29.35133262241704,28.084023666129458,74.79290358462147,69.35916240641632,998.2711352453188,997.7433192929328,,,,,,,
2024,1,72,SE,53.95,28.19414861285981,27.07397506657115,77.27849165324966,71.77137710085553,998.993814355128,998.4845324733352,,,,,,,
2024,1,4040,BA,167.09411764705882,27.53776437902835,26.258079606480244,74.95528731181265,69.03818720250052,971.293526343052,970.736192835679,,,,,,,
2024,1,128879,MG,265.32333333333327,24.899252572608003,23.617295983919348,80.85577936715583,74.62736408396371,930.5424021122424,930.0100628377857,,,,,,,
2024,1,24886,RJ,365.22,25.332275056381825,24.1921389988684,84.58158176879266,78.86781758953633,978.222062235455,977.7125614741968,,,,,,,
2024,1,49611,SP,190.13333333333333,25.12141067475041,23.74274496371172,78.17116328154668,71.52875633574357,946.3245289446528,945.7733875955004,,,,,,,
2024,1,35958,PR,144.16521739130434,24.470350810377944,23.067264297206144,78.66141837591054,72.48453141847834,939.2951400863128,938.74837850446,,,,,,,
2024,1,4151,SC,250.08695652173915,22.30966112461719,21.152845008184208,83.89287473780675,78.45512676482022,940.8140954228696,940.29225736596,,,,,,,
2024,1,3041,RS,134.9560975609756,23.28893660799201,22.05331572526915,80.4513444397192,74.60410378786057,972.8395094547712,972.3137835763688,,,,,,,
2024,1,1357,MS,145.6,27.70681563621322,26.25926193291841,73.75673171617105,66.53021487762068,964.8278782988136,964.23582610657,,,,,,,
2024,1,3182,MT,254.15555555555548,26.51365811563439,25.278516334843104,83.1589781989658,77.41625823980631,965.0247795259872,964.4083478816326,,,,,,,
2024,1,20857,GO,231.8105263157895,25.618185990497977,24.28017309792183,80.9572628195677,74.05035517165427,934.1081909684672,933.5269944067531,,,,,,,
2024,1,48041,DF,1782.1999999999998,23.170632279534114,21.85998336106489,84.1616749861342,77.5740432612313,895.0671567267683,894.531761442441,,,,,,,
2024,2,1364,RO,319.0,26.71497844827586,25.66515804597701,84.6548132183908,79.79849137931035,983.6972341954024,983.030926724138,,,,,,,
2024,2,737,AC,327.6,26.7099823132398,25.69511285480583,90.50335249042146,85.58534066300183,989.7235342043956,989.0255213418812,,,,,,,
2024,2,1911,AM,264.3846153846154,28.11344986863673,27.00815578590627,82.86229346737322,77.70373906004663,1005.7360203682656,1005.0613805676784,,,,,,,
2024,2,40,RR,6.8,30.97758620689656,29.665660919540223,49.52298850574713,45.38936781609196,1002.028448275862,1001.3900862068966,,,,,,,
2024,2,3638,PA,274.1157894736842,26.980067062599524,25.958139171708908,86.75098706086204,81.7126468392103,997.2873092549248,996.6512692348296,,,,,,,
2024,2,1944,AP,271.9,27.11696164865957,26.05921607049696,77.35273598345141,82.2688679245283,1008.4917776859191,1007.9285801210852,,,,,,,
2024,2,524,TO,224.6625,26.64143930248469,25.523583011197825,85.97877194336894,80.54123254983212,978.1768304352364,977.5883033266904,,,,,,,
2024,2,1566,MA,327.07692307692304,27.363474744916573,26.34452559875096,82.11208000210314,77.18648422291646,997.030838040864,996.2472669474056,,,,,,,
2024,2,1912,PI,242.43529411764703,27.29486811583819,26.16096912619373,79.08078482167727,72.98211363097889,980.2581689170931,979.6713149839724,,,,,,,
2024,2,864,CE,205.6727272727273,28.00488292750129,26.781964889948163,73.44585933358435,67.28979590684298,980.2902404735383,979.6102338833598,,,,,,,
2024,2,1695,RN,129.53333333333333,29.211199559416464,27.92865365798824,72.92186365622831,66.59529828765486,1000.9708231340948,1000.32956558183,,,,,,,
2024,2,1503,PB,148.51428571428573,28.00955476503576,26.74185506096446,73.17732416044274,66.94459292847662,976.1025014277852,975.552192070074,,,,,,,
2024,2,1578,PE,72.91999999999999,27.4515649517174,26.10049329847508,73.4243658657506,66.90929709773772,958.9444886322688,958.3955566250108,,,,,,,
2024,2,1142,AL,44.28,28.526283960654336,27.400730135131614,80.77545384747617,75.19349905848966,998.9143887440056,998.3885775178846,,,,,,,
2024,2,245,SE,65.45,28.06573736219264,26.99121216752528,80.84212914114147,75.1470597843763,999.7267418745251,999.2177409462936,,,,,,,
2024,2,26827,BA,159.73333333333332,26.75237715350436,25.55284843269828,79.53816309504924,73.42939903905018,972.108806236675,971.5788837038727,,,,,,,
2024,2,392409,MG,185.89310344827587,24.639518677444315,23.37922709364967,80.96884466487147,74.7925555166237,932.9199987591612,932.4057738811632,,,,,,,
2024,2,84747,RJ,154.73999999999998,26.100295539358548,24.875296941164056,82.219741860426,76.18726183833623,980.2194818569188,979.713173301276,,,,,,,
2024,2,168760,SP,158.8235294117647,25.49253736941108,24.16353368375512,79.6826004187538,72.99700512060646,948.6201257425424,948.0771493023242,,,,,,,
2024,2,79023,PR,129.38260869565218,25.18414607772862,23.82157031003845,79.4698532816107,73.3690022478459,940.6697122978112,940.1415755525528,,,,,,,
2024,2,26578,SC,160.29999999999998,23.44909336977509,22.340436329327467,83.5424294281005,78.23284135859679,942.112347186831,941.6402292708148,,,,,,,
2024,2,16202,RS,122.56585365853658,24.87459299432121,23.66014259643193,80.86179381769671,75.126956491608,973.4706498353546,972.9783724759152,,,,,,,
2024,2,2881,MS,132.78333333333333,27.427532906635744,25.99256340209878,75.54487835517533,68.18402289948426,964.7291473664764,964.1463235969624,,,,,,,
2024,2,6456,MT,217.8583333333333,26.59001513902973,25.34975873832265,82.37733852702127,76.42789928306199,966.0764416572828,965.4440840133692,,,,,,,
2024,2,61402,GO,217.2235294117647,25.85940504694497,24.50317739023772,78.69912294606895,71.86485049715623,935.31943078906,934.7396505935568,,,,,,,
2024,2,88490,DF,1099.0,23.130438675022383,21.84709042076992,81.00567164179107,74.4471641791045,896.2829253731345,895.7871641791044,,,,,,,
2024,3,1899,RO,301.0,27.29240591397849,26.2073252688172,84.47177419354838,79.50100806451611,982.905376344086,982.2431451612906,,,,,,,
2024,3,439,AC,205.3,27.17831359628824,26.104748895034017,82.63446997594147,76.43606692198162,989.3088885861667,988.6245332025572,,,,,,,
2024,3,1291,AM,287.4285714285714,27.75015844970521,26.750905570459985,85.4793306759496,80.7543261676581,1005.3877303252374,1004.6892004032554,,,,,,,
2024,3,33,RR,33.8,31.583736559139783,30.350134408602152,49.80645161290323,45.8252688172043,1001.2688172043012,1000.6181451612904,,,,,,,
2024,3,4638,PA,425.1578947368421,27.07505625463532,26.080802175000848,88.16410949032627,83.20120664600395,997.374741247386,996.7072953593268,,,,,,,
2024,3,1947,AP,331.0,27.068771614356294,26.111278879686136,70.51790300205742,84.41377765418366,1007.9686197689626,1007.374620023249,,,,,,,
2024,3,955,TO,207.2375,27.43871509014908,26.22466361941293,85.79959540238373,80.02076495716439,977.1252780230112,976.4832432702216,,,,,,,
2024,3,3754,MA,383.690909090909,27.243369437495584,26.167702122143623,86.1201139404235,81.01332209229315,996.7266399785416,995.8534954653755,,,,,,,
2024,3,3116,PI,157.58823529411765,27.561179672303915,26.3569421253896,81.34251802798767,74.65456172775386,979.5795523435075,978.953805001695,,,,,,,
2024,3,1584,CE,216.28,27.162136129566527,26.060707747696075,82.23275139299574,76.08852737764211,981.1582030980452,980.5133888040776,,,,,,,
2024,3,4836,RN,260.5333333333333,28.07111260404419,26.954613558273333,82.97951023071069,76.73926125253642,1000.5855154505332,999.941873000194,,,,,,,
2024,3,3479,PB,146.4,28.081431815629102,26.809676299250853,77.92544654606584,71.47534767726943,975.4011906096777,974.8222121828676,,,,,,,
2024,3,4472,PE,75.14,27.569230438813936,26.275341283877744,75.71951833203855,69.21282141461019,958.1951144294768,957.6460068375056,,,,,,,
2024,3,2186,AL,37.68,29.18634013488396,28.018914001744736,79.47022785227102,74.03062918353032,997.8946545089916,997.3469628003928,,,,,,,
2024,3,353,SE,54.9,28.964684139784943,27.81179435483871,78.06024378673578,72.02118671032537,998.6665994623656,998.144254032258,,,,,,,
2024,3,69517,BA,57.22,28.08798929820337,26.73584925811959,75.04917800899814,68.6258566256742,970.344310513378,969.8095334248424,,,,,,,
2024,3,521733,MG,165.03389830508476,25.35363844081729,24.06695675529345,80.73592883832387,74.7166739503823,932.2210093546332,931.7009594648188,,,,,,,
2024,3,89062,RJ,257.9809523809524,25.510831752506125,24.453962658073223,84.3844518549839,78.96059702203186,979.8807128035892,979.385263161342,,,,,,,
2024,3,424738,SP,139.96571428571428,25.322532648177603,24.099357271261866,81.16891428852857,75.1652811956465,947.6825671357252,947.1506458822292,,,,,,,
2024,3,157878,PR,75.24545454545455,24.72067176866832,23.44018103000587,79.09903087558142,73.61942499230425,940.7686424537784,940.2550381430948,,,,,,,
2024,3,80823,SC,124.23333333333336,22.83109116478293,21.733395088301297,83.19326213732715,78.01126568482297,942.4676686630936,941.978573751018,,,,,,,
2024,3,49584,RS,152.08837209302325,23.0715006008831,21.898681829736347,82.425548541696,76.95919265431475,973.9241127121076,973.3729025010622,,,,,,,
2024,3,4568,MS,128.86666666666667,27.77207782829424,26.42708392800085,76.12956925713692,69.34704124152144,964.5400609755688,963.9731283452932,,,,,,,
2024,3,6807,MT,225.06666666666663,26.92331966152301,25.727733822147083,83.99188717732865,78.24827280696057,965.2510638097976,964.519287754165,,,,,,,
2024,3,73299,GO,225.88,26.171865974086487,24.83868408732557,81.50632262484966,74.9058091351376,935.5909569100488,934.98857575869,,,,,,,
2024,3,72592,DF,884.8000000000003,23.742432581177766,22.38610346725371,83.49903660886324,76.93146160198182,895.9688136526288,895.4304706853843,,,,,,,
2024,4,696,RO,236.0,27.24079861111111,26.15375,84.85034722222223,79.87847222222221,982.9086805555556,982.2817361111112,,,,,,,
2024,4,352,AC,199.75,27.051623601203605,26.01143162537367,82.72114190580524,74.48105648979217,989.1205823467966,988.4943538184772,,,,,,,
2024,4,685,AM,291.6307692307692,27.66995415603237,26.671193367198534,85.72255433466758,81.29724205695123,1005.1407812220448,1004.4679219784908,,,,,,,
2024,4,28,RR,177.4,29.81652777777777,28.689444444444447,60.38472222222222,55.62083333333334,1001.4276388888889,1000.7666666666668,,,,,,,
2024,4,3856,PA,360.9454545454545,27.10212695443944,26.09403140244821,88.28670024349158,83.07639113512971,997.1613303834612,996.5063924654362,,,,,,,
2024,4,1396,AP,318.65,27.16996527777778,26.232881944444447,69.33759614189059,84.45497799779977,1007.4194444444444,1006.811736111111,,,,,,,
2024,4,1188,TO,172.0625,27.22960257309653,26.05869029636807,86.41255493979267,80.93893997859001,976.957157442821,976.356804705291,,,,,,,
2024,4,3062,MA,341.8545454545456,27.16557396583388,26.08061750349259,86.87226411209576,81.66258847422942,996.2972019164732,995.4423820359176,,,,,,,
2024,4,3197,PI,169.05,27.44937408398492,26.2549291722056,81.40532982799614,75.23883842583906,979.3574849623444,978.7483741881812,,,,,,,
2024,4,3259,CE,209.26,26.892980266840823,25.86217703245351,84.36036620076946,78.13118604676633,984.1219324978192,983.5388940288136,,,,,,,
2024,4,3608,RN,213.26666666666665,27.90327106983144,26.85000696594427,84.06219984930976,78.2317078398302,1002.9053674750602,1002.2699715342278,,,,,,,
2024,4,2882,PB,129.33333333333334,27.38806526599059,26.21283025834141,82.15122368963635,75.75822062301773,973.0948318154526,972.5207665419848,,,,,,,
2024,4,4804,PE,99.5111111111111,26.361514391288544,25.20276853493369,80.58489169238338,73.6780436727458,957.9497598720496,957.4104865917868,,,,,,,
2024,4,2290,AL,144.59999999999997,28.02328082817915,26.963280853477205,85.02510540307149,79.73865394492513,997.6803270947923,997.1497644715422,,,,,,,
2024,4,357,SE,243.53333333333333,27.9784375,26.82520833333333,84.16543830564548,78.02787530741048,998.4327430555556,997.9241666666666,,,,,,,
2024,4,72564,BA,144.1085714285714,26.548277484787587,25.385086173932365,81.29066433457822,75.72458351814669,971.3985799996811,970.8424926235608,,,,,,,
2024,4,373394,MG,40.13770491803279,24.171256524497487,22.827121985565228,77.49259319051417,71.47795670279189,932.6254482313304,932.1679310389202,,,,,,,
2024,4,50024,RJ,23.866666666666667,24.248584691173,22.988433490092863,81.57316988401101,75.83879071104384,981.5956387961847,981.1450231970676,,,,,,,
2024,4,618462,SP,58.805882352941175,24.368770607554424,23.10733918894705,77.91606103021603,72.02120177552872,947.9826647528972,947.5255670736252,,,,,,,
2024,4,187801,PR,128.9090909090909,23.2487401430032,22.12259969763225,80.30532544721194,75.62401039848916,941.2350776143091,940.763945848129,,,,,,,
2024,4,123357,SC,170.99999999999997,21.017325797342348,20.080742004200623,84.85292907939477,80.33746195647161,942.636550381718,942.1440561792584,,,,,,,
2024,4,87761,RS,273.8372093023256,20.87785110316969,19.935297822326884,85.1535535246968,80.82988241214719,973.9609040506097,973.40359566482,,,,,,,
2024,4,4509,MS,109.66956521739132,26.52761665781241,25.27264658347429,76.57882065407678,70.46028496720537,966.2364916628528,965.7270496551166,,,,,,,
2024,4,8292,MT,142.275,27.019921956487227,25.76539610272193,82.7890149470164,76.72895827098384,964.3825799678668,963.678319219312,,,,,,,
2024,4,76493,GO,106.02,25.96980735668917,24.638071806671963,77.96189497722717,71.6112962206228,934.2475428826036,933.725416428821,,,,,,,
2024,4,38984,DF,445.8,23.52904033379693,22.1798331015299,78.75132127955494,72.50959666203062,896.2859527121002,895.815187760779,,,,,,,
2024,5,230,RO,38.25000000000001,26.066801075268813,24.91787634408601,79.66028225806451,75.01747311827955,984.4714045698925,983.952116935484,,,,,,,
2024,5,204,AC,99.15,24.81847305166305,23.88415194201952,88.0766129032258,82.9375,991.1595227951924,990.6134456088364,,,,,,,
2024,5,341,AM,212.1076923076924,27.50294468971596,26.473285183338408,85.31286276103965,80.94709578229819,1005.764692028482,1005.141595390416,,,,,,,
2024,5,75,RR,147.79999999999998,28.90402144772118,27.5112600536193,72.87935656836461,65.84718498659517,1001.6536193029492,1000.9195710455764,,,,,,,
2024,5,1926,PA,169.8857142857143,27.780890644132427,26.66500353113712,83.7717323510615,77.93724835453888,997.1895594315972,996.6128493016488,,,,,,,
2024,5,778,AP,458.5,27.16901985737854,26.20879566817176,70.0877616869234,85.21377561371473,1007.7358779613307,1007.1306984363016,,,,,,,
2024,5,792,TO,6.0625,27.35611608872791,25.82669542522971,74.99611499118727,68.35834958512076,977.6881492511144,977.2163303390424,,,,,,,
2024,5,1168,MA,108.16363636363636,27.926383932443212,26.75800762271314,81.02194013825113,75.68956591175184,996.7563180191509,996.0248663636642,,,,,,,
2024,5,2657,PI,29.96,27.91992814140302,26.48926831236609,69.56133021668215,63.6290291855624,979.2296056040136,978.709588902576,,,,,,,
2024,5,2210,CE,44.066666666666656,27.755446051635868,26.632773811338616,78.29779150952999,72.12184543039278,988.1014177856332,987.6037010140988,,,,,,,
2024,5,1794,RN,44.46666666666666,28.58568047842241,27.44248619778139,77.34680277671046,71.51216043830283,1004.3650743333108,1003.80998647987,,,,,,,
2024,5,1606,PB,100.0,26.827977915881146,25.65678349831576,77.62561268969242,71.56056590448179,974.1716751150892,973.6817758884964,,,,,,,
2024,5,3275,PE,36.22222222222222,25.31967875676088,24.193580157831928,78.7409750231482,73.4230836117789,959.2240008439212,958.7590557429594,,,,,,,
2024,5,2367,AL,249.46666666666667,26.15411941224996,25.24806502503361,87.41230682228087,82.52060548951741,999.611044032638,999.1498820633572,,,,,,,
2024,5,216,SE,303.06666666666666,26.362096774193542,25.34690860215053,85.623394732316,79.51815767033052,1000.4517809139784,999.9975134408602,,,,,,,
2024,5,35462,BA,71.84848484848486,25.409090501135086,24.157663126764582,77.2434114890562,71.51343949335279,973.311635220846,972.7892574227787,,,,,,,
2024,5,166312,MG,9.748387096774191,22.896437902031085,21.34053340516984,72.49973868158942,66.36566154266205,934.1080888090816,933.6632173714196,,,,,,,
2024,5,26890,RJ,34.39,23.58517342460375,22.316753674959383,79.15799316935518,73.56820444281026,980.7564550241812,980.2824407769992,,,,,,,
2024,5,575343,SP,38.53333333333333,22.47090004401705,21.075090811558148,72.39352748969245,66.70328784417369,949.3549046730895,948.8862632329052,,,,,,,
2024,5,132966,PR,98.87272727272727,20.84367163863595,19.68147041381112,77.52873986669442,72.99344344971674,942.2274456802955,941.7369692868724,,,,,,,
2024,5,76840,SC,254.4636363636364,17.4277377977402,16.582688094337065,86.00627454874606,81.90603379628764,944.1703478427412,943.6012856870542,,,,,,,
2024,5,50299,RS,375.6439024390244,15.726936509172262,14.943666004188756,87.90122139260873,84.18229740146134,975.2165545797222,974.5551661629992,,,,,,,
2024,5,3440,MS,26.952,22.83763278822792,21.524369206185707,71.75103727772476,66.19532068287805,968.9282352475656,968.4577073542996,,,,,,,
2024,5,8278,MT,4.975,25.76850265850163,24.333656860202527,73.45508281958266,67.50466876155544,965.6559501703688,965.045265495003,,,,,,,
2024,5,52540,GO,0.3263157894736842,24.853335376130023,23.27382130062041,65.63073525958933,59.08793458244041,934.8094447779916,934.3579381600498,,,,,,,
2024,5,16649,DF,0.6,22.361124562819487,20.72216841538875,67.30320150659135,60.47995695453324,897.7411891310195,897.3311541565779,,,,,,,
2024,6,135,RO,0.25,27.266732646945087,25.772941963134823,68.13466824568187,62.25041811678266,984.7780513663316,984.3249170211396,,,,,,,
2024,6,99,AC,37.35,26.291979166666668,25.013472222222223,84.7528621495327,78.46129283489094,991.0946527777776,990.5940625,,,,,,,
2024,6,206,AM,90.60000000000002,28.12342135584998,26.866076510481584,81.3232472265046,76.10862852466998,1006.4782153140982,1005.9133056299636,,,,,,,
2024,6,148,RR,107.8,29.61127819548872,27.742857142857144,71.37218045112782,62.1015037593985,1002.9958646616542,1002.2466165413532,,,,,,,
2024,6,1255,PA,66.52380952380952,27.737749238812583,26.490062862058007,77.65253797450828,71.4893171920722,998.3311725687832,997.831014931152,,,,,,,
2024,6,848,AP,245.9,27.10263888888889,26.00166666666667,69.03000471672405,83.37078609221466,1008.8118055555556,1008.2664930555557,,,,,,,
2024,6,303,TO,0.0,26.24179661459944,24.50732020779466,67.46865749992845,60.57517636260574,979.252391728266,978.793677178565,,,,,,,
2024,6,433,MA,67.03636363636365,27.67442494460949,26.371648571597085,75.10067516883922,69.74268110569031,998.2177395641756,997.5347675034942,,,,,,,
2024,6,1755,PI,5.52,27.810263076588413,26.23185872044236,61.7843779874095,55.88611866888142,980.7730783778644,980.2680584531385,,,,,,,
2024,6,1447,CE,41.025,27.537542761727643,26.297684479460123,72.60364546017486,66.25917786695913,988.6306882534304,988.169782200379,,,,,,,
2024,6,1030,RN,5.0666666666666655,27.983247354497355,26.76255291005291,73.57572392745587,67.37374537833874,1006.228191137566,1005.680625,,,,,,,
2024,6,916,PB,100.91111111111113,25.95423151508124,24.688263577411327,68.80107832388046,70.09259118791333,976.069535620176,975.5914650071168,,,,,,,
2024,6,2478,PE,49.875,24.00341540812129,22.946164489105666,78.74642769812499,73.84260844124287,960.7541280614809,960.2994045007282,,,,,,,
2024,6,2635,AL,227.4,24.69456341197116,23.750962618557672,88.64416428222395,83.32398700544931,1001.7263357910062,1001.2905541548048,,,,,,,
2024,6,262,SE,217.3333333333333,25.008263888888887,23.978611111111107,86.01742852037965,79.51795322133452,1002.6743055555556,1002.2427083333332,,,,,,,
2024,6,10339,BA,84.44516129032257,24.049464800421376,22.783584286719577,76.31948603957136,70.69163400132872,974.7548300161902,974.238367628881,,,,,,,
2024,6,41418,MG,2.8688524590163933,20.956971266232745,19.302620084924527,69.2417538315064,63.0100832451127,935.5491766494296,935.1167590779324,,,,,,,
2024,6,10700,RJ,19.92,21.60058356321108,20.22846548977168,76.40945169515193,70.25797043421143,983.2981779448148,982.8447972192288,,,,,,,
2024,6,186209,SP,8.102857142857141,20.94770903770802,19.375126332773604,67.29124192496715,61.39440195098623,950.423376602046,949.9851080960703,,,,,,,
2024,6,32802,PR,38.17142857142858,20.074952163009616,18.75247171024342,71.35432182510101,66.3970601510117,942.1934385560064,941.729456067466,,,,,,,
2024,6,17717,SC,126.82727272727271,16.7540422756191,15.756258684075464,82.42246792806017,77.70377560723806,945.5523274910452,945.034246586547,,,,,,,
2024,6,11552,RS,188.79024390243904,16.606865382250028,15.666722172611523,82.83397608422653,78.53393744692384,975.4185021463884,974.8293001398664,,,,,,,
2024,6,1043,MS,0.5359999999999999,23.85128794888752,22.22432668352012,60.30492653371738,54.20254857846545,969.7425714447944,969.2724398086297,,,,,,,
2024,6,3461,MT,0.1809523809523809,26.09262605537088,24.341342735033194,60.40436497404424,53.855038915096166,967.0368182673246,966.4038578956308,,,,,,,
2024,6,19356,GO,0.0,23.21718962731176,21.476521900308363,59.702298838541736,53.189080075089606,935.6428199722718,935.2058737569754,,,,,,,
2024,6,4985,DF,0.0,20.72974930362117,19.02125348189416,64.07771587743731,57.444011142061285,899.06208913649,898.6440947075212,,,,,,,
2024,7,99,RO,1.1333333333333333,26.335483870967742,24.69793906810036,58.51568100358424,52.56675627240144,982.2527777777776,981.7638888888888,,,,,,,
2024,7,96,AC,19.8,24.27199756711203,22.98459014603479,73.8732020492598,66.11315776714719,993.454320759824,992.93091797692,,,,,,,
2024,7,291,AM,72.58333333333334,28.077273999827185,26.843222394358687,75.49169883400349,69.98479531533178,1007.5153297885628,1006.9680154783708,,,,,,,
2024,7,81,RR,96.2,29.64456928838952,27.6749063670412,72.25842696629213,62.13857677902622,1004.0711610486892,1003.3985018726592,,,,,,,
2024,7,991,PA,24.8,27.938458007417367,26.587630080607376,70.9452575933624,64.63672978414411,999.5155507508516,999.0262258074944,,,,,,,
2024,7,1097,AP,129.79999999999998,27.305043612998944,26.116703559235507,67.58626238459429,80.55877060732784,1009.7107181886348,1009.1784804648862,,,,,,,
2024,7,101,TO,2.5125,25.909839135399945,24.01687233047345,60.69706776719032,53.54890252840524,980.4221444914052,979.9367649748056,,,,,,,
2024,7,167,MA,14.69090909090909,27.26039404646917,25.86882210128897,69.43288562252079,63.96411234077901,999.68489887349,998.953873776999,,,,,,,
2024,7,838,PI,3.52,27.71816869986777,25.98913754090644,55.25497711168402,49.18268140454816,982.1961667055284,981.6499168248628,,,,,,,
2024,7,1104,CE,6.15,27.80900695423348,26.40790533432727,62.18655073139296,55.68614909617113,989.9079348275184,989.4071618567924,,,,,,,
2024,7,1159,RN,2.5333333333333337,27.16206196345692,25.79142118893196,67.6502164095053,62.107148432372426,1009.0472691580948,1008.5462680739572,,,,,,,
2024,7,944,PB,61.55,25.06597769574836,23.85262704002852,65.15170683285034,67.8510658189017,981.3209722719872,980.8475883849868,,,,,,,
2024,7,2196,PE,36.925,23.495387969929293,22.367881188310843,72.69341580358832,67.91647059149123,962.2784104480872,961.8097357299112,,,,,,,
2024,7,3143,AL,125.66666666666669,24.0674597509958,23.08815283359661,85.8416416486154,80.31368962876995,1003.7961014972872,1003.3629583823464,,,,,,,
2024,7,199,SE,117.4,24.602202817696348,23.55438397263347,81.34358064307638,74.44285152417542,1005.2692413692672,1004.8332490792196,,,,,,,
2024,7,4819,BA,35.58125,23.449624808616072,22.083094422518418,72.85611443509053,67.1726950132318,976.0156741100668,975.4852344377044,,,,,,,
2024,7,10630,MG,3.34516129032258,20.74052947350385,18.999626136093053,64.60432937825696,58.301777550748255,936.7184889539072,936.2763538449188,,,,,,,
2024,7,5779,RJ,29.019047619047612,20.029233473636094,18.84827364514415,80.33322501966767,74.88939155347664,987.017267092788,986.5756540064212,,,,,,,
2024,7,55341,SP,38.03428571428572,19.96651961496745,18.48773090094237,69.01807662534824,63.469883108810414,953.3331731969938,952.8512442309352,,,,,,,
2024,7,8002,PR,84.13333333333331,17.294131168258872,16.091214597908976,75.4981831904679,70.82815667195355,945.1080947167588,944.5933436652294,,,,,,,
2024,7,3668,SC,171.50434782608696,13.926798536434042,13.013359507327552,83.35074966893512,79.17438659412876,948.2094831392186,947.6931274771896,,,,,,,
2024,7,2828,RS,58.29268292682927,12.844924639224573,11.852946403197864,84.02341100865799,79.55021947391133,981.0068060750942,980.500452179067,,,,,,,
2024,7,267,MS,23.896,20.94135590494155,19.37445817678876,61.71527961946907,56.01776540253631,972.8699529621624,972.358216799444,,,,,,,
2024,7,1835,MT,0.025,25.09854522083987,23.207810248775523,55.02858097974635,48.69032219390421,968.8808068737133,968.2182529662656,,,,,,,
2024,7,8398,GO,0.0,23.346983074988447,21.43000769878929,53.092372982798175,46.4950321947938,938.655416699364,938.2055794310744,,,,,,,
2024,7,2122,DF,0.0,20.86120086160474,19.090737749057613,53.72967151319333,47.528952329652576,900.0450484391818,899.6115715823465,,,,,,,
2024,8,83,RO,5.533333333333334,27.99274193548387,26.353449820788533,52.5,46.884408602150536,980.9027329749104,980.3606630824372,,,,,,,
2024,8,93,AC,13.450000000000005,25.673044354838712,24.371331485215048,68.54811085823604,60.69888762451349,991.7076360887096,991.1650151209676,,,,,,,
2024,8,297,AM,46.53333333333333,28.93158828043182,27.550171771711625,71.34399279910488,65.7141331318039,1006.6215637072866,1006.0278955896702,,,,,,,
2024,8,83,RR,73.80000000000001,31.695483870967745,29.653548387096773,62.42580645161291,52.53870967741936,1003.285806451613,1002.5893548387096,,,,,,,
2024,8,815,PA,23.8,28.394909663720064,26.984504131454745,69.40914918165336,63.225268013204406,999.738347119386,999.1899652699472,,,,,,,
2024,8,1014,AP,70.46666666666667,28.01720284997025,26.825138580529075,59.34142184924636,77.85725806451612,1009.0490540609176,1008.4932055635368,,,,,,,
2024,8,42,TO,4.500000000000001,27.515208758565468,25.492483588729765,53.739772157767234,46.426534846812,979.3710871938908,978.8308559877296,,,,,,,
2024,8,99,MA,2.6307692307692303,28.49925671242404,26.951841823243832,62.467050145432026,57.05093804310061,998.1243163751086,997.3656625461664,,,,,,,
2024,8,441,PI,0.714285714285714,29.04003697393886,27.27655486184171,46.82724526692001,41.46430494723687,982.7562047313608,982.1710894968924,,,,,,,
2024,8,640,CE,0.05,28.924461551413465,27.29421545374956,53.68509328415786,47.4732709214192,993.7764631839116,993.112133310779,,,,,,,
2024,8,835,RN,9.66666666666667,27.329346874359327,26.049590452274767,60.180497543344885,55.42223044563565,1006.9997649942426,1006.4604617637603,,,,,,,
2024,8,870,PB,15.6,25.83854932282667,24.496925221563124,65.53138444294444,60.03176141926336,981.0961040169008,980.576914069262,,,,,,,
2024,8,1266,PE,7.239999999999998,24.328836577342624,23.0831033256428,68.1377603341859,62.980781937781884,961.808707921308,961.2988948355508,,,,,,,
2024,8,1783,AL,43.2,24.43347378706529,23.31774965104165,81.61858093997756,75.91548031057012,1003.3607550428331,1002.8885329586442,,,,,,,
2024,8,130,SE,65.6,24.71686827956989,23.60426747311828,79.3768211660299,72.4911568015161,1005.256384408602,1004.7650201612904,,,,,,,
2024,8,2426,BA,51.42068965517241,24.170264597419227,22.745707248471128,69.61406855365954,64.16231584515141,973.5617044561064,972.9981635880137,,,,,,,
2024,8,4403,MG,7.529032258064516,21.81170303204457,20.044389014537373,58.95659750887141,52.909210388037465,935.8642432091444,935.3772094163578,,,,,,,
2024,8,3173,RJ,62.63809523809524,20.729730826718345,19.30164426611984,73.48995957993168,67.03955893207689,985.6959733667964,985.2045233939205,,,,,,,
2024,8,23258,SP,35.67777777777778,21.12383939049079,19.385509199480985,58.39588116283311,52.16519613156921,953.7894947510677,953.2706477555008,,,,,,,
2024,8,3508,PR,31.575,18.9123471379024,17.367074616046487,61.682819529803965,55.89164030287008,943.9351518019574,943.422633172419,,,,,,,
2024,8,1286,SC,52.73043478260869,15.481965859646373,14.34711317905324,75.35073366840369,69.62586472981599,946.0260086573768,945.5051435590228,,,,,,,
2024,8,871,RS,124.1658536585366,14.969946001710808,13.91934851401184,80.13047888843512,75.14765142579206,977.5482621570468,976.9514384572004,,,,,,,
2024,8,135,MS,26.676923076923075,23.001239104574537,21.227442624642944,47.67133666229356,41.81317576365,971.106929780796,970.5582245004354,,,,,,,
2024,8,846,MT,2.847619047619048,27.42319805981233,25.48664766644053,43.05751239874809,37.46743149055843,966.5565811172024,965.8570187116154,,,,,,,
2024,8,4394,GO,0.0,24.83884341613421,22.96642356299446,43.52666820196863,37.96983780340478,938.4936742080288,937.987699799425,,,,,,,
2024,8,1939,DF,0.0,22.30660454919156,20.49155933132365,47.79254590298712,42.05152096464784,899.0503151548368,898.5781035900246,,,,,,,
2024,9,47,RO,35.93333333333334,30.256159240924088,28.68516914191419,56.841286211954525,50.71578199486616,978.274708012468,977.6228121562156,,,,,,,
2024,9,115,AC,45.2,27.484037725097167,26.27651547688817,71.44082795881421,63.46576007015162,989.2662325928744,988.6477729366944,,,,,,,
2024,9,363,AM,70.7,30.493889838259378,29.13249055810229,69.18979995554831,63.74501920603006,1004.6093486135976,1003.9046420008764,,,,,,,
2024,9,49,RR,97.60000000000002,30.175851851851853,28.61881481481481,67.1451851851852,59.75111111111112,1001.2078518518518,1000.5468148148148,,,,,,,
2024,9,638,PA,13.045454545454543,29.530059679492307,28.1076659044949,66.53021238932809,60.61479643526721,997.8788300562794,997.282859689996,,,,,,,
2024,9,474,AP,22.933333333333337,28.767738280238284,27.54242391867392,57.54565862742928,73.44756701631701,1007.5523225848226,1006.98606999482,,,,,,,
2024,9,40,TO,1.8125,29.810377698173188,27.65965132928988,45.60403187597217,38.52389914047057,976.8450479193008,976.2412328608746,,,,,,,
2024,9,101,MA,2.3999999999999995,29.429353328939506,27.9068572591741,59.12225105593687,54.010322455403454,997.7681143984072,996.9416417563784,,,,,,,
2024,9,214,PI,0.3142857142857142,30.47797373534921,28.643884052059448,42.02279342685272,37.03589027970629,981.3544792378752,980.7261175174336,,,,,,,
2024,9,391,CE,0.0333333333333333,29.39327360160196,27.708887220720605,49.342957564521456,43.39234520656285,990.2740431628324,989.6309725882716,,,,,,,
2024,9,558,RN,3.3666666666666667,28.181716641259296,26.814875698122872,56.616161176859066,51.657468946389,1005.6602666807522,1005.0791748269434,,,,,,,
2024,9,552,PB,16.974999999999998,26.518597744849,25.1361365284432,62.92527987793312,57.46494823224423,979.8692554589902,979.3133665635193,,,,,,,
2024,9,1160,PE,11.65,25.403496316614813,24.06172296715664,64.81341612439448,59.89526731940577,959.8335904178158,959.2751217774044,,,,,,,
2024,9,999,AL,26.6,25.331699112230307,24.091861028462205,77.57644783337744,71.57423098968292,1000.0155435207434,999.4894462067276,,,,,,,
2024,9,80,SE,16.466666666666665,25.397644056173696,24.19599342257765,75.69245841052957,69.16049643610724,1003.6954304299954,1003.1850508035852,,,,,,,
2024,9,1590,BA,19.053333333333327,25.435427256882864,23.84437691216095,63.36638974239517,56.89813275254558,972.0060659472624,971.3832464721736,,,,,,,
2024,9,3679,MG,7.2,25.19828680260124,23.36213758898272,50.627808816791664,44.87601674582356,933.2694153271734,932.740919402556,,,,,,,
2024,9,2296,RJ,14.700000000000005,23.418884146412395,22.107583995776626,72.62631438538413,66.83485681878939,981.0562027070372,980.553195565967,,,,,,,
2024,9,15277,SP,22.81111111111111,25.315601260279102,23.58526096333727,54.3330267002541,48.58091476002509,950.0099141345572,949.465453471148,,,,,,,
2024,9,2287,PR,83.56521739130437,22.92464044757751,21.42309162652156,62.57985800175136,56.96389582352284,942.4789814606352,941.906516085762,,,,,,,
2024,9,370,SC,96.9304347826087,18.9963266644802,17.891679317725853,78.63590679817459,72.86175385693964,943.290772958538,942.678712869224,,,,,,,
2024,9,814,RS,171.2682926829268,18.44460290451985,17.361074723885636,81.64943899775214,76.4907527301078,972.629191677833,971.9066342720856,,,,,,,
2024,9,114,MS,36.84615384615385,27.10956304881856,25.393570985215806,50.07419094622491,44.4142265117231,967.180496681549,966.603215932198,,,,,,,
2024,9,542,MT,7.609523809523811,30.369213287257143,28.519161375904613,43.76041672706127,38.11802133401592,964.555835768102,963.7315299344876,,,,,,,
2024,9,2985,GO,2.3777777777777778,28.919780205521644,26.99711263917138,34.613991864926966,29.63788444155666,935.0305403818068,934.4743712185827,,,,,,,
2024,9,983,DF,0.0,25.81628106255356,23.96686660954013,35.30077120822622,30.620965438446163,896.9863181948012,896.474293059126,,,,,,,
2024,10,30,RO,100.26666666666668,29.611865035224323,28.042982944011868,66.95868866641948,59.93566926214312,978.2941292794462,977.5556667902608,,,,,,,
2024,10,314,AC,213.66666666666669,27.73488457956844,26.506008131205107,74.86167756146085,66.03489590734688,989.6948305736222,988.9632254548188,,,,,,,
2024,10,336,AM,77.48333333333335,30.014449693626005,28.592031278349943,71.82466365298446,65.94984623722645,1004.6342448719346,1003.8796693109068,,,,,,,
2024,10,35,RR,17.0,30.43736559139785,28.94973118279569,62.02688172043012,56.02016129032258,1001.1970430107526,1000.5518817204302,,,,,,,
2024,10,494,PA,53.8,29.042660621754887,27.770275311207723,72.35700266506258,66.61911755737816,997.625843980262,997.0016096891278,,,,,,,
2024,10,326,AP,50.6,28.833880734034555,27.575535925307392,57.94985350880316,73.14913414127011,1007.1687695936243,1006.5796150615764,,,,,,,
2024,10,35,TO,97.66249999999998,29.30854124523156,27.71850855572254,67.4807579563015,60.89136278864632,976.2690500916608,975.6236447505854,,,,,,,
2024,10,81,MA,22.2,29.708910024375,28.38833452989268,64.56993804032797,59.57465362530878,997.1097675001027,996.2874954359088,,,,,,,
2024,10,171,PI,30.457142857142856,31.178239704830588,29.507594644312817,48.03387682666931,42.5666991965948,980.0696939440186,979.4045453848892,,,,,,,
2024,10,262,CE,0.15,30.67864579863205,29.11888889618992,52.02776200407246,46.116294405617374,993.4656435576384,992.8164049446376,,,,,,,
2024,10,490,RN,5.0666666666666655,28.66672078867385,27.38783391921424,61.569365308415776,56.48143763400774,1004.7162476891496,1004.1213142173094,,,,,,,
2024,10,532,PB,8.35,27.7050912044708,26.2915804831416,61.44864547690835,55.9261781175765,978.5202132512944,977.9430908194842,,,,,,,
2024,10,997,PE,2.1142857142857148,26.947480316209948,25.565414770013508,63.08776247130904,58.1347157803911,956.3816128306316,955.8243578318984,,,,,,,
2024,10,599,AL,6.15,27.19707214879729,25.910871133991645,75.60893389048519,70.30519482219094,997.8982399767364,997.3331377031828,,,,,,,
2024,10,71,SE,5.2,26.67845347987557,25.450558918563804,75.27708667527216,68.94474656168204,1001.1996975806452,1000.667137096774,,,,,,,
2024,10,1278,BA,36.9642857142857,27.499859316009864,26.025760876369965,64.22658425284035,58.5034508270725,968.5024518570837,967.8473600490692,,,,,,,
2024,10,4175,MG,148.4,25.300750224168056,23.85222240007536,67.10019988079128,61.236312403440365,931.3999746877485,930.8104807966544,,,,,,,
2024,10,1651,RJ,153.26315789473685,22.919555501911308,21.830368338214083,78.38476779295453,73.20938129874382,980.1991201839836,979.6385942335912,,,,,,,
2024,10,14301,SP,120.46451612903226,24.360027766813136,22.985431132394325,70.64298469584868,64.87492557722996,948.3091624933242,947.7139491463604,,,,,,,
2024,10,2295,PR,126.9217391304348,22.937427836908302,21.642861939697028,72.81646770685366,67.309947851696,941.3211915847296,940.7494786211124,,,,,,,
2024,10,492,SC,145.4090909090909,19.63325427605433,18.536066271571883,81.35065859783491,75.69427833942869,944.0114819871249,943.4325085399591,,,,,,,
2024,10,817,RS,153.81951219512197,19.846320296419645,18.715946463288017,79.77920664284174,74.1447191160114,972.3987270327395,971.78000366802,,,,,,,
2024,10,130,MS,108.2,27.810480543758047,26.348300238838043,62.60046326954295,56.377907240859656,965.8439947439132,965.2309607343776,,,,,,,
2024,10,400,MT,108.67777777777778,29.46766428917082,27.91112769128896,64.13869905464225,57.45212895820939,964.1701368977944,963.185349490976,,,,,,,
2024,10,3046,GO,155.57894736842104,27.24805418031043,25.749950472019368,65.5607985592538,59.22595479887883,933.9008814702772,933.2624324217752,,,,,,,
2024,10,1003,DF,927.6,24.501732462368647,23.027378585629084,68.00908832717978,61.684748650951455,895.5484228473997,894.9728254690164,,,,,,,
2024,11,53,RO,92.06666666666666,27.36193201314892,26.133435478944826,78.92116656344012,72.68490676249498,977.274985100596,976.5569634931904,,,,,,,
2024,11,556,AC,188.45,26.408667641578823,25.48009591068801,79.84625157357715,72.72556069038627,988.0892236467236,987.419094551282,,,,,,,
2024,11,440,AM,86.32307692307693,28.630971972152864,27.46933224562888,78.80308344244324,73.62129490393738,1003.5114441895212,1002.7956204129456,,,,,,,
2024,11,16,RR,160.99999999999997,30.29027777777778,28.818472222222223,62.14861111111112,56.25,999.7459722222222,999.09375,,,,,,,
2024,11,658,PA,81.05454545454546,28.593099930585414,27.40461687325301,75.3389317912108,69.80527908759119,995.4561010453936,994.6436410816344,,,,,,,
2024,11,175,AP,72.46666666666667,28.67219907407408,27.44599957912457,60.03951243775876,75.18890943458251,1005.890655513468,1005.3129545454544,,,,,,,
2024,11,58,TO,174.91249999999997,27.15068438506408,25.93644576923058,81.52978725061344,75.4720534103374,975.7882029914398,975.1558507210036,,,,,,,
2024,11,114,MA,50.30909090909092,29.26196060427033,28.024357266281424,67.31463735801313,62.37367346879165,995.9126700322432,995.096767823081,,,,,,,
2024,11,151,PI,90.66153846153844,29.99729215619275,28.53481516536037,57.67413749413442,51.77604077156747,977.0717219796971,976.4793867110536,,,,,,,
2024,11,215,CE,0.4,30.48507650586525,29.027647467446048,53.847395196060326,47.91458290279922,994.4982940343272,993.8785527422943,,,,,,,
2024,11,444,RN,1.6333333333333335,29.497034698222883,28.14640666110288,58.00866199519416,52.787753943128365,1003.1284932501104,1002.5392643003146,,,,,,,
2024,11,508,PB,2.844444444444445,28.724840301337377,27.315459645684463,56.74268393549574,51.45798477081043,973.345087703757,972.8037865660292,,,,,,,
2024,11,977,PE,32.31111111111112,28.18723703404078,26.747881629458423,60.03006191481399,54.871109854241645,955.710965404726,955.1598296356326,,,,,,,
2024,11,323,AL,26.35,28.81829160218277,27.437361516966607,73.28486982540936,68.03216007341365,996.04219666459,995.4900196441672,,,,,,,
2024,11,44,SE,19.66666666666667,27.16907243457623,25.84097620385985,75.07389413032625,69.1488185849757,999.4269724330148,998.9164726789396,,,,,,,
2024,11,1401,BA,114.12142857142857,26.7471828789971,25.417533606116155,71.42740975816393,65.33395940781038,967.2920172958028,966.6801242171048,,,,,,,
2024,11,6837,MG,198.5311475409836,24.052157310008347,22.820006545905866,77.18716829861724,72.1138700518278,930.7331472037872,930.20431928483,,,,,,,
2024,11,1630,RJ,190.7777777777778,23.65160696389264,22.509361644629983,79.04654912687373,73.2195433571362,976.499033204824,976.0249895482948,,,,,,,
2024,11,16752,SP,182.9354838709677,24.23610173046812,22.97868556507117,76.72802777436137,70.95812957211051,944.5411913368106,944.002614804808,,,,,,,
2024,11,2631,PR,169.0608695652174,23.54379544492011,22.27769976708035,76.04732873598175,70.49046150595764,939.7749459966074,939.2566436387272,,,,,,,
2024,11,622,SC,164.58095238095237,20.96998468609032,19.88326411066791,80.99418893629564,75.43603036632594,939.3857090917072,938.8983209655156,,,,,,,
2024,11,564,RS,94.68292682926833,22.287680128597465,21.099764465823867,77.01462749757577,71.53765310182034,970.6049298314985,970.0748692166233,,,,,,,
2024,11,155,MS,134.79199999999997,27.270119049205768,25.873527619086826,70.66112498803608,63.857453221659455,964.4411393695942,963.849302103461,,,,,,,
2024,11,689,MT,251.525,26.738325811406767,25.49738687177919,79.27821879377709,72.98944540359619,963.5925454823708,962.6949289793772,,,,,,,
2024,11,5220,GO,244.8636363636364,24.960177952084088,23.778653871252192,82.51800778021966,76.3225354953941,934.886710604272,934.2928339784424,,,,,,,
2024,11,1694,DF,1528.8000000000002,22.59083629893238,21.44234875444839,82.9225749035894,76.85968555324828,894.6163749629187,894.0570623145402,,,,,,,
2025,1,112,RO,213.0,26.633667650948112,25.44593940679444,82.32776232505307,76.22453206494404,978.6517674960812,977.939045947851,,,,,,,
2025,1,2315,AC,214.2,26.399547491039424,25.396462066905613,81.6689708141321,73.86194316436251,989.89152479092,989.191986260454,,,,,,,
2025,1,654,AM,228.18461538461537,27.422056380550515,26.30683488175469,82.76125007228525,77.83027563417204,1005.1623168108708,1004.426857313156,,,,,,,
2025,1,15,RR,7.000000000000002,28.94005376344085,27.734811827956985,57.76881720430107,53.134408602150536,1002.0849462365592,1001.430510752688,,,,,,,
2025,1,2215,PA,277.3684210526316,26.65194654837311,25.59315362723469,86.27004603671467,81.351271970043,996.6167604980463,995.7199076141789,,,,,,,
2025,1,370,AP,203.6,26.21520158655297,25.2706353114164,85.92780333934985,82.66073055565326,1007.5271196303548,1006.9436771714478,,,,,,,
2025,1,261,TO,243.8857142857143,25.885411052767296,24.73791420382831,88.53065252520909,83.2669531341639,979.6548777797348,979.0162598782244,,,,,,,
2025,1,255,MA,227.8153846153846,26.96590605736915,25.926156630021488,82.34149288535981,77.58937281858283,996.0554281629188,995.2179790346996,,,,,,,
2025,1,380,PI,226.6,27.10238977031566,25.92316446837324,77.18121047458669,70.65263929217005,976.6067730268688,975.992628212462,,,,,,,
2025,1,192,CE,117.36,29.817393200715323,28.382151014101808,67.6652258513758,60.28705288537993,993.5882351917191,992.9895837490672,,,,,,,
2025,1,410,RN,99.75,29.635687439063503,28.334900572919835,69.38936415532538,63.720464178159865,1002.9240092595356,1002.368495528774,,,,,,,
2025,1,501,PB,144.05,28.05269526898546,26.84593376123549,69.64457798593436,64.03758777158396,972.4981160940728,971.9557046215992,,,,,,,
2025,1,864,PE,146.57142857142858,26.92856431941864,25.693933522391703,73.1504182288982,67.57760692551719,955.8142828056274,955.2849691842788,,,,,,,
2025,1,256,AL,60.86666666666667,29.26012787343169,27.95465603889254,77.39767447310403,72.23716317756055,995.55158625921,995.0087885394564,,,,,,,
2025,1,32,SE,117.0,27.712813620071685,26.485528673835123,77.00814501887855,70.73307853129648,998.7704445795164,998.2753551968912,,,,,,,
2025,1,2787,BA,152.70833333333334,27.076158207655013,25.73738292762591,75.9123782819166,69.57063503442208,968.8051191186198,968.1899017673186,,,,,,,
2025,1,18644,MG,243.15666666666667,24.673893768909565,23.34433590070776,81.01242756511017,74.50311847006286,930.126546388185,929.5782054340856,,,,,,,
2025,1,20,ES,187.2,26.05762305989269,24.892594542594345,80.81361254562457,75.28830223577721,985.2053541727824,984.695974004068,,,,,,,
2025,1,3184,RJ,156.89999999999998,25.772160227486257,24.539155904674693,77.73890132007136,74.5333814949643,977.8221751521248,977.3133763663408,,,,,,,
2025,1,114331,SP,159.7925925925926,25.31622162568428,23.92294765784976,78.41782746266499,71.57930342640164,945.8973188406932,945.3474398752536,,,,,,,
2025,1,6886,PR,143.4090909090909,24.47508789387176,23.048025918125383,76.88854826968121,70.40380436880677,939.1706772860124,938.6574506533505,,,,,,,
2025,1,1344,SC,135.37894736842105,23.252125853079267,22.013296222448645,77.06752054154947,70.42268025980712,943.5418117024694,943.053702820568,,,,,,,
2025,1,685,RS,74.4842105263158,24.516733171864427,23.033202267769564,73.2459719052049,66.7168734185123,968.7303396273948,968.2559649609536,,,,,,,
2025,1,983,MS,119.15652173913044,28.00943335900081,26.44597584368376,71.61772862990314,63.630506031350286,963.9356327051712,963.3136258840264,,,,,,,
2025,1,7098,MT,219.52307692307693,26.367578930081407,25.09180924359853,82.39538333390473,76.48181892914182,963.8104278335136,962.8739784048732,,,,,,,
2025,1,10832,GO,269.9523809523809,25.091057606569176,23.810326824573124,83.39146961202243,77.04528294621974,935.0554701531776,934.4511271466788,,,,,,,
2025,1,1242,DF,1731.6,22.729827864443248,21.45637439483593,84.02241425870916,77.83140317802315,894.6931145777297,894.1188811188813,,,,,,,
2025,2,204,RO,279.46666666666664,26.46024095575357,25.20569714007939,83.09283358757264,76.80859407087041,978.83139570783,978.0968741574928,,,,,,,
2025,2,2576,AC,413.5,25.86787205424092,24.99105743012952,82.6973899812734,75.19952180310327,989.8639278410752,989.1722331775244,,,,,,,
2025,2,724,AM,307.41538461538465,27.007033149305485,25.953496406208448,84.42434152825078,79.60778559781204,1004.8725426498562,1004.1247020977012,,,,,,,
2025,2,28,RR,12.2,28.67738095238095,27.585267857142856,59.61607142857143,55.18154761904762,1001.7026785714284,1001.0471726190476,,,,,,,
2025,2,3315,PA,367.05882352941177,26.25024426711344,25.246588044745543,87.10214826992029,82.37086720093377,995.9193179404632,995.0325690116996,,,,,,,
2025,2,528,AP,265.46666666666664,25.913372275527127,25.029640191897656,87.09461766681594,83.92186276908022,1007.094094556977,1006.4974391435678,,,,,,,
2025,2,418,TO,195.7230769230769,26.181260915235896,24.97099890607187,86.99280336795874,81.3264093940319,979.4050522089298,978.7877553919396,,,,,,,
2025,2,728,MA,241.04999999999995,26.824307073178183,25.7452913084073,83.31897641703513,78.1004430029258,996.2982529418967,995.4494860380306,,,,,,,
2025,2,834,PI,106.43333333333337,28.144352671338435,26.7581130128984,71.0400243364508,64.28298552910877,976.92240778978,976.342511090652,,,,,,,
2025,2,331,CE,72.3,29.2584611600868,27.934321647692126,70.1830925642835,63.05119349892986,990.8782870900768,990.3060201852828,,,,,,,
2025,2,527,RN,73.2,29.03397168298448,27.733580168329247,71.72056015528128,65.73814828879391,1002.5061733024244,1001.9697371716056,,,,,,,
2025,2,1030,PB,135.88571428571427,26.56170120862744,25.37632278679556,75.75220879954382,69.73437057447663,973.2756133834112,972.772601563437,,,,,,,
2025,2,1378,PE,31.685714285714283,26.56304181688448,25.29115677106805,71.70146600525145,66.35914402266923,955.8892664607312,955.3848023160684,,,,,,,
2025,2,298,AL,62.53333333333333,28.43920052690321,27.12901008071983,78.51355920697065,72.76635191854389,996.0285573184544,995.5270727655156,,,,,,,
2025,2,46,SE,66.66666666666667,27.29454009713337,25.997759565268897,77.7577762087198,70.59463020811724,999.3306426699932,998.872102140822,,,,,,,
2025,2,3958,BA,49.38333333333334,27.130612910340176,25.643385962984063,73.59694605835841,66.53518843219463,969.5007448745364,968.9295659339998,,,,,,,
2025,2,31679,MG,54.46,25.520601158285483,23.955125829627967,71.79969568413705,64.54678830222907,932.013680059212,931.5250843790316,,,,,,,
2025,2,18,ES,25.333333333333336,27.2102120311422,25.709523032489905,72.5610313642684,66.19184940925983,987.761709232274,987.3008930872512,,,,,,,
2025,2,6870,RJ,20.905263157894737,27.206662408171542,25.75369749144257,71.75630237925456,66.99873128925239,980.5268178960904,980.0776361208648,,,,,,,
2025,2,162274,SP,165.08333333333331,26.164288400605603,24.745913953273345,78.57523671232828,71.49046651916531,947.9134707955818,947.3777196639516,,,,,,,
2025,2,14256,PR,137.25263157894736,25.32004373893749,23.922117522046623,80.04468646051073,73.17245436620483,937.8912445112784,937.3226037426348,,,,,,,
2025,2,1611,SC,128.22105263157894,24.72797572839936,23.489054746159344,79.2412449988817,72.41858362361737,945.3860998345236,944.8408547608252,,,,,,,
2025,2,1753,RS,105.37435897435896,25.85960163792333,24.442216431572696,77.18143436056909,70.75718012615887,970.8030502174972,970.247374761441,,,,,,,
2025,2,1551,MS,100.0090909090909,27.614964266320715,26.104229774171163,74.87526294797837,67.19121933049465,965.5137406205356,964.8577039594868,,,,,,,
2025,2,6726,MT,200.3692307692308,26.463038575061603,25.10134046153577,80.64743308103898,74.24126086431345,964.5197908145694,963.5007287550004,,,,,,,
2025,2,15474,GO,155.96000000000004,25.74816723790963,24.314233137075284,76.57570163002707,69.4762667557029,935.4022419198808,934.8171330026124,,,,,,,
2025,2,1581,DF,473.0,23.67214775096812,22.17464998510575,73.51775589376304,66.34903129657229,895.6300565981533,895.1231456657731,,,,,,,
